x,y,z,success,ik_ms,wait_ms,total_ms
-0.25,-0.15,0.35,0,6.584851998923114,0.0,6.584851998923114
-0.15,-0.35,0.35,0,6.218550999619765,0.0,6.218550999619765
-0.15,-0.25,0.35,0,7.284665000042878,0.0,7.284665000042878
-0.15,-0.05,0.35,0,6.046983999112854,0.0,6.046983999112854
-0.05,-0.35,0.35,0,7.068308997986605,0.0,7.068308997986605
-0.05,-0.25,0.35,0,8.176733997970587,0.0,8.176733997970587
-0.05,-0.15,0.35,0,7.8303640002559405,0.0,7.8303640002559405
0.05,-0.35,0.35,0,6.675681001070188,0.0,6.675681001070188
0.05,-0.25,0.35,0,10.971248000714695,0.0,10.971248000714695
0.05,-0.15,0.35,0,7.019466000201646,0.0,7.019466000201646
0.15,-0.25,0.35,0,6.591821998881642,0.0,6.591821998881642
0.15,-0.05,0.35,0,6.03914800012717,0.0,6.03914800012717
-0.35,-0.15,0.45,0,6.810288999986369,0.0,6.810288999986369
-0.25,-0.35,0.45,0,8.217530998081202,0.0,8.217530998081202
-0.25,-0.25,0.45,0,6.9313370004238095,0.0,6.9313370004238095
-0.15,-0.45,0.45,0,7.079691997205373,0.0,7.079691997205373
-0.15,-0.35,0.45,0,6.4831920026335865,0.0,6.4831920026335865
-0.15,-0.25,0.45,0,11.872544000652852,0.0,11.872544000652852
-0.15,-0.05,0.45,0,9.296410000388278,0.0,9.296410000388278
-0.05,-0.45,0.45,0,10.832230000232812,0.0,10.832230000232812
0.05,-0.45,0.45,0,8.138418997987173,0.0,8.138418997987173
0.05,-0.35,0.45,0,8.878841999830911,0.0,8.878841999830911
0.05,-0.25,0.45,0,6.842105001851451,0.0,6.842105001851451
0.15,-0.45,0.45,0,7.351737000135472,0.0,7.351737000135472
0.25,-0.35,0.45,0,6.220036000740947,0.0,6.220036000740947
0.25,-0.25,0.45,0,6.94826100152568,0.0,6.94826100152568
0.35,-0.15,0.45,0,7.7521200000774115,0.0,7.7521200000774115
-0.35,-0.35,0.55,0,10.017509997851448,0.0,10.017509997851448
-0.35,-0.25,0.55,0,7.767543000227306,0.0,7.767543000227306
-0.35,-0.15,0.55,0,7.144932998926379,0.0,7.144932998926379
-0.35,-0.05,0.55,0,7.181286000559339,0.0,7.181286000559339
-0.25,-0.45,0.55,0,9.904911999910837,0.0,9.904911999910837
-0.25,-0.35,0.55,0,13.641566998558119,0.0,13.641566998558119
-0.25,-0.25,0.55,0,8.62975099880714,0.0,8.62975099880714
-0.25,-0.15,0.55,0,9.445427000173368,0.0,9.445427000173368
-0.25,-0.05,0.55,1,4.866805000347085,0.3837809999822639,5.250586000329349
-0.25,0.05,0.55,1,1.5701750016887672,0.3377009961695876,1.9078759978583548
-0.15,-0.45,0.55,0,9.842250001383945,0.0,9.842250001383945
-0.15,-0.35,0.55,0,11.142282997752773,0.0,11.142282997752773
-0.15,-0.25,0.55,0,10.463633996550925,0.0,10.463633996550925
-0.15,-0.15,0.55,1,2.2669870013487525,0.3284739977971185,2.595460999145871
-0.15,-0.05,0.55,1,1.628904003155185,0.24643699725857005,1.875341000413755
-0.15,0.05,0.55,1,4.884513000433799,0.2622169995447621,5.146729999978561
-0.05,-0.45,0.55,0,10.354898000514368,0.0,10.354898000514368
-0.05,-0.35,0.55,0,10.198117000982165,0.0,10.198117000982165
-0.05,-0.25,0.55,0,10.950436997518409,0.0,10.950436997518409
0.05,-0.45,0.55,0,10.602815000311239,0.0,10.602815000311239
0.05,-0.35,0.55,0,11.22372800091398,0.0,11.22372800091398
0.15,-0.45,0.55,0,12.579875998198986,0.0,12.579875998198986
0.15,-0.35,0.55,0,8.680909999384312,0.0,8.680909999384312
0.15,-0.25,0.55,0,12.011586997687118,0.0,12.011586997687118
0.15,-0.15,0.55,0,8.254262000264134,0.0,8.254262000264134
0.25,-0.45,0.55,0,9.407941000972642,0.0,9.407941000972642
0.25,-0.35,0.55,0,8.906066999770701,0.0,8.906066999770701
0.25,-0.25,0.55,0,11.632186000497313,0.0,11.632186000497313
0.25,-0.15,0.55,0,9.406457000295632,0.0,9.406457000295632
0.25,-0.05,0.55,1,4.855693998251809,0.4075309989275411,5.26322499717935
0.35,-0.35,0.55,0,12.436623997928109,0.0,12.436623997928109
0.35,-0.25,0.55,0,11.355654001818039,0.0,11.355654001818039
0.35,-0.15,0.55,0,10.21371599927079,0.0,10.21371599927079
0.35,-0.05,0.55,0,8.193949000997236,0.0,8.193949000997236
-0.35,-0.25,0.65,0,10.885312000027625,0.0,10.885312000027625
-0.35,-0.05,0.65,1,2.5607090028643142,0.32598699908703566,2.88669600195135
-0.25,-0.45,0.65,0,7.932331998745212,0.0,7.932331998745212
-0.25,-0.35,0.65,0,9.968009999283822,0.0,9.968009999283822
-0.25,-0.25,0.65,0,7.580526002129773,0.0,7.580526002129773
-0.25,-0.15,0.65,0,6.911235999723431,0.0,6.911235999723431
-0.15,-0.55,0.65,0,7.0676110008207615,0.0,7.0676110008207615
-0.15,-0.45,0.65,0,10.91267800075002,0.0,10.91267800075002
-0.15,-0.35,0.65,0,6.672407002042746,0.0,6.672407002042746
-0.15,-0.25,0.65,0,6.94208200002322,0.0,6.94208200002322
-0.15,-0.15,0.65,1,1.5893969975877553,0.36083600571146235,1.9502330032992177
-0.15,-0.05,0.65,1,1.6660740002407692,0.33259599877055734,1.9986699990113266
-0.15,0.05,0.65,1,2.2187609974935185,0.27947500348091125,2.4982360009744298
-0.05,-0.55,0.65,0,9.737579999637092,0.0,9.737579999637092
-0.05,-0.45,0.65,0,9.539893002511235,0.0,9.539893002511235
-0.05,-0.35,0.65,0,9.857362001639558,0.0,9.857362001639558
0.05,-0.45,0.65,0,8.647321999887936,0.0,8.647321999887936
0.05,-0.35,0.65,0,7.276443997398019,0.0,7.276443997398019
0.15,-0.55,0.65,0,8.399394999287324,0.0,8.399394999287324
0.15,-0.45,0.65,0,8.907185998396017,0.0,8.907185998396017
0.15,-0.35,0.65,0,7.760843996948097,0.0,7.760843996948097
0.15,-0.25,0.65,0,10.54009200015571,0.0,10.54009200015571
0.15,-0.15,0.65,1,4.148766001890181,0.3245109983254224,4.473277000215603
0.15,0.05,0.65,1,2.584404999652179,0.2823569993779529,2.866761999030132
0.25,-0.45,0.65,0,7.414473002427258,0.0,7.414473002427258
0.25,-0.35,0.65,0,11.752223002986284,0.0,11.752223002986284
0.25,-0.25,0.65,0,8.702192000782816,0.0,8.702192000782816
0.25,-0.15,0.65,0,8.28395700227702,0.0,8.28395700227702
0.25,-0.05,0.65,1,8.054857000388438,0.326888999552466,8.381745999940904
0.35,-0.35,0.65,0,9.59255600173492,0.0,9.59255600173492
0.35,-0.25,0.65,0,7.691082999372156,0.0,7.691082999372156
0.35,-0.15,0.65,0,9.716492997540627,0.0,9.716492997540627
0.35,-0.05,0.65,1,3.925237000657944,0.41322999823023565,4.33846699888818
0.35,0.05,0.65,1,1.262363999558147,0.2977279982587788,1.5600919978169259
-0.35,-0.35,0.75,1,3.692455000418704,0.27554199914447963,3.9679969995631836
-0.35,-0.25,0.75,0,9.212394998030504,0.0,9.212394998030504
-0.35,-0.15,0.75,0,8.224946002883371,0.0,8.224946002883371
-0.35,-0.05,0.75,1,1.4916520012775436,0.32070699671749026,1.8123589979950339
-0.35,0.05,0.75,0,10.316168001736514,0.0,10.316168001736514
-0.25,-0.45,0.75,0,9.243690998118836,0.0,9.243690998118836
-0.25,-0.35,0.75,1,3.0196709994925186,0.34650500310817733,3.366176002600696
-0.25,-0.25,0.75,0,9.466070001508342,0.0,9.466070001508342
-0.25,-0.15,0.75,0,8.580587997130351,0.0,8.580587997130351
-0.25,-0.05,0.75,1,2.4059479983407073,0.30775200139032677,2.713699999731034
-0.25,0.05,0.75,1,4.442636996827787,0.23229000362334773,4.6749270004511345
-0.15,-0.45,0.75,1,3.3717359983711503,0.3355549997650087,3.707290998136159
-0.15,-0.35,0.75,1,4.528688001300907,0.29845199605915695,4.827139997360064
-0.15,-0.25,0.75,0,10.166641000978416,0.0,10.166641000978416
-0.15,-0.15,0.75,0,9.258729998691706,0.0,9.258729998691706
-0.15,-0.05,0.75,1,3.993178001110209,0.3740089996426832,4.367187000752892
-0.05,-0.55,0.75,1,6.269759996939683,0.35556600414565764,6.625326001085341
-0.05,-0.45,0.75,0,8.200830001442228,0.0,8.200830001442228
-0.05,-0.35,0.75,0,7.435139999870444,0.0,7.435139999870444
0.05,-0.55,0.75,1,1.2542219992610626,0.4768430007970892,1.7310650000581518
0.05,-0.45,0.75,1,1.7286040019826032,0.3381669957889244,2.0667709977715276
0.05,-0.35,0.75,0,9.091113999602385,0.0,9.091113999602385
0.15,-0.55,0.75,1,1.386406998790335,0.315634002618026,1.702041001408361
0.15,-0.45,0.75,1,2.762961001280928,0.2689889952307567,3.0319499965116847
0.15,-0.35,0.75,1,1.3125350014888681,0.2762359981716145,1.5887709996604826
0.15,-0.25,0.75,0,6.577426000148989,0.0,6.577426000148989
0.15,-0.15,0.75,1,2.867323000828037,0.39214199932757765,3.2594650001556147
0.15,-0.05,0.75,0,9.50448699950357,0.0,9.50448699950357
0.15,0.05,0.75,0,7.407304001390003,0.0,7.407304001390003
0.25,-0.45,0.75,1,3.6619220009015407,0.3710879973368719,4.033009998238413
0.25,-0.35,0.75,1,3.7960949994158,0.32594400181551464,4.122039001231315
0.25,-0.25,0.75,0,10.474895003426354,0.0,10.474895003426354
0.25,-0.05,0.75,0,6.329151998215821,0.0,6.329151998215821
0.25,0.05,0.75,1,2.292548000696115,0.36397299845702946,2.6565209991531447
0.35,-0.35,0.75,1,3.624933000537567,0.32380300035583787,3.9487360008934047
0.35,-0.25,0.75,0,10.049394000816392,0.0,10.049394000816392
0.35,-0.15,0.75,0,8.286443000542931,0.0,8.286443000542931
0.35,-0.05,0.75,1,1.2354350001260173,0.19475399676593952,1.4301889968919568
0.35,0.05,0.75,0,8.718789998965804,0.0,8.718789998965804
