t,x,y,z,success,ik_ms,total_ms,dx,dy,dz,robot_ms,setup_ms,loop_ms,iterations,iter_ms,pos_err_mm,track_err_mm,mem_kb,deadline_missed
1778465808.700349,0.221186,-0.291025,0.522116,1,1.8611,2.0813,0.005186,0.004202,-0.007618,0.001,1.1806,0.6796,1,0.67961,0.4289,0.4289,116104,0
1778465808.75053,0.221208,-0.290936,0.522077,1,0.4394,0.6377,0.005208,0.004291,-0.007657,0.0012,0.1577,0.2805,1,0.28051,0.0491,0.0491,116128,0
1778465808.800721,0.22129,-0.290796,0.521898,1,0.4898,0.7057,0.00529,0.004431,-0.007836,0.0017,0.211,0.2771,1,0.27711,0.0495,0.0495,116140,0
1778465808.85125,0.221601,-0.290658,0.521385,1,0.4323,0.6326,0.005601,0.004569,-0.008349,0.0008,0.1549,0.2766,1,0.27657,0.0536,0.0536,116148,0
1778465808.90134,0.221768,-0.290537,0.521126,1,0.4025,0.5783,0.005768,0.004689,-0.008608,0.001,0.154,0.2475,1,0.24749,0.0551,0.0551,116152,0
1778465808.951447,0.221932,-0.290437,0.520926,1,0.4217,0.623,0.005932,0.00479,-0.008808,0.0011,0.1523,0.2683,1,0.26831,0.0569,0.0569,116156,0
1778465809.001612,0.222057,-0.29029,0.520851,1,0.4529,0.6535,0.006057,0.004936,-0.008884,0.001,0.1727,0.2791,1,0.27914,0.0577,0.0577,116164,0
1778465809.051677,0.222357,-0.290072,0.52107,1,0.4124,0.595,0.006357,0.005154,-0.008664,0.0011,0.1535,0.2578,1,0.25777,0.0591,0.0591,116168,0
1778465809.101779,0.222641,-0.290347,0.52148,1,0.4867,0.6743,0.006641,0.00488,-0.008254,0.0011,0.1684,0.3172,1,0.31721,0.0603,0.0603,116176,0
1778465809.15213,0.222984,-0.290544,0.522048,1,0.4127,0.6049,0.006984,0.004682,-0.007686,0.001,0.1499,0.2618,1,0.26183,0.0612,0.0612,116184,0
1778465809.202227,0.223536,-0.290692,0.522779,1,0.4301,0.6422,0.007536,0.004535,-0.006956,0.001,0.1543,0.2748,1,0.2748,0.0634,0.0634,116188,0
1778465809.252338,0.225972,-0.290465,0.525293,1,0.443,0.6278,0.009972,0.004761,-0.004441,0.0009,0.1528,0.2893,1,0.28928,0.0895,0.0895,116196,0
1778465809.302437,0.227611,-0.289909,0.527069,1,0.4706,0.6615,0.011611,0.005318,-0.002666,0.001,0.1663,0.3033,1,0.30328,0.0853,0.0853,116204,0
1778465809.35256,0.229529,-0.289065,0.529159,1,0.4322,0.6296,0.013529,0.006162,-0.000576,0.0009,0.1537,0.2776,1,0.27761,0.0962,0.0962,116208,0
1778465809.402723,0.231754,-0.288328,0.531406,1,0.4779,0.688,0.015754,0.006899,0.001672,0.0012,0.1688,0.3079,1,0.30789,0.1067,0.1067,116224,0
1778465809.452902,0.238629,-0.28625,0.536397,1,0.4587,0.6822,0.022629,0.008977,0.006663,0.0013,0.1718,0.2857,1,0.28565,0.2386,0.2386,116232,0
1778465809.502993,0.243053,-0.28508,0.53894,1,0.417,0.599,0.027053,0.010147,0.009206,0.001,0.1572,0.2588,1,0.25882,0.173,0.173,116236,0
1778465809.55306,0.24826,-0.283239,0.541862,1,0.426,0.6234,0.03226,0.011987,0.012128,0.0008,0.1614,0.2638,1,0.2638,0.2136,0.2136,116240,0
1778465809.603166,0.254513,-0.281086,0.545055,1,0.4516,0.6416,0.038513,0.014141,0.01532,0.0013,0.1676,0.2828,1,0.28276,0.2638,0.2638,116260,0
1778465809.653263,0.269547,-0.277061,0.551893,1,0.4395,0.6543,0.053547,0.018166,0.022158,0.0009,0.164,0.2745,1,0.27455,0.8604,0.8604,116264,0
1778465809.703372,0.278581,-0.27567,0.555286,1,0.445,0.6373,0.062581,0.019557,0.025552,0.0011,0.1656,0.2784,1,0.27837,0.4633,0.4633,116264,0
1778465809.753536,0.288362,-0.273529,0.558276,1,0.4255,0.6114,0.072362,0.021697,0.028542,0.0009,0.1497,0.2749,1,0.27491,0.5627,0.5627,116272,0
1778465809.80369,0.299823,-0.271609,0.561749,1,0.4328,0.6228,0.083823,0.023617,0.032015,0.0012,0.1693,0.2622,1,0.2622,0.7338,0.7338,116276,0
1778465809.853775,0.322576,-0.269774,0.568713,1,0.411,0.6028,0.106576,0.025453,0.038979,0.0009,0.1474,0.2627,1,0.26268,2.075,2.075,116280,0
1778465809.903962,0.335217,-0.268549,0.572502,1,0.4252,0.627,0.119217,0.026678,0.042767,0.0012,0.159,0.2651,1,0.26505,1.2498,1.2498,116288,0
1778465809.954068,0.347235,-0.267135,0.576334,1,0.4381,0.6365,0.131235,0.028092,0.046599,0.001,0.1726,0.2644,1,0.26443,1.3909,1.3909,116292,0
1778465810.004188,0.359962,-0.264673,0.580277,1,0.4661,0.6564,0.143962,0.030554,0.050543,0.0011,0.1702,0.2947,1,0.29473,1.7213,1.7213,116308,0
1778465810.054299,0.384965,-0.257181,0.585893,1,0.5826,0.7726,0.168965,0.038046,0.056159,0.0011,0.1661,0.4153,2,0.20767,2.1093,2.1093,116316,0
1778465810.104445,0.397349,-0.252464,0.5877,1,0.5909,0.7844,0.181349,0.042763,0.057966,0.0012,0.1701,0.4196,2,0.20981,2.98,2.98,116324,0
1778465810.154634,0.4,-0.247611,0.588703,1,24.3011,25.8608,0.192668,0.047616,0.058969,0.0012,0.173,24.1269,250,0.09651,3.1409,3.1409,116340,0
1778465810.204816,0.4,-0.242883,0.589478,1,0.536,0.6847,0.202802,0.052344,0.059743,0.0007,0.1321,0.4032,2,0.2016,2.9536,2.9536,116340,0
1778465810.255138,0.4,-0.231883,0.589353,1,0.555,0.7469,0.2232,0.063343,0.059619,0.0008,0.1544,0.3998,2,0.1999,2.6622,2.6622,116344,0
1778465810.305241,0.4,-0.226806,0.58888,1,0.4175,0.6103,0.23229,0.068421,0.059146,0.001,0.1528,0.2636,1,0.26363,2.679,2.679,116348,0
1778465810.355447,0.4,-0.222346,0.588897,1,0.4354,0.6476,0.240631,0.07288,0.059162,0.001,0.1568,0.2777,1,0.2777,2.5626,2.5626,116356,0
1778465810.405621,0.4,-0.217733,0.588805,1,0.4149,1.1806,0.248701,0.077494,0.05907,0.0014,0.163,0.2506,1,0.25055,2.483,2.483,116360,0
1778465810.455819,0.4,-0.209464,0.587226,1,0.4265,1.4113,0.264366,0.085763,0.057492,0.0013,0.1654,0.2598,1,0.25982,2.4448,2.4448,116364,0
1778465810.505948,0.4,-0.205504,0.586387,1,0.4021,3.4325,0.270575,0.089723,0.056653,0.001,0.1489,0.2522,1,0.25225,2.313,2.313,116368,0
1778465810.556456,0.4,-0.201166,0.585839,1,0.4324,0.6348,0.274953,0.094061,0.056105,0.0008,0.1553,0.2762,1,0.27622,2.2889,2.2889,116372,0
1778465810.606642,0.4,-0.198085,0.585466,1,0.4396,0.6397,0.277938,0.097142,0.055732,0.0015,0.1713,0.2669,1,0.26688,2.2432,2.2432,116376,0
1778465810.656798,0.4,-0.19415,0.583772,1,0.4126,0.607,0.283647,0.101077,0.054038,0.0011,0.1545,0.2571,1,0.25708,2.2303,2.2303,116380,0
1778465810.706951,0.4,-0.193549,0.582964,1,0.416,0.6011,0.284861,0.101678,0.05323,0.001,0.1508,0.2641,1,0.26415,2.2149,2.2149,116384,0
1778465810.757079,0.4,-0.194626,0.582727,1,0.449,0.673,0.28598,0.100601,0.052992,0.0012,0.1575,0.2903,1,0.29029,2.2256,2.2256,116392,0
1778465810.807176,0.4,-0.196978,0.582344,1,0.4479,0.6592,0.287401,0.098249,0.05261,0.0009,0.1683,0.2787,1,0.27868,2.247,2.247,116400,0
1778465810.857265,0.4,-0.200458,0.579992,1,0.447,0.6401,0.290422,0.094769,0.050258,0.001,0.1505,0.2954,1,0.29542,2.3131,2.3131,116404,0
1778465810.907381,0.4,-0.201148,0.578851,1,0.4487,0.6458,0.291311,0.094079,0.049117,0.001,0.1399,0.3078,1,0.30778,2.3501,2.3501,116408,0
1778465810.9592,0.4,-0.202054,0.578267,1,0.4211,0.6306,0.291338,0.093173,0.048533,0.0011,0.1527,0.2673,1,0.26727,2.3758,2.3758,116412,0
1778465811.009366,0.4,-0.204317,0.578265,1,0.4397,0.6175,0.293215,0.090909,0.048531,0.0012,0.1624,0.2761,1,0.27613,2.3993,2.3993,116416,0
1778465811.059605,0.4,-0.208441,0.579236,1,0.4304,0.6253,0.299298,0.086785,0.049501,0.0013,0.1638,0.2654,1,0.26539,2.4318,2.4318,116420,0
1778465811.10978,0.4,-0.208865,0.579615,1,0.4029,0.57,0.299742,0.086361,0.049881,0.0009,0.1408,0.2612,1,0.26119,2.429,2.429,116420,0
1778465811.159971,0.4,-0.209671,0.580088,1,0.4509,0.6427,0.299458,0.085556,0.050354,0.0008,0.1647,0.2855,1,0.28548,2.4273,2.4273,116424,0
1778465811.210076,0.4,-0.20997,0.5801,1,0.5662,1.3184,0.296463,0.085257,0.050366,0.0009,0.1703,0.395,1,0.395,2.4302,2.4302,117832,0
1778465811.260166,0.4,-0.209792,0.579976,1,0.4415,0.6566,0.287894,0.085435,0.050241,0.0007,0.172,0.2688,1,0.26876,2.4444,2.4444,117844,0
1778465811.310256,0.4,-0.210068,0.581322,1,0.4814,0.6686,0.282974,0.085158,0.051588,0.0009,0.1659,0.3146,1,0.31459,2.4475,2.4475,117852,0
1778465811.360345,0.4,-0.209483,0.583661,1,0.4481,0.6397,0.274309,0.085744,0.053927,0.0009,0.1504,0.2969,1,0.29685,2.43,2.43,117856,0
1778465811.410771,0.4,-0.207986,0.589152,1,0.4697,0.7972,0.25052,0.087241,0.059418,0.0007,0.1595,0.3094,1,0.30942,2.4375,2.4375,117864,0
1778465811.460948,0.4,-0.208251,0.592226,1,0.4825,0.7163,0.23821,0.086976,0.062491,0.001,0.1748,0.3066,1,0.3066,2.2925,2.2925,117868,0
1778465811.511051,0.4,-0.209582,0.594803,1,0.2726,0.3797,0.227771,0.085645,0.065069,0.0004,0.1068,0.1654,1,0.16541,2.2704,2.2704,117876,0
1778465811.561132,0.4,-0.211665,0.597733,1,0.2907,0.421,0.215547,0.083562,0.067999,0.0006,0.1084,0.1816,1,0.18159,2.2516,2.2516,117884,0
1778465811.611249,0.4,-0.217851,0.601863,1,0.4038,0.5907,0.189646,0.077376,0.072129,0.0005,0.1085,0.2947,1,0.29472,2.3217,2.3217,117892,0
1778465811.661331,0.393817,-0.221551,0.603364,1,0.4178,0.6295,0.177817,0.073676,0.07363,0.001,0.1558,0.2609,1,0.26095,2.4104,2.4104,117896,0
1778465811.71143,0.381349,-0.224503,0.604395,1,0.4576,0.656,0.165349,0.070724,0.074661,0.0008,0.1703,0.2864,1,0.28643,2.6058,2.6058,117904,0
1778465811.761517,0.367072,-0.226826,0.603311,1,0.4342,0.6172,0.151072,0.068401,0.073576,0.0011,0.161,0.2721,1,0.27207,1.9676,1.9676,117908,0
1778465811.811792,0.342494,-0.233734,0.600217,1,0.5978,0.7791,0.126494,0.061492,0.070483,0.0009,0.1557,0.4412,2,0.22061,0.7773,0.7773,117920,0
1778465811.861956,0.329171,-0.239752,0.599558,1,0.4382,0.6289,0.113171,0.055475,0.069824,0.001,0.1656,0.2716,1,0.27163,1.0715,1.0715,117928,0
1778465811.912266,0.313095,-0.245578,0.599062,1,0.4319,0.6474,0.097095,0.049648,0.069328,0.001,0.1502,0.2806,1,0.2806,1.1104,1.1104,117932,0
1778465811.962353,0.293917,-0.251882,0.597582,1,0.3932,0.5838,0.077917,0.043345,0.067848,0.0007,0.1382,0.2543,1,0.25432,1.3736,1.3736,117940,0
1778465812.012532,0.257324,-0.266086,0.593417,1,0.5866,0.7602,0.041324,0.029141,0.063683,0.0011,0.1589,0.4266,2,0.21328,0.299,0.299,117952,0
1778465812.062672,0.23985,-0.274307,0.590883,1,0.4834,0.6841,0.02385,0.02092,0.061148,0.0011,0.1779,0.3043,1,0.3043,1.1562,1.1562,117956,0
1778465812.112854,0.222911,-0.280871,0.587679,1,0.4515,0.6395,0.006911,0.014356,0.057945,0.0009,0.1678,0.2828,1,0.28277,1.1905,1.1905,117960,0
1778465812.163054,0.209398,-0.28513,0.584881,1,0.4168,0.6121,-0.006602,0.010096,0.055146,0.0009,0.1557,0.2603,1,0.26025,0.7044,0.7044,117964,0
1778465812.213145,0.183087,-0.290302,0.578803,1,0.4191,0.6201,-0.032913,0.004925,0.049068,0.001,0.15,0.268,1,0.26803,2.7371,2.7371,117972,0
1778465812.263245,0.171809,-0.291299,0.575968,1,0.4153,0.613,-0.044191,0.003928,0.046233,0.001,0.1513,0.2629,1,0.26292,2.0827,2.0827,117976,0
1778465812.313345,0.160422,-0.29161,0.572386,1,0.6191,0.8047,-0.055578,0.003617,0.042652,0.0009,0.1695,0.4487,2,0.22433,0.9435,0.9435,117984,0
1778465812.363495,0.149232,-0.2922,0.568634,1,0.5913,0.7962,-0.066768,0.003027,0.0389,0.0014,0.1621,0.4279,2,0.21393,1.2077,1.2077,117984,0
1778465812.413668,0.129897,-0.294338,0.56193,1,0.6997,0.8957,-0.086103,0.000889,0.032196,0.0011,0.2007,0.4979,2,0.24896,2.3999,2.3999,117996,0
1778465812.463964,0.121147,-0.295222,0.558417,1,0.6895,0.8974,-0.094853,5e-06,0.028683,0.001,0.157,0.5315,3,0.17716,0.6721,0.6721,118004,0
1778465812.514066,0.113209,-0.296082,0.555456,1,0.7171,0.8911,-0.102791,-0.000855,0.025722,0.0011,0.1605,0.5555,3,0.18516,0.7068,0.7068,118008,0
1778465812.564161,0.10522,-0.296539,0.552096,1,0.7089,0.9097,-0.11078,-0.001312,0.022361,0.0011,0.1556,0.5522,3,0.18406,0.7368,0.7368,118012,0
1778465812.614249,0.091032,-0.296993,0.546261,1,0.6938,0.8813,-0.124968,-0.001767,0.016526,0.0011,0.1485,0.5442,3,0.18141,0.7852,0.7852,118016,0
1778465812.66435,0.08518,-0.296715,0.543847,1,0.7323,0.9146,-0.13082,-0.001488,0.014112,0.0013,0.1674,0.5636,3,0.18786,0.8017,0.8017,118020,0
1778465812.714537,0.081375,-0.296286,0.542177,1,0.6959,0.8834,-0.134625,-0.001059,0.012443,0.0011,0.1602,0.5346,3,0.17822,0.8091,0.8091,118024,0
1778465812.764719,0.078923,-0.295917,0.541132,1,0.7508,0.964,-0.137077,-0.00069,0.011398,0.001,0.177,0.5729,3,0.19096,0.8127,0.8127,118028,0
1778465812.814824,0.078347,-0.295675,0.540604,1,0.7563,0.9517,-0.137653,-0.000448,0.01087,0.0012,0.1739,0.5812,3,0.19375,0.8122,0.8122,118036,0
1778465812.864865,0.078871,-0.29542,0.54044,1,0.7412,0.9327,-0.137129,-0.000193,0.010706,0.0009,0.1618,0.5785,3,0.19283,0.8082,0.8082,118040,0
1778465812.915073,0.080427,-0.294816,0.53994,1,0.7159,0.8972,-0.135573,0.000411,0.010205,0.0012,0.1571,0.5576,3,0.18588,0.7968,0.7968,118044,0
1778465812.965171,0.082214,-0.294579,0.539458,1,0.7143,1.5571,-0.133786,0.000647,0.009724,0.0011,0.1633,0.55,3,0.18332,0.7854,0.7854,118048,0
1778465813.015377,0.087041,-0.295771,0.537925,1,0.8681,1.5486,-0.128959,-0.000545,0.008191,0.0012,0.1803,0.6866,3,0.22885,0.7707,0.7707,118052,0
1778465813.06555,0.089811,-0.297442,0.537034,1,0.8216,3.743,-0.126189,-0.002215,0.0073,0.0012,0.1595,0.6609,3,0.22031,0.7507,0.7507,118068,0
1778465813.115641,0.09292,-0.300897,0.536292,1,0.7099,1.3778,-0.12308,-0.00567,0.006558,0.001,0.1608,0.5481,3,0.1827,0.7439,0.7439,118072,0
1778465813.165824,0.09681,-0.306386,0.535853,1,0.6747,1.6345,-0.11919,-0.01116,0.006119,0.0009,0.1386,0.5352,3,0.17841,0.7426,0.7426,118076,0
1778465813.215891,0.106366,-0.322719,0.536977,1,0.833,1.0507,-0.109634,-0.027493,0.007242,0.0009,0.1667,0.6654,3,0.22179,0.8493,0.8493,118084,0
1778465813.265986,0.111598,-0.332264,0.538504,1,0.7063,0.9062,-0.104402,-0.037037,0.00877,0.0009,0.162,0.5435,3,0.18116,0.8093,0.8093,118088,0
1778465813.316407,0.117534,-0.344026,0.540968,1,0.7019,1.0325,-0.098466,-0.048799,0.011234,0.001,0.1539,0.547,3,0.18234,0.8957,0.8957,118092,0
1778465813.366813,0.122776,-0.355759,0.544159,1,0.7658,0.9717,-0.093224,-0.060532,0.014425,0.001,0.1759,0.589,3,0.19632,1.0029,1.0029,118096,0
1778465813.417828,0.133231,-0.381375,0.552842,1,0.4086,0.5235,-0.082769,-0.086148,0.023108,0.0006,0.1121,0.2958,3,0.09861,1.5991,1.5991,118100,0
1778465813.46953,0.138419,-0.393507,0.557733,1,0.3208,0.6182,-0.077581,-0.09828,0.027999,0.0003,0.076,0.2445,3,0.0815,1.4907,1.4907,118100,0
1778465813.519996,0.144649,-0.405517,0.562784,1,0.6737,0.8848,-0.071351,-0.11029,0.033049,0.001,0.1466,0.5261,3,0.17535,1.4814,1.4814,118104,0
1778465813.570098,0.151476,-0.417843,0.567125,1,0.6784,0.8513,-0.064524,-0.122616,0.03739,0.001,0.1466,0.5308,3,0.17692,1.2877,1.2877,118108,0
1778465813.620193,0.168587,-0.441366,0.57431,1,0.6867,0.8559,-0.047413,-0.146139,0.044576,0.001,0.1466,0.539,3,0.17967,0.6735,0.6735,118116,0
1778465813.670295,0.178185,-0.45,0.577407,1,0.7018,0.8814,-0.037815,-0.157945,0.047672,0.001,0.1552,0.5456,3,0.18187,0.4288,0.4288,118120,0
1778465813.720402,0.188697,-0.45,0.580632,1,0.7019,0.8959,-0.027303,-0.170801,0.050897,0.001,0.1526,0.5484,3,0.18281,0.4269,0.4269,118128,0
1778465813.771044,0.216257,-0.45,0.586626,1,0.5698,0.7704,0.000257,-0.200197,0.056892,0.001,0.1464,0.4223,2,0.21116,1.9058,1.9058,118148,0
1778465813.821133,0.229545,-0.45,0.589212,1,0.5936,0.7762,0.013545,-0.211241,0.059478,0.0008,0.1706,0.4222,2,0.21112,1.0635,1.0635,118152,0
1778465813.871246,0.245195,-0.45,0.591617,1,0.5936,0.7918,0.029195,-0.220172,0.061883,0.0009,0.1769,0.4158,2,0.20789,1.2094,1.2094,118152,0
1778465813.921343,0.262778,-0.45,0.593565,1,0.5701,0.7536,0.046778,-0.227735,0.063831,0.0013,0.153,0.4158,2,0.2079,1.584,1.584,118156,0
1778465813.971445,0.291241,-0.45,0.596729,1,22.7975,24.4241,0.075241,-0.233753,0.066995,0.0011,0.1575,22.6389,250,0.09056,3.1606,3.1606,118168,0
1778465814.021612,0.31051,-0.45,0.599008,1,19.0458,20.7963,0.09451,-0.22987,0.069274,0.001,0.1248,18.9199,250,0.07568,7.6411,7.6411,118168,0
1778465814.071791,0.31051,-0.45,0.599008,0,19.1166,20.3279,0.110067,-0.220079,0.070422,0.001,0.1496,18.966,250,0.07586,36.1949,36.1949,118172,0
1778465814.121963,0.31051,-0.45,0.599008,0,20.7845,21.8798,0.124956,-0.207166,0.070911,0.0008,0.1603,20.6234,250,0.08249,35.3012,35.3012,118176,0
1778465814.172066,0.31051,-0.45,0.599008,0,19.5792,20.165,0.148869,-0.1726,0.073835,0.0008,0.1559,19.4225,250,0.07769,49.2591,49.2591,118180,0
1778465814.222188,0.31051,-0.45,0.599008,0,19.8449,22.9593,0.160187,-0.155371,0.076428,0.0008,0.1595,19.6846,250,0.07874,56.3206,56.3206,118184,0
1778465814.272345,0.31051,-0.45,0.599008,0,20.5561,21.4639,0.170349,-0.139741,0.079207,0.0007,0.1502,20.4052,250,0.08162,54.9769,54.9769,118188,0
1778465814.322445,0.31051,-0.45,0.599008,0,19.8311,20.9382,0.181784,-0.125951,0.082676,0.0008,0.1595,19.6708,250,0.07868,55.6281,55.6281,118204,0
1778465814.372568,0.31051,-0.45,0.599008,0,20.1664,21.1199,0.199043,-0.09627,0.089182,0.0008,0.1991,19.9665,250,0.07987,43.2556,43.2556,118216,0
1778465814.422726,0.31051,-0.45,0.599008,0,21.4617,23.4236,0.207904,-0.082663,0.093259,0.0008,0.1769,21.2839,250,0.08514,37.7696,37.7696,118228,0
1778465814.472846,0.31051,-0.45,0.599008,0,28.4776,31.0574,0.215554,-0.069281,0.097579,0.001,0.1827,28.2939,250,0.11318,56.5419,56.5419,118232,0
1778465814.522931,0.31051,-0.45,0.599008,0,24.1986,27.3306,0.222318,-0.056331,0.102092,0.0006,0.1417,24.0563,250,0.09623,15.275,15.275,118236,0
1778465814.57301,0.4,-0.321398,0.641216,1,20.131,20.764,0.234683,-0.026171,0.111481,0.0006,0.131,19.9995,250,0.08,6.0754,6.0754,118236,0
1778465814.623113,0.4,-0.30751,0.645513,1,20.2921,21.261,0.241755,-0.012283,0.115779,0.0009,0.1593,20.1319,250,0.08053,4.1449,4.1449,118240,0
1778465814.673291,0.4,-0.295544,0.648611,1,26.4419,27.8035,0.248156,-0.000317,0.118877,0.0011,0.1691,26.2718,250,0.10509,3.2496,3.2496,118244,0
1778465814.723517,0.4,-0.28568,0.65,1,0.7257,0.971,0.253516,0.009547,0.121117,0.0013,0.1775,0.547,2,0.27348,2.7419,2.7419,118248,0
1778465814.773663,0.4,-0.27042,0.65,1,0.5469,0.722,0.259541,0.024807,0.122426,0.0009,0.1557,0.3903,2,0.19515,2.293,2.293,118256,0
1778465814.823761,0.4,-0.266851,0.65,1,0.4304,0.6165,0.260605,0.028376,0.121813,0.001,0.1609,0.2685,1,0.26852,2.3272,2.3272,118256,0
1778465814.873933,0.4,-0.266112,0.65,1,0.4504,0.653,0.260761,0.029115,0.121137,0.0011,0.168,0.2813,1,0.2813,2.2452,2.2452,118256,0
1778465814.924022,0.4,-0.267538,0.65,1,0.4222,0.6276,0.26065,0.027688,0.120799,0.0013,0.1524,0.2686,1,0.26855,2.2576,2.2576,118256,0
1778465814.974129,0.4,-0.274144,0.649647,1,0.4457,0.6484,0.260223,0.021083,0.119912,0.0011,0.1602,0.2845,1,0.28449,2.4314,2.4314,118256,0
1778465815.024215,0.4,-0.277043,0.649786,1,0.4211,0.6104,0.258827,0.018184,0.120052,0.0011,0.1484,0.2716,1,0.27158,2.4942,2.4942,118260,0
1778465815.074317,0.4,-0.278929,0.649536,1,0.4583,0.6487,0.256893,0.016298,0.119801,0.0008,0.1716,0.2859,1,0.28585,2.5582,2.5582,118260,0
1778465815.124594,0.4,-0.279845,0.648955,1,0.3349,0.5146,0.254716,0.015381,0.11922,0.0005,0.129,0.2054,1,0.20541,2.606,2.606,118260,0
1778465815.174703,0.4,-0.277055,0.64671,1,0.3048,0.4543,0.244762,0.018172,0.116976,0.0005,0.1223,0.1821,1,0.18211,2.6539,2.6539,118264,0
1778465815.224797,0.4,-0.273865,0.644707,1,0.5939,0.7826,0.23661,0.021362,0.114972,0.0004,0.3068,0.2867,1,0.28675,2.6097,2.6097,118264,0
1778465815.274961,0.4,-0.268654,0.641037,1,0.4234,0.6201,0.223453,0.026573,0.111303,0.0009,0.1519,0.2706,1,0.27063,2.597,2.597,118264,0
1778465815.325178,0.4,-0.263885,0.636397,1,0.4347,0.6382,0.209449,0.031341,0.106663,0.001,0.1555,0.2783,1,0.27826,2.5382,2.5382,118264,0
1778465815.37529,0.393497,-0.255858,0.625346,1,0.4187,0.6395,0.177497,0.039369,0.095612,0.0008,0.1497,0.2683,1,0.26827,2.9863,2.9863,118264,0
1778465815.425412,0.376423,-0.253277,0.619492,1,0.5981,1.4899,0.160423,0.041949,0.089757,0.001,0.1559,0.4412,2,0.2206,1.3723,1.3723,118276,0
1778465815.475503,0.359263,-0.250793,0.6138,1,0.4314,1.2418,0.143263,0.044434,0.084065,0.0011,0.1525,0.2779,1,0.27785,2.5014,2.5014,118276,0
1778465815.525659,0.341815,-0.249095,0.60811,1,0.4866,0.6722,0.125815,0.046131,0.078376,0.001,0.1811,0.3046,1,0.30457,1.9857,1.9857,118276,0
1778465815.575827,0.307678,-0.25047,0.59762,1,0.5941,1.6356,0.091678,0.044757,0.067886,0.0008,0.1558,0.4375,2,0.21876,0.6209,0.6209,118288,0
1778465815.626066,0.290109,-0.254987,0.592908,1,0.4408,1.5579,0.074109,0.04024,0.063173,0.001,0.1541,0.2857,1,0.28571,1.0961,1.0961,118288,0
1778465815.676533,0.272199,-0.261688,0.588967,1,0.4148,2.9433,0.056199,0.033539,0.059233,0.0009,0.1436,0.2703,1,0.27031,1.3918,1.3918,118292,0
1778465815.727783,0.254936,-0.269082,0.585799,1,0.4236,0.614,0.038936,0.026144,0.056065,0.0011,0.1515,0.2709,1,0.27092,1.442,1.442,118292,0
1778465815.777999,0.216708,-0.283213,0.578038,1,0.5629,0.7637,0.000708,0.012014,0.048303,0.0012,0.1561,0.4056,2,0.20281,0.1903,0.1903,118292,0
1778465815.828127,0.196495,-0.288674,0.573063,1,0.4161,0.6026,-0.019505,0.006553,0.043328,0.0012,0.1498,0.2652,1,0.26518,1.6457,1.6457,118292,0
1778465815.878215,0.177916,-0.292539,0.568403,1,0.4309,0.6376,-0.038084,0.002688,0.038669,0.0009,0.1526,0.2774,1,0.27737,1.7161,1.7161,118292,0
1778465815.928316,0.160433,-0.295168,0.563964,1,0.4449,0.6351,-0.055567,5.8e-05,0.03423,0.001,0.1518,0.2921,1,0.29209,1.6814,1.6814,118292,0
1778465815.978507,0.127797,-0.297715,0.553003,1,0.5778,0.765,-0.088203,-0.002488,0.023269,0.0011,0.1515,0.4252,2,0.21262,2.702,2.702,118296,0
1778465816.028652,0.115029,-0.299339,0.548537,1,0.7115,0.8796,-0.100971,-0.004112,0.018803,0.001,0.1777,0.5328,3,0.17759,0.8405,0.8405,118296,0
1778465816.079109,0.102274,-0.301749,0.544665,1,0.4153,0.5471,-0.113726,-0.006522,0.01493,0.0005,0.1152,0.2995,3,0.09984,0.9309,0.9309,118296,0
1778465816.129218,0.09004,-0.305255,0.541758,1,0.738,0.9327,-0.12596,-0.010028,0.012023,0.0011,0.1475,0.5894,3,0.19646,1.0666,1.0666,118300,0
1778465816.179305,0.071492,-0.311693,0.536779,1,0.6827,0.8748,-0.144508,-0.016466,0.007044,0.0008,0.1395,0.5424,3,0.18081,1.4612,1.4612,118300,0
1778465816.229451,0.064956,-0.316885,0.53468,1,0.7721,0.969,-0.151044,-0.021659,0.004946,0.001,0.1607,0.6105,3,0.20349,1.6402,1.6402,118300,0
1778465816.279578,0.060207,-0.323305,0.534182,1,0.727,0.9263,-0.155793,-0.028078,0.004448,0.001,0.1646,0.5614,3,0.18712,1.9982,1.9982,118300,0
1778465816.329778,0.057397,-0.330165,0.535033,1,0.715,0.8977,-0.158603,-0.034938,0.005299,0.0006,0.107,0.6074,3,0.20247,2.5068,2.5068,118300,0
1778465816.379907,0.057382,-0.348005,0.539885,1,0.7992,0.9919,-0.158618,-0.052778,0.010151,0.0008,0.1484,0.65,4,0.16249,1.2024,1.2024,118300,0
1778465816.430015,0.060835,-0.358701,0.543156,1,0.8809,1.0633,-0.155165,-0.063474,0.013421,0.0011,0.1732,0.7066,4,0.17665,1.2756,1.2756,118316,0
1778465816.480116,0.066167,-0.372175,0.546704,1,0.8287,1.023,-0.149833,-0.076948,0.01697,0.0009,0.166,0.6618,4,0.16545,1.5777,1.5777,118316,0
1778465816.530202,0.072666,-0.384561,0.550318,1,0.7994,1.7304,-0.143334,-0.089334,0.020584,0.0009,0.1406,0.6579,4,0.16447,1.8986,1.8986,118316,0
1778465816.580286,0.090762,-0.416289,0.559032,1,0.9348,1.1027,-0.125238,-0.121062,0.029297,0.0009,0.1434,0.7905,5,0.1581,0.8383,0.8383,118328,0
1778465816.630461,0.101847,-0.43149,0.562966,1,0.8347,1.0164,-0.114153,-0.136263,0.033231,0.0009,0.171,0.6628,4,0.16569,2.3502,2.3502,118328,0
1778465816.680643,0.11362,-0.446942,0.566248,1,0.8532,1.0462,-0.10238,-0.151715,0.036514,0.001,0.1759,0.6763,4,0.16907,1.7126,1.7126,118328,0
1778465816.731089,0.145145,-0.45,0.572903,1,0.7644,0.9793,-0.070855,-0.189085,0.043169,0.0012,0.1679,0.5953,3,0.19844,2.7339,2.7339,118328,0
1778465816.781184,0.161003,-0.45,0.576363,1,0.6975,0.8854,-0.054997,-0.205155,0.046629,0.001,0.1572,0.5394,3,0.17979,0.739,0.739,118332,0
1778465816.831281,0.177658,-0.45,0.579723,1,0.7214,0.9035,-0.038342,-0.216453,0.049989,0.0012,0.1643,0.5559,3,0.18532,0.4422,0.4422,118332,0
1778465816.881487,0.195029,-0.45,0.583321,1,0.7057,0.9003,-0.020971,-0.22967,0.053587,0.001,0.1615,0.5432,3,0.18105,0.4574,0.4574,118332,0
1778465816.931647,0.224528,-0.45,0.590882,1,0.6523,0.8468,0.008528,-0.247376,0.061147,0.0011,0.1896,0.4616,2,0.23082,1.8718,1.8718,118332,0
1778465816.981811,0.24057,-0.45,0.595664,1,0.5848,0.7867,0.02457,-0.252421,0.065929,0.001,0.1714,0.4125,2,0.20623,1.1446,1.1446,118332,0
1778465817.031952,0.257637,-0.45,0.60034,1,0.565,0.7459,0.041637,-0.252815,0.070605,0.001,0.1562,0.4078,2,0.20388,1.3591,1.3591,118336,0
1778465817.082051,0.272651,-0.45,0.604353,1,0.6036,0.8137,0.056651,-0.247051,0.074618,0.0011,0.1718,0.4307,2,0.21536,1.7442,1.7442,118336,0
1778465817.132154,0.298864,-0.45,0.612261,1,22.9607,26.3455,0.082864,-0.226708,0.082527,0.0011,0.1729,22.7866,250,0.09115,3.5729,3.5729,118340,0
1778465817.182245,0.312569,-0.45,0.616775,1,20.3641,21.58,0.096569,-0.212136,0.087041,0.0015,0.1563,20.2063,250,0.08083,6.4996,6.4996,118340,0
1778465817.232366,0.312569,-0.45,0.616775,0,21.3042,22.1806,0.1079,-0.191844,0.09155,0.0009,0.1595,21.1437,250,0.08457,15.8731,15.8731,118352,0
1778465817.282534,0.312569,-0.45,0.616775,0,21.391,22.1401,0.12057,-0.173487,0.096667,0.0007,0.12,21.2703,250,0.08508,31.257,31.257,118352,0
1778465817.332602,0.312569,-0.45,0.616775,0,17.2192,18.2643,0.146388,-0.143931,0.106671,0.0007,0.1541,17.0644,250,0.06826,39.2203,39.2203,118352,0
1778465817.382774,0.312569,-0.45,0.616775,0,21.0561,21.6255,0.156754,-0.12378,0.111864,0.0009,0.1697,20.8855,250,0.08354,36.2556,36.2556,118352,0
1778465817.432923,0.312569,-0.45,0.616775,0,22.2681,23.4174,0.165142,-0.103194,0.116734,0.0007,0.1671,22.1003,250,0.0884,33.1692,33.1692,118352,0
1778465817.483129,0.312569,-0.45,0.616775,0,19.7038,22.8395,0.173617,-0.083018,0.122098,0.0007,0.1441,19.559,250,0.07824,28.9955,28.9955,118356,0
1778465817.533309,0.312569,-0.45,0.616775,0,20.6159,21.7392,0.184369,-0.047987,0.129911,0.0008,0.1288,20.4863,250,0.08195,21.3657,21.3657,118356,0
1778465817.583503,0.4,-0.325068,0.65,1,20.5035,21.5262,0.186042,-0.029842,0.132445,0.0008,0.1441,20.3585,250,0.08143,6.3741,6.3741,118356,0
1778465817.633686,0.4,-0.310717,0.65,1,20.8068,21.9639,0.190816,-0.015491,0.135535,0.0009,0.1668,20.6391,250,0.08256,4.4463,4.4463,118356,0
1778465817.683907,0.4,-0.298113,0.65,1,21.8926,23.3364,0.195998,-0.002886,0.138335,0.0011,0.1563,21.7351,250,0.08694,3.5001,3.5001,118356,0
1778465817.73399,0.4,-0.277543,0.65,1,0.5892,0.7474,0.20278,0.017683,0.14063,0.0009,0.1326,0.4556,2,0.22782,2.5681,2.5681,118356,0
1778465817.784084,0.4,-0.269186,0.65,1,0.4304,0.6336,0.204872,0.026041,0.140116,0.001,0.1535,0.2759,1,0.27594,2.7224,2.7224,118356,0
1778465817.834188,0.4,-0.261306,0.65,1,0.4322,0.639,0.205347,0.03392,0.138439,0.0009,0.1598,0.2715,1,0.27153,2.4326,2.4326,118356,0
1778465817.884299,0.4,-0.254066,0.65,1,0.4279,0.6425,0.203523,0.041161,0.135865,0.0011,0.1524,0.2743,1,0.27433,2.2727,2.2727,118356,0
1778465817.934448,0.4,-0.241089,0.65,1,0.4462,0.6416,0.19596,0.054138,0.128676,0.001,0.1614,0.2838,1,0.28381,2.3416,2.3416,118356,0
1778465817.984608,0.4,-0.235632,0.65,1,0.4664,0.6515,0.189878,0.059595,0.12503,0.001,0.1855,0.2799,1,0.27987,1.954,1.954,118360,0
1778465818.034778,0.397835,-0.230556,0.65,1,0.4566,0.6425,0.181835,0.064671,0.120763,0.0008,0.1711,0.2848,1,0.2848,1.9171,1.9171,118360,0
1778465818.084929,0.387786,-0.226191,0.646039,1,0.4706,0.6662,0.171786,0.069035,0.116305,0.0009,0.1637,0.306,1,0.30597,2.2241,2.2241,118368,0
1778465818.13503,0.364874,-0.221885,0.638101,1,0.5799,0.7767,0.148874,0.073341,0.108366,0.001,0.167,0.4119,2,0.20593,1.1004,1.1004,118368,0
1778465818.185239,0.348514,-0.220162,0.633077,1,0.4159,0.6078,0.132514,0.075064,0.103343,0.001,0.1533,0.2616,1,0.26163,1.5087,1.5087,118368,0
1778465818.235838,0.329463,-0.219533,0.62743,1,0.4582,1.1424,0.113463,0.075694,0.097695,0.0009,0.1563,0.3009,1,0.30092,1.6772,1.6772,118368,0
1778465818.286315,0.309224,-0.220452,0.621461,1,0.4766,0.7987,0.093224,0.074774,0.091727,0.0011,0.1715,0.304,1,0.30396,1.5852,1.5852,118368,0
1778465818.336545,0.270856,-0.226588,0.610048,1,0.5749,0.7681,0.054856,0.068639,0.080314,0.0007,0.1455,0.4287,2,0.21436,0.8104,0.8104,118368,0
1778465818.386764,0.252075,-0.231539,0.604812,1,0.4164,0.6156,0.036075,0.063688,0.075078,0.0009,0.145,0.2704,1,0.27043,0.9254,0.9254,118372,0
1778465818.436854,0.232754,-0.237369,0.600164,1,0.4153,0.5961,0.016754,0.057858,0.070429,0.0009,0.1464,0.268,1,0.26798,1.5805,1.5805,118372,0
1778465818.486964,0.215222,-0.244212,0.596266,1,0.4409,0.6366,-0.000778,0.051014,0.066531,0.0012,0.1713,0.2684,1,0.2684,1.617,1.617,118372,0
1778465818.537043,0.180068,-0.26236,0.588816,1,0.5585,0.7549,-0.035932,0.032867,0.059082,0.0007,0.1472,0.4106,2,0.20528,0.457,0.457,118372,0
1778465818.587137,0.164473,-0.27138,0.586458,1,0.4569,0.6838,-0.051527,0.023847,0.056724,0.001,0.1576,0.2984,1,0.29841,1.3034,1.3034,118372,0
1778465818.637202,0.149019,-0.280915,0.584305,1,0.3852,0.5566,-0.066981,0.014311,0.054571,0.0007,0.1338,0.2507,1,0.25072,2.203,2.203,118372,0
1778465818.688637,0.136516,-0.288423,0.582322,1,0.737,0.9132,-0.079484,0.006804,0.052588,0.0008,0.1712,0.565,3,0.18834,1.3369,1.3369,118372,0
1778465818.738708,0.109178,-0.304751,0.576738,1,0.7959,0.9751,-0.106822,-0.009524,0.047004,0.0009,0.1458,0.6491,4,0.16229,1.2623,1.2623,118372,0
1778465818.788919,0.098147,-0.312297,0.574586,1,0.8854,1.0991,-0.117853,-0.017071,0.044851,0.001,0.1595,0.7249,4,0.18122,1.3573,1.3573,118372,0
1778465818.839017,0.088838,-0.319779,0.572995,1,0.8017,0.9847,-0.127162,-0.024552,0.04326,0.0009,0.1589,0.6418,4,0.16045,1.5433,1.5433,118380,0
1778465818.889107,0.082141,-0.325711,0.57215,1,0.8162,0.9898,-0.133859,-0.030484,0.042416,0.0011,0.1506,0.6645,4,0.16613,1.6783,1.6783,118380,0
1778465818.939209,0.074864,-0.337548,0.572686,1,0.8527,1.037,-0.141136,-0.042321,0.042951,0.001,0.1662,0.6855,4,0.17138,2.3063,2.3063,118380,0
1778465818.989326,0.075121,-0.344501,0.574354,1,0.834,1.0164,-0.140879,-0.049274,0.04462,0.0009,0.1649,0.6683,4,0.16707,2.422,2.422,118380,0
1778465819.039452,0.078099,-0.353786,0.576421,1,1.0691,1.2591,-0.137901,-0.058559,0.046687,0.0011,0.232,0.836,5,0.1672,1.2192,1.2192,118380,0
1778465819.08953,0.083608,-0.367514,0.579086,1,0.9785,1.718,-0.132392,-0.072287,0.049352,0.0012,0.2269,0.7504,5,0.15009,1.3501,1.3501,118380,0
1778465819.139599,0.100255,-0.397412,0.584561,1,0.9915,1.1715,-0.115745,-0.102185,0.054826,0.0009,0.2014,0.7892,5,0.15784,1.6122,1.6122,118396,0
1778465819.18968,0.112077,-0.415171,0.58686,1,1.0294,1.2223,-0.103923,-0.119944,0.057125,0.0008,0.231,0.7975,5,0.1595,1.2847,1.2847,118396,0
1778465819.239876,0.125098,-0.433141,0.588042,1,0.9337,1.1197,-0.090902,-0.137914,0.058307,0.0011,0.1761,0.7564,5,0.15129,0.957,0.957,118396,0
1778465819.290045,0.140667,-0.45,0.588621,1,0.8508,1.7647,-0.075333,-0.156921,0.058887,0.0009,0.1476,0.7024,4,0.17559,1.4201,1.4201,118408,0
1778465819.34014,0.17516,-0.45,0.591,1,0.6915,0.8636,-0.04084,-0.189817,0.061266,0.0009,0.1534,0.5372,3,0.17908,0.8606,0.8606,118408,0
1778465819.390216,0.192468,-0.45,0.593028,1,0.6085,0.7707,-0.023532,-0.201196,0.063293,0.0011,0.1311,0.4764,3,0.15879,0.5003,0.5003,118408,0
1778465819.440315,0.209932,-0.45,0.595625,1,0.5533,0.7307,-0.006068,-0.21249,0.065891,0.0009,0.1416,0.4108,2,0.20541,1.8322,1.8322,118408,0
1778465819.490415,0.228847,-0.45,0.598977,1,0.627,1.3457,0.012847,-0.220534,0.069243,0.0011,0.1749,0.4509,2,0.22547,1.1108,1.1108,118408,0
1778465819.54051,0.26578,-0.45,0.605735,1,0.5855,0.7619,0.04978,-0.237263,0.076001,0.0007,0.1523,0.4326,2,0.21629,1.7244,1.7244,118420,0
1778465819.590601,0.283551,-0.45,0.609373,1,0.5738,0.7627,0.067551,-0.242627,0.079638,0.0008,0.1634,0.4096,2,0.20481,2.2487,2.2487,118420,0
1778465819.640699,0.298221,-0.45,0.61312,1,23.7215,24.5577,0.082221,-0.24389,0.083386,0.0011,0.1683,23.552,250,0.09421,3.4935,3.4935,118420,0
1778465819.69082,0.313149,-0.45,0.61738,1,19.0424,20.2402,0.097149,-0.240617,0.087645,0.0009,0.1692,18.8723,250,0.07549,6.6903,6.6903,118420,0
1778465819.740855,0.313149,-0.45,0.61738,0,19.8253,20.9752,0.125641,-0.222992,0.096907,0.001,0.1522,19.6722,250,0.07869,33.3942,33.3942,118424,0
1778465819.790948,0.313149,-0.45,0.61738,0,21.4991,23.1952,0.136331,-0.213489,0.100956,0.0007,0.1322,21.3663,250,0.08547,38.5546,38.5546,118424,0
1778465819.841067,0.313149,-0.45,0.61738,0,22.7572,26.3467,0.151353,-0.197614,0.107506,0.0004,0.1169,22.6399,250,0.09056,46.8061,46.8061,118424,0
1778465819.891423,0.313149,-0.45,0.61738,0,20.5469,22.0527,0.174192,-0.170686,0.118791,0.0008,0.1615,20.3846,250,0.08154,60.9772,60.9772,118428,0
1778465819.941625,0.313149,-0.45,0.61738,0,25.5881,28.9807,0.184953,-0.155939,0.1248,0.0005,0.1165,25.4712,250,0.10188,67.8776,67.8776,118428,0
1778465819.991729,0.313149,-0.45,0.61738,0,13.8041,17.1406,0.19467,-0.140016,0.130562,0.0005,0.1378,13.6658,250,0.05466,60.3981,60.3981,118428,0
1778465820.041897,0.313149,-0.45,0.61738,0,21.6931,22.8993,0.202571,-0.124391,0.13569,0.0008,0.153,21.5393,250,0.08616,53.0076,53.0076,118428,0
1778465820.092038,0.313149,-0.45,0.61738,0,19.6378,20.0704,0.213018,-0.093212,0.144133,0.0011,0.1678,19.4689,250,0.07788,40.6876,40.6876,118428,0
1778465820.142269,0.313149,-0.45,0.61738,0,18.4466,19.2699,0.215434,-0.076093,0.147681,0.0006,0.1577,18.2882,250,0.07315,59.1887,59.1887,118428,0
1778465820.192481,0.313149,-0.45,0.61738,0,21.5298,22.3,0.215155,-0.07436,0.14793,0.0009,0.1452,21.3838,250,0.08554,60.1359,60.1359,118428,0
1778465820.242663,0.313149,-0.45,0.61738,0,19.2012,20.3504,0.214723,-0.077611,0.147225,0.0009,0.1763,19.024,250,0.0761,63.7955,63.7955,118432,0
1778465820.292847,0.313149,-0.45,0.61738,0,21.8367,22.5758,0.214652,-0.078188,0.147102,0.0007,0.143,21.693,250,0.08677,66.3812,66.3812,118432,0
1778465820.342946,0.313149,-0.45,0.61738,0,18.9356,21.7486,0.214652,-0.078193,0.147101,0.0008,0.1692,18.7656,250,0.07506,61.792,61.792,118436,0
1778465820.393061,0.313149,-0.45,0.61738,0,20.8265,24.4879,0.214652,-0.078194,0.1471,0.0006,0.1581,20.6678,250,0.08267,28.2158,28.2158,118436,0
1778465820.443402,0.4,-0.294103,0.65,1,20.5326,24.0371,0.187148,0.001124,0.154488,0.0004,0.1194,20.4127,250,0.08165,3.5496,3.5496,118436,0
1778465820.493483,0.365786,-0.240549,0.65,1,0.6637,0.8233,0.149786,0.054678,0.147722,0.0008,0.1434,0.5194,3,0.17315,1.8616,1.8616,118436,0
1778465820.543651,0.355971,-0.23188,0.65,1,0.4375,0.6279,0.139971,0.063346,0.143968,0.0008,0.1725,0.2642,1,0.26415,1.3265,1.3265,118436,0
1778465820.593818,0.345652,-0.224846,0.65,1,0.4555,0.6588,0.129652,0.070381,0.13937,0.0011,0.1631,0.2914,1,0.29137,1.1376,1.1376,118436,0
1778465820.644075,0.335383,-0.219799,0.65,1,0.4447,0.6486,0.119383,0.075428,0.13443,0.0011,0.1677,0.2759,1,0.27588,0.9887,0.9887,118436,0
1778465820.694171,0.310522,-0.213457,0.65,1,0.4177,0.6264,0.094522,0.08177,0.121278,0.0009,0.1488,0.2679,1,0.26794,1.8876,1.8876,118436,0
1778465820.744292,0.295856,-0.212872,0.642875,1,0.4673,0.6729,0.079856,0.082355,0.113141,0.001,0.1712,0.2951,1,0.29513,1.1736,1.1736,118436,0
1778465820.794389,0.280553,-0.214448,0.634342,1,0.4426,0.6346,0.064553,0.080779,0.104607,0.001,0.1618,0.2798,1,0.27979,0.7265,0.7265,118436,0
1778465820.844495,0.264644,-0.219044,0.62547,1,0.4312,0.6274,0.048644,0.076183,0.095736,0.001,0.1509,0.2793,1,0.27934,0.9521,0.9521,118436,0
1778465820.894713,0.234418,-0.231744,0.6078,1,0.6154,0.8184,0.018418,0.063482,0.078066,0.001,0.1717,0.4426,2,0.22132,0.5495,0.5495,118448,0
1778465820.944897,0.219538,-0.238771,0.599252,1,0.432,0.6242,0.003538,0.056456,0.069518,0.0012,0.1597,0.2711,1,0.27113,0.8379,0.8379,118448,0
1778465820.995065,0.202885,-0.245432,0.590781,1,0.4549,0.6622,-0.013115,0.049794,0.061046,0.001,0.1684,0.2855,1,0.28545,1.3418,1.3418,118448,0
1778465821.045291,0.186276,-0.253822,0.583171,1,0.446,1.208,-0.029724,0.041405,0.053437,0.0009,0.1652,0.2799,1,0.27987,1.4905,1.4905,118448,0
1778465821.09618,0.157762,-0.26789,0.57218,1,0.3473,1.1946,-0.058238,0.027337,0.042446,0.0004,0.1072,0.2397,2,0.11984,0.7942,0.7942,118448,0
1778465821.146545,0.144352,-0.276627,0.567185,1,0.1993,0.2912,-0.071648,0.018599,0.037451,0.0004,0.0728,0.1261,1,0.12608,2.1717,2.1717,118448,0
1778465821.196738,0.133903,-0.284185,0.563556,1,0.2578,0.593,-0.082097,0.011042,0.033822,0.0005,0.0958,0.1615,1,0.16154,2.3652,2.3652,118452,0
1778465821.246946,0.12304,-0.293272,0.560712,1,0.7131,0.9031,-0.09296,0.001955,0.030977,0.0009,0.1656,0.5466,3,0.18219,1.4511,1.4511,118452,0
1778465821.297855,0.103948,-0.312486,0.558781,1,0.6575,0.8519,-0.112052,-0.01726,0.029047,0.001,0.1394,0.5171,3,0.17236,2.8956,2.8956,118452,0
1778465821.348084,0.09683,-0.321508,0.559349,1,0.9442,1.1559,-0.11917,-0.026282,0.029614,0.001,0.1797,0.7635,4,0.19087,1.2705,1.2705,118452,0
1778465821.398977,0.092718,-0.330266,0.56034,1,0.8271,1.0042,-0.123282,-0.035039,0.030606,0.0009,0.1671,0.6592,4,0.16479,1.348,1.348,118452,0
1778465821.449103,0.091764,-0.340573,0.561575,1,0.8309,1.0114,-0.124236,-0.045346,0.031841,0.0008,0.1637,0.6664,4,0.1666,1.5722,1.5722,118452,0
1778465821.499205,0.099173,-0.362109,0.564004,1,0.868,1.0521,-0.116827,-0.066883,0.03427,0.0009,0.1725,0.6945,4,0.17363,2.2437,2.2437,118452,0
1778465821.549322,0.10731,-0.374195,0.565669,1,0.9595,1.168,-0.10869,-0.078968,0.035934,0.0012,0.181,0.7773,4,0.19432,2.05,2.05,118464,0
1778465821.599411,0.117216,-0.384883,0.567536,1,0.7734,0.9552,-0.098784,-0.089656,0.037801,0.0011,0.1425,0.6299,4,0.15747,1.824,1.824,118468,0
1778465821.64958,0.130046,-0.394858,0.5699,1,0.8145,1.6766,-0.085954,-0.099631,0.040166,0.001,0.1552,0.6582,4,0.16456,1.33,1.33,118468,0
1778465821.699764,0.14673,-0.415691,0.573639,1,0.9658,1.1731,-0.06927,-0.120464,0.043904,0.0015,0.2127,0.7516,4,0.1879,0.9498,0.9498,118472,0
1778465821.749932,0.167322,-0.44375,0.578702,1,0.7145,0.9118,-0.048678,-0.148523,0.048968,0.0011,0.166,0.5474,3,0.18246,1.2159,1.2159,118472,0
1778465821.800046,0.191582,-0.45,0.58324,1,0.7296,0.9204,-0.024418,-0.161874,0.053506,0.0015,0.1811,0.547,3,0.18234,0.5336,0.5336,118472,0
1778465821.850135,0.213348,-0.45,0.586565,1,0.5372,1.34,-0.002652,-0.170248,0.056831,0.0007,0.1316,0.4049,2,0.20247,1.2666,1.2666,118472,0
1778465821.90025,0.254355,-0.45,0.592295,1,0.6012,0.787,0.038355,-0.188006,0.06256,0.001,0.1687,0.4315,2,0.21574,1.4861,1.4861,118472,0
1778465821.950348,0.276895,-0.45,0.595802,1,0.5813,0.7756,0.060895,-0.19227,0.066067,0.0011,0.1504,0.4298,2,0.21491,2.1352,2.1352,118476,0
1778465822.000445,0.297645,-0.45,0.599392,1,22.5289,25.9836,0.081645,-0.189691,0.069658,0.0011,0.1758,22.352,250,0.08941,4.0836,4.0836,118476,0
1778465822.050926,0.297645,-0.45,0.599392,0,19.8852,22.8539,0.120007,-0.18114,0.077188,0.0009,0.1288,19.7555,250,0.07902,32.9654,32.9654,118476,0
1778465822.101003,0.297645,-0.45,0.599392,0,19.3048,22.4356,0.135455,-0.169905,0.08082,0.0009,0.1697,19.1343,250,0.07654,40.0823,40.0823,118476,0
1778465822.151051,0.297645,-0.45,0.599392,0,20.0459,21.1106,0.147261,-0.153405,0.083464,0.0007,0.1625,19.8826,250,0.07953,45.5712,45.5712,118476,0
1778465822.201143,0.297645,-0.45,0.599392,0,19.3225,20.4202,0.157833,-0.136761,0.085973,0.0009,0.1695,19.152,250,0.07661,43.1509,43.1509,118488,0
1778465822.251606,0.297645,-0.45,0.599392,0,20.1244,21.1275,0.180961,-0.1101,0.094749,0.0008,0.1548,19.9688,250,0.07988,44.8925,44.8925,118488,0
1778465822.301764,0.297645,-0.45,0.599392,0,18.5219,19.746,0.189492,-0.097028,0.099471,0.0006,0.1595,18.3619,250,0.07345,40.9667,40.9667,118488,0
1778465822.351945,0.297645,-0.45,0.599392,0,19.6999,21.1134,0.199434,-0.085204,0.105241,0.0006,0.1628,19.5365,250,0.07815,119.4015,119.4015,118496,0
1778465822.402027,0.297645,-0.45,0.599392,0,20.2496,21.3477,0.207352,-0.072934,0.110655,0.0009,0.168,20.0807,250,0.08032,51.1045,51.1045,118496,0
1778465822.452112,0.297645,-0.45,0.599392,0,18.382,19.3511,0.216328,-0.038843,0.11875,0.0009,0.1899,18.1912,250,0.07276,10.5764,10.5764,118496,0
1778465822.502228,0.4,-0.316409,0.65,1,21.5212,23.3773,0.216143,-0.021182,0.120498,0.001,0.1627,21.3576,250,0.08543,5.0451,5.0451,118496,0
1778465822.552314,0.4,-0.297968,0.65,1,18.6358,21.8189,0.21383,-0.002741,0.121528,0.0009,0.1433,18.4915,250,0.07397,3.4695,3.4695,118496,0
1778465822.602509,0.4,-0.283939,0.65,1,0.6292,0.827,0.212235,0.011288,0.122326,0.0015,0.1715,0.4562,2,0.22811,2.7722,2.7722,118496,0
1778465822.652772,0.4,-0.261443,0.65,1,0.5582,0.7528,0.205608,0.033784,0.122351,0.0011,0.1478,0.4094,2,0.20469,2.2071,2.2071,118496,0
1778465822.702962,0.4,-0.252601,0.65,1,0.5114,0.7171,0.20067,0.042626,0.121608,0.0016,0.1899,0.3199,1,0.31993,2.3459,2.3459,118496,0
1778465822.753079,0.4,-0.244141,0.65,1,0.4816,0.6852,0.19403,0.051086,0.120543,0.001,0.1765,0.3041,1,0.30408,2.1634,2.1634,118500,0
1778465822.803173,0.4,-0.235287,0.648778,1,0.4352,0.6309,0.18419,0.05994,0.119044,0.001,0.1618,0.2724,1,0.27237,2.0719,2.0719,118500,0
1778465822.853273,0.379113,-0.221403,0.645093,1,0.6095,0.7802,0.163113,0.073824,0.115359,0.0009,0.1689,0.4397,2,0.21987,1.4132,1.4132,118500,0
1778465822.903439,0.366182,-0.21614,0.642407,1,0.4428,0.6338,0.150182,0.079086,0.112673,0.0008,0.1504,0.2916,1,0.29155,1.7364,1.7364,118500,0
1778465822.953664,0.352855,-0.211896,0.639396,1,0.4743,0.6995,0.136855,0.083331,0.109661,0.0011,0.1739,0.2992,1,0.2992,1.4087,1.4087,118500,0
1778465823.003841,0.337009,-0.209119,0.63561,1,0.4304,0.6144,0.121009,0.086107,0.105876,0.0011,0.1556,0.2738,1,0.27377,1.2236,1.2236,118500,0
1778465823.053953,0.304429,-0.209369,0.627934,1,0.5651,0.7456,0.088429,0.085858,0.0982,0.0009,0.1518,0.4124,2,0.20621,1.1714,1.1714,118500,0
1778465823.104047,0.288898,-0.211225,0.624587,1,0.4299,0.6172,0.072898,0.084002,0.094853,0.0009,0.1632,0.2658,1,0.2658,0.4871,0.4871,118500,0
1778465823.154152,0.269444,-0.215114,0.62086,1,0.4211,0.6351,0.053444,0.080112,0.091125,0.0012,0.1471,0.2728,1,0.27284,1.2417,1.2417,118504,0
1778465823.204265,0.25184,-0.219926,0.617715,1,0.4181,0.6276,0.03584,0.075301,0.08798,0.0009,0.1452,0.2721,1,0.27205,1.1657,1.1657,118504,0
1778465823.25437,0.21746,-0.233844,0.611553,1,0.6129,0.79,0.00146,0.061383,0.081819,0.0011,0.1663,0.4454,2,0.22272,0.4607,0.4607,118504,0
1778465823.304554,0.20086,-0.244541,0.608506,1,0.4316,0.6367,-0.01514,0.050686,0.078771,0.0008,0.1499,0.281,1,0.28096,1.6871,1.6871,118504,0
1778465823.354715,0.184413,-0.254936,0.605424,1,0.4477,0.6421,-0.031587,0.040291,0.07569,0.001,0.1737,0.273,1,0.27296,2.3917,2.3917,118504,0
1778465823.404869,0.169569,-0.263878,0.602845,1,0.4334,0.6397,-0.046431,0.031349,0.07311,0.0011,0.1484,0.2839,1,0.28394,1.691,1.691,118504,0
1778465823.45498,0.141051,-0.283504,0.598953,1,0.6919,1.4068,-0.074949,0.011723,0.069219,0.0009,0.163,0.528,3,0.17601,1.5949,1.5949,118504,0
1778465823.505111,0.128347,-0.29205,0.596969,1,0.7603,0.9386,-0.087653,0.003176,0.067235,0.0008,0.1471,0.6124,3,0.20414,2.989,2.989,118512,0
1778465823.55523,0.118175,-0.298746,0.594671,1,0.8449,1.8651,-0.097825,-0.00352,0.064937,0.0009,0.1722,0.6718,4,0.16794,1.5775,1.5775,118516,0
1778465823.605327,0.111353,-0.30427,0.592303,1,0.8769,1.5699,-0.104647,-0.009043,0.062568,0.0011,0.169,0.7068,4,0.17669,1.5745,1.5745,118516,0
1778465823.655451,0.102789,-0.315874,0.588863,1,0.9196,1.8884,-0.113211,-0.020648,0.059128,0.0011,0.1689,0.7496,4,0.18739,2.0445,2.0445,118516,0
1778465823.705543,0.100757,-0.322016,0.588821,1,0.8284,1.7605,-0.115243,-0.026789,0.059086,0.0009,0.1369,0.6906,4,0.17265,2.0825,2.0825,118528,0
1778465823.755717,0.100651,-0.329049,0.589728,1,0.8196,1.5017,-0.115349,-0.033822,0.059993,0.0011,0.1614,0.6571,4,0.16428,2.3488,2.3488,118528,0
1778465823.805907,0.104247,-0.339267,0.591684,1,0.8044,1.6148,-0.111753,-0.04404,0.061949,0.0012,0.1436,0.6596,4,0.16491,2.7785,2.7785,118528,0
1778465823.856016,0.121766,-0.365753,0.597514,1,0.9569,3.9601,-0.094234,-0.070526,0.06778,0.0011,0.1485,0.8073,5,0.16147,1.3522,1.3522,118536,0
1778465823.906514,0.135981,-0.380555,0.600903,1,0.8529,1.033,-0.080019,-0.085328,0.071169,0.0009,0.1631,0.6889,4,0.17223,2.9207,2.9207,118536,0
1778465823.956776,0.153292,-0.39574,0.604233,1,0.8069,1.3659,-0.062708,-0.100513,0.074499,0.001,0.1546,0.6513,4,0.16283,1.5024,1.5024,118536,0
1778465824.006976,0.17129,-0.407455,0.606753,1,0.7043,0.9073,-0.04471,-0.112228,0.077019,0.001,0.1587,0.5446,3,0.18152,2.5956,2.5956,118536,0
1778465824.057085,0.213422,-0.434653,0.610954,1,0.7817,0.9782,-0.002578,-0.139427,0.08122,0.0012,0.177,0.6036,3,0.20119,0.7218,0.7218,118536,0
1778465824.107171,0.235363,-0.446082,0.612801,1,0.4976,0.6748,0.019363,-0.150855,0.083067,0.0007,0.1216,0.3752,2,0.1876,1.021,1.021,118536,0
1778465824.157278,0.258184,-0.45,0.615471,1,0.6232,0.8063,0.042184,-0.161097,0.085736,0.0011,0.1702,0.452,2,0.22602,1.368,1.368,118536,0
1778465824.207377,0.281564,-0.45,0.618804,1,0.5794,0.7685,0.065564,-0.168875,0.08907,0.0009,0.1524,0.4261,2,0.21303,2.1687,2.1687,118536,0
1778465824.257442,0.281564,-0.45,0.618804,0,21.5312,22.1486,0.109599,-0.171832,0.095384,0.0009,0.1514,21.3788,250,0.08552,14.7476,14.7476,118536,0
1778465824.309033,0.281564,-0.45,0.618804,0,17.8437,18.9974,0.128799,-0.171219,0.101678,0.0004,0.1109,17.7324,250,0.07093,112.3489,112.3489,118552,0
1778465824.35909,0.281564,-0.45,0.618804,0,18.9809,20.0589,0.142917,-0.165922,0.108646,0.0007,0.1475,18.8327,250,0.07533,39.2105,39.2105,118556,0
1778465824.40919,0.281564,-0.45,0.618804,0,21.8137,22.4055,0.155381,-0.156941,0.116783,0.0006,0.135,21.678,250,0.08671,46.1347,46.1347,118556,0
1778465824.459294,0.281564,-0.45,0.618804,0,20.2433,23.1207,0.16639,-0.116736,0.130985,0.001,0.1616,20.0807,250,0.08032,47.9554,47.9554,118556,0
1778465824.509393,0.281564,-0.45,0.618804,0,20.7938,23.855,0.173171,-0.09435,0.137223,0.0008,0.1631,20.63,250,0.08252,41.9778,41.9778,118556,0
1778465824.559469,0.281564,-0.45,0.618804,0,23.2694,27.094,0.179213,-0.074502,0.142825,0.0006,0.1614,23.1074,250,0.09243,17.2948,17.2948,118556,0
1778465824.609619,0.281564,-0.45,0.618804,0,19.8205,22.9885,0.182301,-0.052241,0.147231,0.0006,0.1578,19.6622,250,0.07865,10.0204,10.0204,118556,0
1778465824.659707,0.4,-0.308819,0.65,1,17.6284,18.6598,0.192986,-0.013592,0.156811,0.0007,0.1513,17.4764,250,0.06991,4.3299,4.3299,118556,0
1778465824.709815,0.4,-0.292653,0.65,1,25.7541,27.071,0.196907,0.002574,0.159964,0.001,0.1702,25.5829,250,0.10233,3.2597,3.2597,118556,0
1778465824.75985,0.4,-0.276433,0.65,1,0.6347,0.8414,0.200018,0.018793,0.162323,0.001,0.1629,0.4707,2,0.23537,2.6017,2.6017,118560,0
1778465824.809935,0.4,-0.261019,0.65,1,0.5398,1.2055,0.200041,0.034208,0.163046,0.0008,0.1295,0.4095,2,0.20474,2.2697,2.2697,118560,0
1778465824.860045,0.4,-0.23215,0.65,1,0.7741,0.9957,0.192441,0.063077,0.160686,0.0013,0.2034,0.5694,2,0.2847,1.8848,1.8848,118560,0
1778465824.91016,0.4,-0.221515,0.65,1,0.4497,0.6761,0.187344,0.073712,0.158714,0.0012,0.1602,0.2883,1,0.28833,2.0394,2.0394,118560,0
1778465824.960475,0.395105,-0.210571,0.65,1,0.3218,0.4605,0.179105,0.084656,0.155611,0.0005,0.13,0.1913,1,0.19126,2.1032,2.1032,118560,0
1778465825.010585,0.384574,-0.200553,0.65,1,0.4642,0.9246,0.168574,0.094674,0.1516,0.0009,0.1513,0.312,1,0.31199,2.1693,2.1693,118560,0
1778465825.060672,0.358444,-0.185348,0.65,1,0.6421,0.8492,0.142444,0.109879,0.140808,0.0008,0.1704,0.4709,2,0.23547,0.9619,0.9619,118560,0
1778465825.110778,0.342955,-0.179623,0.65,1,0.4722,0.6719,0.126955,0.115604,0.134053,0.0011,0.1594,0.3118,1,0.31176,1.3129,1.3129,118560,0
1778465825.160872,0.32749,-0.176043,0.65,1,0.4355,0.6275,0.11149,0.119184,0.127426,0.0007,0.1657,0.269,1,0.269,1.1217,1.1217,118564,0
1778465825.211531,0.296911,-0.173631,0.64399,1,0.4487,0.6725,0.080911,0.121596,0.114255,0.0008,0.1476,0.3003,1,0.30035,2.1861,2.1861,118564,0
1778465825.261689,0.279365,-0.175006,0.636399,1,0.4846,0.668,0.063365,0.120221,0.106664,0.001,0.1706,0.3131,1,0.31308,1.1719,1.1719,118564,0
1778465825.311847,0.261364,-0.179207,0.628797,1,0.4247,0.6207,0.045364,0.11602,0.099063,0.001,0.1511,0.2727,1,0.27268,0.8787,0.8787,118564,0
1778465825.363037,0.244002,-0.185808,0.621077,1,0.5002,0.6966,0.028002,0.109418,0.091343,0.0009,0.1527,0.3465,1,0.3465,1.0441,1.0441,118564,0
1778465825.413124,0.209486,-0.206036,0.604708,1,0.7191,0.9123,-0.006514,0.089191,0.074973,0.0012,0.1698,0.5482,2,0.2741,0.5104,0.5104,118572,0
1778465825.46322,0.192601,-0.217668,0.596739,1,0.527,0.7387,-0.023399,0.077559,0.067005,0.001,0.164,0.3621,1,0.36206,1.6059,1.6059,118572,0
1778465825.513307,0.178366,-0.228796,0.589989,1,0.4711,0.6454,-0.037634,0.066431,0.060254,0.0009,0.1468,0.3234,1,0.32342,1.5956,1.5956,118576,0
1778465825.563401,0.165278,-0.242402,0.584305,1,0.5522,0.7554,-0.050722,0.052824,0.054571,0.0013,0.1823,0.3687,1,0.36868,1.7934,1.7934,118576,0
1778465825.613413,0.141761,-0.27343,0.576834,1,0.5999,0.7946,-0.074239,0.021797,0.047099,0.0007,0.1337,0.4656,2,0.23278,1.9023,1.9023,118576,0
1778465825.664009,0.127471,-0.287018,0.57291,1,0.4184,0.559,-0.088529,0.008208,0.043176,0.0005,0.1093,0.3086,3,0.10287,1.2826,1.2826,118576,0
1778465825.714095,0.113469,-0.298935,0.569858,1,0.3245,0.4166,-0.102531,-0.003709,0.040124,0.0005,0.0809,0.2431,3,0.08102,1.8392,1.8392,118576,0
1778465825.764214,0.099908,-0.310173,0.567002,1,0.3739,0.4801,-0.116092,-0.014947,0.037267,0.0005,0.0998,0.2736,3,0.0912,1.6005,1.6005,118576,0
1778465825.814436,0.079136,-0.32745,0.564237,1,0.8195,1.0156,-0.136864,-0.032223,0.034502,0.0013,0.1557,0.6626,4,0.16565,1.6246,1.6246,118576,0
1778465825.864598,0.072722,-0.335544,0.564092,1,0.8981,1.0828,-0.143278,-0.040318,0.034357,0.0012,0.1875,0.7094,4,0.17734,1.5775,1.5775,118588,0
1778465825.914822,0.070132,-0.344234,0.564458,1,0.8289,1.0265,-0.145868,-0.049008,0.034724,0.001,0.1686,0.6593,4,0.16482,1.8582,1.8582,118588,0
1778465825.96505,0.073311,-0.357208,0.565548,1,0.8172,1.0074,-0.142689,-0.061981,0.035814,0.0009,0.1439,0.6724,4,0.1681,2.4189,2.4189,118592,0
1778465826.015205,0.088216,-0.381236,0.56881,1,0.9247,1.7251,-0.127784,-0.086009,0.039075,0.001,0.1621,0.7616,5,0.15233,0.9605,0.9605,118592,0
1778465826.065302,0.100257,-0.394398,0.570567,1,0.8192,1.7563,-0.115743,-0.099171,0.040833,0.0011,0.1573,0.6609,4,0.16523,2.4391,2.4391,118592,0
1778465826.115411,0.114541,-0.407963,0.572337,1,0.9051,1.7987,-0.101459,-0.112736,0.042603,0.0011,0.1746,0.7294,4,0.18235,1.6481,1.6481,118592,0
1778465826.165592,0.120123,-0.411866,0.572811,1,0.8108,3.3167,-0.095877,-0.11664,0.043077,0.0014,0.1457,0.6637,4,0.16592,1.113,1.113,118592,0
1778465826.215681,0.161189,-0.44855,0.575704,1,0.5841,3.5508,-0.054811,-0.153323,0.04597,0.0009,0.1168,0.4665,3,0.1555,1.9222,1.9222,118592,0
1778465826.265838,0.188985,-0.45,0.577363,1,0.7338,1.5381,-0.027015,-0.168877,0.047628,0.001,0.1577,0.5751,3,0.19169,0.3743,0.3743,118592,0
1778465826.315935,0.215744,-0.45,0.578584,1,0.6128,1.6849,-0.000256,-0.180833,0.048849,0.0012,0.1702,0.4415,2,0.22074,0.9736,0.9736,118592,0
1778465826.3661,0.239777,-0.45,0.580754,1,0.5919,1.4337,0.023777,-0.190652,0.05102,0.001,0.1615,0.4293,2,0.21467,1.1379,1.1379,118596,0
1778465826.416192,0.279683,-0.45,0.587136,1,0.62,1.4498,0.063683,-0.181238,0.057402,0.0009,0.1612,0.4578,2,0.22892,2.7131,2.7131,118596,0
1778465826.466784,0.300019,-0.45,0.589976,1,25.3622,25.8892,0.084019,-0.171545,0.060242,0.0012,0.1462,25.2148,250,0.10086,5.4996,5.4996,118612,0
1778465826.516899,0.300019,-0.45,0.589976,0,16.6637,17.3173,0.102578,-0.161725,0.063891,0.0008,0.1576,16.5053,250,0.06602,11.6738,11.6738,118612,0
1778465826.569113,0.300019,-0.45,0.589976,0,20.9265,22.2792,0.119567,-0.155859,0.068362,0.0007,0.1598,20.766,250,0.08306,25.7738,25.7738,118612,0
1778465826.619387,0.300019,-0.45,0.589976,0,24.2963,27.3426,0.151623,-0.144857,0.07901,0.0003,0.0965,24.1995,250,0.0968,39.9066,39.9066,118612,0
1778465826.669476,0.300019,-0.45,0.589976,0,23.4976,28.1588,0.167334,-0.138842,0.085533,0.0005,0.1337,23.3634,250,0.09345,47.2041,47.2041,118612,0
1778465826.719684,0.300019,-0.45,0.589976,0,20.3031,23.4432,0.179586,-0.12807,0.091424,0.0008,0.1638,20.1385,250,0.08055,49.8619,49.8619,118616,0
1778465826.769787,0.300019,-0.45,0.589976,0,21.6803,23.2568,0.190775,-0.113013,0.097339,0.001,0.1692,21.51,250,0.08604,44.5319,44.5319,118616,0
1778465826.820005,0.300019,-0.45,0.589976,0,19.913,21.6516,0.207465,-0.076031,0.107814,0.001,0.1573,19.7547,250,0.07902,37.9262,37.9262,118616,0
1778465826.870538,0.300019,-0.45,0.589976,0,21.6233,24.7654,0.213194,-0.059771,0.112071,0.0007,0.1153,21.5073,250,0.08603,120.5372,120.5372,118616,0
1778465826.920717,0.300019,-0.45,0.589976,0,20.2785,21.4524,0.217829,-0.041139,0.116218,0.0011,0.1682,20.1092,250,0.08044,13.4859,13.4859,118616,0
1778465826.971215,0.4,-0.296432,0.65,1,21.4785,22.451,0.219279,-0.001205,0.120822,0.0012,0.218,21.2593,250,0.08504,3.5728,3.5728,118616,0
1778465827.021311,0.4,-0.27694,0.65,1,0.6006,0.7923,0.215221,0.018286,0.120986,0.0015,0.1775,0.4216,2,0.21078,2.7222,2.7222,118616,0
1778465827.071495,0.4,-0.259477,0.649243,1,0.5766,0.7736,0.208258,0.03575,0.119509,0.0012,0.1605,0.4149,2,0.20747,2.3576,2.3576,118616,0
1778465827.121669,0.4,-0.243529,0.646556,1,0.4224,0.6178,0.199031,0.051698,0.116822,0.001,0.1602,0.2611,1,0.26113,2.7741,2.7741,118616,0
1778465827.171882,0.394478,-0.218925,0.639048,1,0.6008,0.7907,0.178478,0.076301,0.109314,0.0016,0.1656,0.4337,2,0.21683,1.7241,1.7241,118616,0
1778465827.221951,0.382817,-0.209964,0.635257,1,0.4214,0.6149,0.166817,0.085263,0.105522,0.0013,0.1544,0.2656,1,0.26565,2.5589,2.5589,118616,0
1778465827.272074,0.368119,-0.201758,0.630123,1,0.5244,0.7541,0.152119,0.093469,0.100389,0.0012,0.1932,0.33,1,0.33003,2.0553,2.0553,118616,0
1778465827.322156,0.354158,-0.196496,0.625428,1,0.3773,0.5686,0.138158,0.098731,0.095693,0.0009,0.1279,0.2486,1,0.24861,1.4455,1.4455,118616,0
1778465827.372259,0.32273,-0.191471,0.614565,1,0.5802,0.7615,0.10673,0.103756,0.084831,0.001,0.1506,0.4286,2,0.21429,0.6065,0.6065,118616,0
1778465827.422387,0.306745,-0.191059,0.608523,1,0.4705,0.682,0.090745,0.104168,0.078788,0.001,0.162,0.3075,1,0.30751,0.8796,0.8796,118616,0
1778465827.472548,0.28963,-0.192331,0.602066,1,0.5131,0.727,0.07363,0.102896,0.072331,0.0012,0.1784,0.3335,1,0.33348,0.8361,0.8361,118616,0
1778465827.52271,0.273917,-0.194564,0.5962,1,0.4476,0.6532,0.057917,0.100662,0.066465,0.0011,0.17,0.2764,1,0.27641,0.674,0.674,118620,0
1778465827.572973,0.241085,-0.204249,0.584619,1,0.5766,0.7661,0.025085,0.090978,0.054884,0.001,0.1647,0.4109,2,0.20547,0.3318,0.3318,118620,0
1778465827.623067,0.224964,-0.211125,0.578715,1,0.4279,0.6311,0.008964,0.084102,0.04898,0.001,0.1573,0.2696,1,0.26964,0.8839,0.8839,118620,0
1778465827.673176,0.206937,-0.220551,0.572026,1,0.4473,0.6598,-0.009063,0.074676,0.042292,0.001,0.1643,0.282,1,0.28197,1.5479,1.5479,118620,0
1778465827.723291,0.190573,-0.230594,0.566099,1,0.4631,0.6635,-0.025427,0.064633,0.036365,0.0012,0.1562,0.3057,1,0.3057,1.4867,1.4867,118628,0
1778465827.773379,0.165013,-0.252306,0.555205,1,0.5742,0.7614,-0.050987,0.042921,0.025471,0.001,0.1487,0.4244,2,0.21222,0.365,0.365,118628,0
1778465827.823481,0.152233,-0.264473,0.547678,1,0.4696,0.6639,-0.063767,0.030754,0.017944,0.0012,0.1688,0.2996,1,0.29964,0.6783,0.6783,118628,0
1778465827.873671,0.141436,-0.275358,0.540625,1,0.4478,0.6336,-0.074564,0.019868,0.010891,0.001,0.1639,0.2829,1,0.28294,0.2945,0.2945,118628,0
1778465827.923778,0.13076,-0.286034,0.534341,1,0.425,0.6267,-0.08524,0.009192,0.004606,0.0011,0.1517,0.2721,1,0.27213,0.9607,0.9607,118632,0
1778465827.973948,0.113058,-0.301777,0.524951,1,0.5611,0.7518,-0.102942,-0.00655,-0.004784,0.0012,0.1484,0.4115,2,0.20574,2.1328,2.1328,118632,0
1778465828.024133,0.107383,-0.307019,0.521742,1,0.5731,0.7699,-0.108617,-0.011793,-0.007992,0.0012,0.1503,0.4216,2,0.21081,2.3815,2.3815,118632,0
1778465828.074235,0.105015,-0.310861,0.519257,1,0.5854,0.7715,-0.110985,-0.015634,-0.010477,0.0009,0.1548,0.4297,2,0.21486,2.8945,2.8945,118632,0
1778465828.12444,0.104305,-0.314039,0.517058,1,0.6982,0.8852,-0.111695,-0.018812,-0.012676,0.0013,0.1425,0.5544,3,0.1848,0.7368,0.7368,118644,0
1778465828.174538,0.107323,-0.320213,0.514509,1,0.7375,0.9429,-0.108677,-0.024986,-0.015226,0.0011,0.17,0.5665,3,0.18883,0.7038,0.7038,118644,0
1778465828.224718,0.111044,-0.325654,0.514079,1,0.6437,0.8238,-0.104956,-0.030428,-0.015656,0.0009,0.1313,0.5114,3,0.17048,0.6719,0.6719,118644,0
1778465828.274881,0.115472,-0.332359,0.514104,1,0.7065,0.9015,-0.100528,-0.037133,-0.015631,0.0009,0.1705,0.5351,3,0.17838,0.6499,0.6499,118644,0
1778465828.325068,0.120603,-0.339603,0.514701,1,0.7272,0.9183,-0.095397,-0.044376,-0.015033,0.0012,0.1648,0.5611,3,0.18703,0.6246,0.6246,118648,0
1778465828.375155,0.134667,-0.357139,0.518384,1,0.7314,0.9242,-0.081333,-0.061912,-0.01135,0.0009,0.1752,0.5553,3,0.1851,0.5925,0.5925,118648,0
1778465828.425256,0.143851,-0.368909,0.521308,1,0.7024,0.8707,-0.072149,-0.073682,-0.008426,0.0007,0.1588,0.5428,3,0.18095,0.5193,0.5193,118648,0
1778465828.475358,0.15516,-0.383707,0.524788,1,0.7085,1.5877,-0.06084,-0.08848,-0.004947,0.0011,0.1548,0.5526,3,0.18421,0.4602,0.4602,118648,0
1778465828.525544,0.167985,-0.399772,0.528043,1,0.6825,3.539,-0.048015,-0.104545,-0.001692,0.0011,0.158,0.5235,3,0.1745,0.3964,0.3964,118648,0
1778465828.575643,0.19394,-0.429884,0.532852,1,0.6435,2.2243,-0.02206,-0.134657,0.003117,0.001,0.1889,0.4536,2,0.22681,2.6366,2.6366,118648,0
1778465828.62586,0.208383,-0.442922,0.535573,1,0.5942,2.1784,-0.007617,-0.147695,0.005839,0.0012,0.1595,0.4335,2,0.21674,1.0615,1.0615,118648,0
1778465828.675962,0.222702,-0.45,0.538149,1,0.5717,1.599,0.006702,-0.159695,0.008414,0.001,0.1511,0.4196,2,0.20979,1.2585,1.2585,118648,0
1778465828.726509,0.235945,-0.45,0.540323,1,0.5826,0.7871,0.019945,-0.168696,0.010589,0.001,0.1593,0.4223,2,0.21116,1.4896,1.4896,118648,0
1778465828.776763,0.260539,-0.45,0.544157,1,0.5901,0.8111,0.044539,-0.179469,0.014422,0.0011,0.1476,0.4414,2,0.22072,2.5098,2.5098,118652,0
1778465828.826864,0.273676,-0.45,0.547067,1,22.144,23.8681,0.057676,-0.181871,0.017332,0.0008,0.1441,21.9991,250,0.088,3.7277,3.7277,118652,0
1778465828.877357,0.284423,-0.45,0.550327,1,18.0367,19.344,0.068423,-0.182473,0.020592,0.001,0.1508,17.8849,250,0.07154,5.5601,5.5601,118652,0
1778465828.927582,0.284423,-0.45,0.550327,0,21.1014,22.3171,0.078735,-0.181238,0.025296,0.001,0.1387,20.9617,250,0.08385,10.4137,10.4137,118652,0
1778465828.977754,0.284423,-0.45,0.550327,0,20.2022,21.2366,0.098205,-0.176493,0.037312,0.0009,0.1512,20.0501,250,0.0802,15.9422,15.9422,118652,0
1778465829.027959,0.284423,-0.45,0.550327,0,20.6161,21.7239,0.107454,-0.172597,0.044672,0.0011,0.1861,20.429,250,0.08172,30.734,30.734,118652,0
1778465829.078038,0.284423,-0.45,0.550327,0,21.967,22.7445,0.11687,-0.167971,0.052933,0.0007,0.1534,21.8129,250,0.08725,34.439,34.439,118652,0
1778465829.128129,0.284423,-0.45,0.550327,0,19.3899,20.5148,0.124162,-0.162165,0.060111,0.0006,0.111,19.2783,250,0.07711,37.3976,37.3976,118656,0
1778465829.178775,0.284423,-0.45,0.550327,0,15.9663,16.8316,0.137896,-0.145489,0.075121,0.0007,0.1311,15.8345,250,0.06334,39.0053,39.0053,118656,0
1778465829.228843,0.284423,-0.45,0.550327,0,19.3689,20.2143,0.14482,-0.139477,0.082255,0.0009,0.1459,19.2221,250,0.07689,39.4956,39.4956,118672,0
1778465829.27895,0.284423,-0.45,0.550327,0,24.8368,25.5511,0.150385,-0.134242,0.088579,0.0009,0.1734,24.6626,250,0.09865,39.8159,39.8159,118672,0
1778465829.329028,0.284423,-0.45,0.550327,0,21.3486,23.3998,0.153343,-0.124932,0.094337,0.0007,0.1468,21.2011,250,0.0848,110.0654,110.0654,118676,0
1778465829.379066,0.284423,-0.45,0.550327,0,21.5425,23.3368,0.157874,-0.106946,0.104479,0.0007,0.1238,21.4181,250,0.08567,72.6411,72.6411,118688,0
1778465829.429167,0.284423,-0.45,0.550327,0,20.6608,21.3747,0.159318,-0.097722,0.109239,0.0006,0.1342,20.526,250,0.0821,17.6762,17.6762,118688,0
1778465829.479271,0.284423,-0.45,0.550327,0,21.0534,22.2908,0.160166,-0.088191,0.114092,0.0009,0.1563,20.8962,250,0.08358,18.1613,18.1613,118688,0
1778465829.529371,0.376711,-0.374624,0.648062,1,21.5364,22.267,0.160711,-0.079398,0.118328,0.0009,0.1736,21.3619,250,0.08545,7.3544,7.3544,118692,0
1778465829.579541,0.375654,-0.35587,0.65,1,21.6379,23.0526,0.159654,-0.060644,0.125246,0.0009,0.163,21.474,250,0.0859,3.8059,3.8059,118692,0
1778465829.629698,0.374358,-0.34644,0.65,1,0.5611,0.7157,0.158358,-0.051213,0.127967,0.0008,0.1416,0.4186,2,0.20932,2.863,2.863,118692,0
1778465829.679868,0.372369,-0.337295,0.65,1,0.6637,0.868,0.156369,-0.042068,0.12995,0.001,0.1674,0.4953,2,0.24763,2.3074,2.3074,118692,0
1778465829.729938,0.3701,-0.329029,0.65,1,0.4329,0.9685,0.1541,-0.033802,0.131225,0.001,0.1532,0.2788,1,0.27876,2.5492,2.5492,118692,0
1778465829.780134,0.364626,-0.314364,0.65,1,0.4518,0.6684,0.148626,-0.019137,0.132589,0.0012,0.1742,0.2764,1,0.27641,2.7658,2.7658,118692,0
1778465829.830309,0.361298,-0.307519,0.65,1,0.4708,0.6625,0.145298,-0.012293,0.132766,0.0008,0.1643,0.3057,1,0.30567,1.5406,1.5406,118692,0
1778465829.88047,0.357832,-0.301495,0.65,1,0.467,0.6637,0.141832,-0.006268,0.132752,0.0012,0.1649,0.3009,1,0.30091,1.3583,1.3583,118696,0
1778465829.930876,0.350502,-0.290772,0.65,1,0.4297,0.6292,0.134502,0.004455,0.132414,0.0011,0.159,0.2696,1,0.26959,1.5883,1.5883,118696,0
1778465829.980972,0.346685,-0.285534,0.65,1,0.4682,0.6759,0.130685,0.009693,0.1319,0.0011,0.1675,0.2996,1,0.29961,1.0449,1.0449,118696,0
1778465830.031072,0.343308,-0.281371,0.65,1,0.4214,0.6269,0.127308,0.013855,0.131308,0.0009,0.1454,0.275,1,0.275,0.8979,0.8979,118696,0
1778465830.081232,0.339537,-0.276601,0.65,1,0.4359,0.6363,0.123537,0.018625,0.130497,0.001,0.1641,0.2708,1,0.27078,0.8696,0.8696,118696,0
1778465830.131328,0.331815,-0.268112,0.65,1,0.468,0.671,0.115815,0.027115,0.128485,0.0011,0.1761,0.2908,1,0.29082,1.0042,1.0042,118696,0
1778465830.181509,0.327673,-0.264334,0.65,1,0.4891,0.6911,0.111673,0.030893,0.127277,0.0012,0.1637,0.3243,1,0.32426,0.7599,0.7599,118696,0
1778465830.231686,0.323597,-0.261021,0.65,1,0.493,0.6984,0.107597,0.034205,0.125979,0.0008,0.1861,0.306,1,0.30602,0.6722,0.6722,118696,0
1778465830.281875,0.319838,-0.258406,0.65,1,0.4377,0.6238,0.103838,0.036821,0.124661,0.001,0.1652,0.2715,1,0.27146,0.6388,0.6388,118696,0
1778465830.331959,0.311829,-0.255071,0.65,1,0.4463,0.6383,0.095829,0.040156,0.121005,0.0009,0.1613,0.284,1,0.28403,0.6684,0.6684,118696,0
1778465830.382123,0.306983,-0.254737,0.648035,1,0.4317,0.6454,0.090983,0.04049,0.1183,0.0011,0.1527,0.2779,1,0.27789,0.5707,0.5707,118696,0
1778465830.43223,0.301589,-0.254902,0.644619,1,0.4693,0.6734,0.085589,0.040325,0.114885,0.001,0.1741,0.2942,1,0.29422,0.5148,0.5148,118696,0
1778465830.482329,0.295596,-0.254757,0.64039,1,0.494,0.7068,0.079596,0.04047,0.110655,0.0009,0.1564,0.3367,1,0.33671,0.4961,0.4961,118704,0
1778465830.532491,0.284339,-0.255142,0.631815,1,0.5122,0.7021,0.068339,0.040085,0.102081,0.0011,0.1704,0.3406,1,0.34062,0.5307,0.5307,118704,0
1778465830.582691,0.279356,-0.255928,0.627963,1,0.4646,0.6642,0.063356,0.039299,0.098229,0.001,0.1755,0.2882,1,0.2882,0.4513,0.4513,118704,0
1778465830.632884,0.273535,-0.257046,0.624082,1,0.4286,0.6231,0.057535,0.03818,0.094348,0.0014,0.148,0.2792,1,0.27917,0.3941,0.3941,118704,0
1778465830.683197,0.267337,-0.258014,0.620533,1,0.4407,0.6601,0.051337,0.037212,0.090798,0.0012,0.1562,0.2833,1,0.28328,0.3848,0.3848,118704,0
1778465830.733286,0.253786,-0.261137,0.61287,1,0.4457,0.6393,0.037786,0.03409,0.083135,0.0012,0.167,0.2775,1,0.27755,0.655,0.655,118708,0
1778465830.783446,0.246444,-0.263345,0.608487,1,0.4808,0.6808,0.030444,0.031882,0.078752,0.001,0.1691,0.3107,1,0.31073,0.316,0.316,118708,0
1778465830.833644,0.239368,-0.266253,0.604025,1,0.5392,0.7858,0.023368,0.028973,0.074291,0.0011,0.1891,0.349,1,0.34896,0.2799,0.2799,118708,0
1778465830.883849,0.233217,-0.269248,0.59982,1,0.4445,0.6458,0.017217,0.025979,0.070086,0.0012,0.1685,0.2749,1,0.2749,0.274,0.274,118708,0
1778465830.93394,0.22226,-0.275624,0.591602,1,0.4605,0.6847,0.00626,0.019603,0.061868,0.0012,0.1682,0.2912,1,0.29119,0.5135,0.5135,118708,0
1778465830.984059,0.217634,-0.278501,0.587751,1,0.4422,0.6428,0.001634,0.016726,0.058017,0.0011,0.1616,0.2795,1,0.27948,0.2731,0.2731,118712,0
1778465831.03416,0.213459,-0.280194,0.584324,1,0.4455,0.6507,-0.002541,0.015033,0.054589,0.0009,0.1705,0.2741,1,0.27413,0.2691,0.2691,118712,0
1778465831.084258,0.208947,-0.279728,0.580667,1,0.4756,0.7123,-0.007053,0.015499,0.050932,0.0013,0.1694,0.3049,1,0.30488,0.2098,0.2098,118712,0
1778465831.13436,0.201693,-0.278295,0.57381,1,0.4362,0.638,-0.014307,0.016932,0.044076,0.001,0.1527,0.2825,1,0.28254,0.0932,0.0932,118716,0
1778465831.18461,0.199213,-0.277303,0.570443,1,0.4129,0.5901,-0.016787,0.017924,0.040709,0.0008,0.1475,0.2646,1,0.2646,0.1539,0.1539,118716,0
1778465831.234707,0.197794,-0.277469,0.569909,1,0.4271,0.6249,-0.018206,0.017757,0.040174,0.0011,0.154,0.2721,1,0.27208,0.189,0.189,118716,0
1778465831.284894,0.196882,-0.281589,0.574305,1,0.4224,0.6231,-0.019118,0.013638,0.04457,0.0011,0.1562,0.2651,1,0.26515,0.1523,0.1523,118716,0
1778465831.334994,0.195043,-0.287952,0.583234,1,0.4285,0.6399,-0.020957,0.007275,0.0535,0.0011,0.1524,0.2749,1,0.27495,0.696,0.696,118716,0
1778465831.385132,0.193442,-0.290791,0.588071,1,0.4249,0.6137,-0.022558,0.004436,0.058337,0.0015,0.15,0.2735,1,0.27345,1.6041,1.6041,118716,0
1778465831.435219,0.190804,-0.292716,0.592782,1,0.4433,0.6366,-0.025196,0.002511,0.063048,0.0008,0.1478,0.2947,1,0.29469,2.7257,2.7257,118728,0
1778465831.485446,0.186583,-0.293625,0.597217,1,0.6318,1.2638,-0.029417,0.001602,0.067482,0.0011,0.1522,0.4785,2,0.23925,0.5974,0.5974,118728,0
1778465831.535599,0.176098,-0.292662,0.603937,1,0.6214,1.286,-0.039902,0.002564,0.074203,0.0012,0.1704,0.4498,2,0.22489,0.8609,0.8609,118732,0
1778465831.5858,0.171034,-0.292116,0.607452,1,0.5767,1.5513,-0.044966,0.00311,0.077718,0.0013,0.1541,0.4213,2,0.21067,1.2461,1.2461,118732,0
1778465831.635988,0.166494,-0.291096,0.609979,1,0.5948,1.3939,-0.049506,0.004131,0.080245,0.0011,0.1569,0.4367,2,0.21837,1.4904,1.4904,118732,0
1778465831.686166,0.161257,-0.290688,0.612948,1,0.6015,1.4066,-0.054743,0.004538,0.083213,0.0014,0.1587,0.4415,2,0.22074,1.9122,1.9122,118732,0
1778465831.736799,0.149188,-0.287776,0.61821,1,0.5602,0.7513,-0.066812,0.007451,0.088475,0.0012,0.1667,0.3922,2,0.19612,2.7672,2.7672,118732,0
1778465831.786894,0.141758,-0.285544,0.620997,1,0.7435,0.9508,-0.074242,0.009683,0.091263,0.0009,0.1537,0.5888,3,0.19626,0.7407,0.7407,118744,0
1778465831.838978,0.135479,-0.283451,0.623235,1,0.7463,0.9593,-0.080521,0.011775,0.093501,0.0011,0.1565,0.5887,3,0.19623,0.8523,0.8523,118744,0
1778465831.889083,0.130648,-0.281741,0.624885,1,0.6862,0.8632,-0.085352,0.013486,0.095151,0.0011,0.1493,0.5359,3,0.17863,0.9336,0.9336,118744,0
1778465831.939179,0.125017,-0.27944,0.627076,1,0.6976,0.8996,-0.090983,0.015787,0.097341,0.001,0.1583,0.5383,3,0.17943,1.0019,1.0019,118748,0
1778465831.989373,0.124938,-0.279287,0.627219,1,0.7406,0.9386,-0.091062,0.01594,0.097484,0.0005,0.1675,0.5727,3,0.1909,0.9759,0.9759,118748,0
1778465832.039461,0.125812,-0.279854,0.626951,1,0.7117,0.9158,-0.090188,0.015373,0.097217,0.0009,0.1573,0.5535,3,0.18449,0.9775,0.9775,118748,0
1778465832.08958,0.126946,-0.280559,0.626176,1,0.6905,0.8663,-0.089054,0.014668,0.096441,0.001,0.1529,0.5365,3,0.17885,0.9847,0.9847,118748,0
1778465832.139765,0.129768,-0.280339,0.622899,1,0.7015,0.891,-0.086232,0.014888,0.093165,0.0013,0.1562,0.544,3,0.18132,0.9413,0.9413,118748,0
1778465832.189957,0.131372,-0.280184,0.621196,1,0.6908,0.8877,-0.084628,0.015043,0.091462,0.0014,0.151,0.5384,3,0.17948,0.9282,0.9282,118748,0
1778465832.240044,0.133795,-0.280229,0.618891,1,0.6596,0.8499,-0.082205,0.014998,0.089156,0.0011,0.1435,0.5151,3,0.1717,0.8953,0.8953,118748,0
1778465832.290154,0.136024,-0.280829,0.616897,1,1.3566,1.5588,-0.079976,0.014398,0.087163,0.0011,0.1609,1.1946,3,0.3982,0.8556,0.8556,118752,0
1778465832.340238,0.141317,-0.282057,0.611611,1,0.3604,0.4809,-0.074683,0.013169,0.081877,0.0005,0.0993,0.2606,3,0.08686,0.785,0.785,118752,0
1778465832.390436,0.144207,-0.282969,0.608124,1,0.3322,0.4529,-0.071793,0.012258,0.07839,0.0006,0.0945,0.2372,3,0.07906,0.7262,0.7262,118752,0
1778465832.440534,0.146771,-0.283999,0.604154,1,0.5579,0.7101,-0.069229,0.011227,0.07442,0.0006,0.13,0.4272,3,0.14241,0.6886,0.6886,118752,0
1778465832.490873,0.149293,-0.285171,0.600045,1,0.3595,1.2296,-0.066707,0.010056,0.070311,0.0007,0.1116,0.2472,2,0.12361,2.6714,2.6714,118752,0
1778465832.540945,0.151828,-0.28652,0.594686,1,0.3199,0.4292,-0.064172,0.008707,0.064951,0.0004,0.1031,0.2163,2,0.10817,2.2181,2.2181,118752,0
1778465832.5911,0.154079,-0.288259,0.592801,1,0.7436,0.9247,-0.061921,0.006967,0.063067,0.0004,0.3059,0.4373,2,0.21864,2.104,2.104,118752,0
1778465832.641304,0.15582,-0.289362,0.590697,1,0.63,0.8297,-0.06018,0.005864,0.060962,0.0012,0.1624,0.4664,2,0.23322,1.8794,1.8794,118752,0
1778465832.691431,0.155026,-0.291553,0.590826,1,0.6106,0.8067,-0.060974,0.003674,0.061092,0.0011,0.1585,0.451,2,0.22549,2.0185,2.0185,118764,0
1778465832.74152,0.153554,-0.293001,0.592597,1,0.5981,0.8093,-0.062446,0.002225,0.062862,0.0008,0.1294,0.4679,2,0.23393,2.2855,2.2855,118764,0
1778465832.791622,0.152607,-0.293541,0.593806,1,0.7039,0.9392,-0.063393,0.001686,0.064072,0.0012,0.1835,0.5192,2,0.25959,2.4546,2.4546,118764,0
1778465832.841676,0.15144,-0.29386,0.595386,1,0.5738,0.7685,-0.06456,0.001366,0.065652,0.0008,0.1524,0.4206,2,0.21028,2.6767,2.6767,118764,0
1778465832.891868,0.15152,-0.296917,0.597991,1,0.7501,0.949,-0.06448,-0.001691,0.068256,0.0012,0.1565,0.5923,3,0.19745,0.6768,0.6768,118768,0
1778465832.942014,0.151982,-0.297223,0.59771,1,0.6805,0.9007,-0.064018,-0.001996,0.067976,0.0015,0.1488,0.5302,3,0.17673,0.6773,0.6773,118768,0
1778465832.992075,0.152449,-0.297721,0.59757,1,0.6717,0.861,-0.063551,-0.002494,0.067835,0.0008,0.144,0.5269,3,0.17562,0.675,0.675,118768,0
1778465833.04213,0.152531,-0.298082,0.597553,1,0.695,0.8898,-0.063469,-0.002855,0.067819,0.0009,0.1472,0.5468,3,0.18226,0.6765,0.6765,118768,0
1778465833.092252,0.151799,-0.29803,0.597946,1,0.6944,0.8912,-0.064201,-0.002803,0.068212,0.001,0.1541,0.5394,3,0.17979,0.6843,0.6843,118772,0
1778465833.142352,0.151327,-0.297373,0.598204,1,0.8,1.003,-0.064673,-0.002147,0.06847,0.0011,0.2323,0.5666,3,0.18888,0.6879,0.6879,118772,0
1778465833.192456,0.15098,-0.296414,0.5983,1,0.6823,0.8594,-0.06502,-0.001187,0.068566,0.0011,0.1457,0.5355,3,0.1785,0.6882,0.6882,118772,0
1778465833.242558,0.150795,-0.295384,0.598262,1,0.713,0.8934,-0.065205,-0.000157,0.068527,0.0011,0.1664,0.5455,3,0.18184,0.6863,0.6863,118772,0
1778465833.292741,0.15063,-0.29518,0.598341,1,0.6962,0.9089,-0.06537,4.6e-05,0.068607,0.0012,0.1695,0.5255,3,0.17517,0.6885,0.6885,118772,0
1778465833.34288,0.150635,-0.295272,0.598312,1,0.7148,0.9252,-0.065365,-4.5e-05,0.068578,0.001,0.1712,0.5426,3,0.18086,0.689,0.689,118772,0
1778465834.697155,0.141125,-0.225172,0.542203,1,0.2907,0.4057,-0.011392,0.005163,-0.001775,0.0007,0.1059,0.184,1,0.18404,0.4604,0.4604,118780,0
1778465834.747266,0.13192,-0.221773,0.539788,1,0.4348,0.6168,-0.020598,0.008562,-0.004189,0.0009,0.1631,0.2708,1,0.27081,0.4778,0.4778,118780,0
1778465834.797345,0.124474,-0.222867,0.536304,1,0.4212,0.6124,-0.028044,0.007468,-0.007673,0.0009,0.142,0.2784,1,0.27837,0.5389,0.5389,118784,0
1778465834.84745,0.123266,-0.226876,0.536072,1,0.4496,0.6544,-0.029252,0.003459,-0.007905,0.0009,0.1677,0.281,1,0.28101,0.58,0.58,118784,0
1778465834.898504,0.122493,-0.232295,0.536831,1,0.4497,0.6411,-0.030024,-0.00196,-0.007147,0.0013,0.1659,0.2825,1,0.28249,0.4902,0.4902,118784,0
1778465834.9486,0.122325,-0.238792,0.537695,1,0.4779,0.6842,-0.030192,-0.008457,-0.006283,0.0008,0.1795,0.2976,1,0.29758,0.3855,0.3855,118784,0
1778465834.998784,0.123731,-0.252153,0.538903,1,0.4445,0.6225,-0.028786,-0.021818,-0.005075,0.0011,0.148,0.2954,1,0.29538,1.6676,1.6676,118796,0
1778465835.048953,0.125213,-0.258351,0.539689,1,0.4986,0.7426,-0.027304,-0.028016,-0.004289,0.0014,0.1844,0.3128,1,0.31284,2.736,2.736,118796,0
1778465835.099056,0.127142,-0.265439,0.540468,1,0.5629,0.751,-0.025375,-0.035105,-0.003509,0.0008,0.1507,0.4114,2,0.2057,1.1709,1.1709,118796,0
1778465835.149144,0.130321,-0.274769,0.541834,1,0.5986,0.8011,-0.022196,-0.044434,-0.002143,0.001,0.165,0.4326,2,0.21632,1.3576,1.3576,118796,0
1778465835.199244,0.141278,-0.298515,0.54589,1,0.6868,0.8847,-0.011239,-0.06818,0.001912,0.001,0.1444,0.5413,3,0.18045,0.7736,0.7736,118800,0
1778465835.249349,0.149022,-0.312014,0.548643,1,0.6754,0.8575,-0.003495,-0.081679,0.004666,0.0012,0.1454,0.5289,3,0.17629,0.7484,0.7484,118800,0
1778465835.299555,0.156967,-0.326376,0.552182,1,0.7068,0.9044,0.00445,-0.096042,0.008205,0.0012,0.1587,0.5468,3,0.18228,0.7304,0.7304,118800,0
1778465835.34963,0.164752,-0.341045,0.556618,1,1.1773,1.3582,0.012235,-0.11071,0.01264,0.0009,0.1479,1.0285,3,0.34285,0.7083,0.7083,118800,0
1778465835.399781,0.182393,-0.369309,0.566943,1,0.6988,0.8936,0.029875,-0.138974,0.022965,0.001,0.1567,0.5411,3,0.18037,0.639,0.639,118800,0
1778465835.450034,0.192007,-0.382544,0.572988,1,0.7947,1.0126,0.039489,-0.15221,0.02901,0.0012,0.1631,0.6304,3,0.21012,0.5797,0.5797,118800,0
1778465835.500133,0.203364,-0.39506,0.579046,1,0.5946,0.7936,0.050846,-0.164726,0.035069,0.0009,0.1649,0.4287,2,0.21437,2.4394,2.4394,118800,0
1778465835.55024,0.217355,-0.408599,0.585916,1,0.5679,1.243,0.064837,-0.178264,0.041939,0.0007,0.1536,0.4135,2,0.20677,1.4191,1.4191,118800,0
1778465835.600342,0.245853,-0.429504,0.600913,1,0.5957,0.7947,0.093336,-0.199169,0.056935,0.0013,0.1769,0.4176,2,0.20879,1.4909,1.4909,118804,0
1778465835.650447,0.261179,-0.437755,0.608933,1,0.3754,0.5027,0.108662,-0.20742,0.064955,0.0005,0.1166,0.2582,2,0.1291,1.2553,1.2553,118816,0
1778465835.700619,0.277455,-0.442894,0.617383,1,0.6553,0.8548,0.124937,-0.212559,0.073405,0.0012,0.1872,0.467,2,0.23349,2.2962,2.2962,118816,0
1778465835.751225,0.309809,-0.448565,0.631847,1,24.3114,28.1103,0.157291,-0.21823,0.08787,0.001,0.1554,24.155,250,0.09662,8.8938,8.8938,118816,0
1778465835.801312,0.309809,-0.448565,0.631847,0,20.2452,21.3917,0.171785,-0.217507,0.094101,0.0008,0.1411,20.1033,250,0.08041,20.4026,20.4026,118816,0
1778465835.851539,0.309809,-0.448565,0.631847,0,20.9648,21.8579,0.187476,-0.211169,0.100464,0.0008,0.1517,20.8123,250,0.08325,43.6999,43.6999,118816,0
1778465835.902039,0.309809,-0.448565,0.631847,0,22.2091,23.1039,0.199706,-0.200569,0.10667,0.0009,0.1903,22.0179,250,0.08807,43.0875,43.0875,118816,0
1778465835.952086,0.309809,-0.448565,0.631847,0,16.3003,16.9993,0.219699,-0.167294,0.11905,0.0007,0.1319,16.1677,250,0.06467,33.043,33.043,118816,0
1778465836.002201,0.309809,-0.448565,0.631847,0,18.0346,19.0483,0.229663,-0.153595,0.124229,0.0006,0.1624,17.8716,250,0.07149,36.1236,36.1236,118820,0
1778465836.052296,0.309809,-0.448565,0.631847,0,20.0832,21.3249,0.238786,-0.137658,0.129031,0.0004,0.0999,19.9829,250,0.07993,31.9291,31.9291,118820,0
1778465836.102401,0.309809,-0.448565,0.631847,0,18.2199,19.8966,0.24483,-0.118934,0.132808,0.0009,0.151,18.068,250,0.07227,27.049,27.049,118820,0
1778465836.152584,0.4,-0.319915,0.65,1,21.3839,22.9877,0.255321,-0.08958,0.138218,0.0009,0.1821,21.201,250,0.0848,9.1432,9.1432,118828,0
1778465836.20268,0.4,-0.308427,0.65,1,18.2159,21.453,0.259006,-0.078093,0.139852,0.0011,0.1734,18.0414,250,0.07217,7.27,7.27,118828,0
1778465836.252849,0.4,-0.295257,0.65,1,20.8453,24.7266,0.261511,-0.064922,0.141008,0.0008,0.1361,20.7084,250,0.08283,5.8943,5.8943,118828,0
1778465836.302937,0.4,-0.283265,0.65,1,18.2465,18.3521,0.262956,-0.05293,0.14179,0.0009,0.1711,18.0745,250,0.0723,5.0869,5.0869,118828,0
1778465836.352988,0.4,-0.264201,0.65,1,21.1254,21.775,0.260786,-0.033867,0.14259,0.0011,0.1572,20.9671,250,0.08387,4.5764,4.5764,118828,0
1778465836.403091,0.4,-0.256645,0.65,1,26.1905,27.7516,0.257606,-0.02631,0.14244,0.0015,0.1732,26.0158,250,0.10406,4.5789,4.5789,118828,0
1778465836.453197,0.4,-0.24861,0.65,1,19.2079,20.4937,0.253173,-0.018275,0.142056,0.0011,0.1739,19.0329,250,0.07613,4.4463,4.4463,118828,0
1778465836.503294,0.4,-0.242294,0.65,1,20.8675,24.4543,0.248102,-0.011959,0.141577,0.0008,0.1553,20.7114,250,0.08285,4.5548,4.5548,118828,0
1778465836.553376,0.386041,-0.231347,0.65,1,0.551,0.7375,0.233523,-0.001012,0.140176,0.0009,0.136,0.4141,2,0.20707,2.6121,2.6121,118828,0
1778465836.603483,0.377453,-0.226133,0.65,1,0.503,0.7043,0.224935,0.004202,0.139144,0.0009,0.1651,0.337,1,0.33695,2.8944,2.8944,118828,0
1778465836.653645,0.367624,-0.221517,0.65,1,0.517,0.7417,0.215107,0.008818,0.137666,0.0013,0.2029,0.3129,1,0.31292,2.3299,2.3299,118828,0
1778465836.703864,0.355409,-0.217437,0.65,1,0.4052,0.5873,0.202891,0.012898,0.135202,0.0012,0.1363,0.2677,1,0.26771,2.0573,2.0573,118828,0
1778465836.754135,0.327346,-0.211259,0.65,1,0.6306,0.8618,0.174829,0.019076,0.128216,0.0012,0.1703,0.4591,2,0.22955,0.8864,0.8864,118828,0
1778465836.804235,0.311475,-0.210664,0.65,1,0.4832,0.7051,0.158957,0.019671,0.123374,0.001,0.1602,0.3219,1,0.32193,0.9752,0.9752,118832,0
1778465836.854343,0.295787,-0.21197,0.65,1,0.4802,0.6935,0.14327,0.018365,0.11831,0.001,0.1675,0.3118,1,0.31176,0.8889,0.8889,118832,0
1778465836.904507,0.27829,-0.214557,0.65,1,0.4495,0.6359,0.125772,0.015778,0.112695,0.0008,0.158,0.2907,1,0.29071,1.5225,1.5225,118832,0
1778465836.954602,0.244532,-0.224228,0.644553,1,0.5946,0.7833,0.092014,0.006107,0.100575,0.0012,0.18,0.4134,2,0.2067,0.7376,0.7376,118832,0
1778465837.004711,0.229345,-0.23042,0.638427,1,0.4861,0.7106,0.076828,-8.5e-05,0.094449,0.0011,0.1841,0.301,1,0.30098,0.951,0.951,118832,0
1778465837.05488,0.21429,-0.237368,0.63171,1,0.4359,0.6413,0.061772,-0.007034,0.087733,0.0014,0.1659,0.2685,1,0.26848,1.5463,1.5463,118832,0
1778465837.10498,0.201478,-0.244228,0.625261,1,0.4814,0.6963,0.04896,-0.013893,0.081284,0.0009,0.1756,0.3049,1,0.30486,1.2988,1.2988,118832,0
1778465837.155078,0.179678,-0.257213,0.612221,1,0.5853,0.7809,0.027161,-0.026878,0.068243,0.001,0.1646,0.4196,2,0.20982,0.7118,0.7118,118832,0
1778465837.205865,0.171679,-0.261756,0.606394,1,0.4424,1.1246,0.019162,-0.031422,0.062416,0.0012,0.1542,0.287,1,0.28701,0.605,0.605,118848,0
1778465837.255993,0.165494,-0.264173,0.601679,1,0.455,2.973,0.012976,-0.033838,0.057702,0.0009,0.1569,0.2972,1,0.29716,0.6029,0.6029,118848,0
1778465837.306586,0.161518,-0.267335,0.597582,1,0.5086,0.7201,0.009001,-0.037001,0.053604,0.0009,0.1835,0.3242,1,0.32417,0.6935,0.6935,118848,0
