x,y,z,roll,pitch,yaw,success,pos_err_mm,iterations,solve_ms,seed_used
-0.2,-0.55,0.35,0.0,0.0,0.0,0,188.355,700,40.98,-1
-0.2,-0.55,0.45,0.0,0.0,0.0,0,119.9,700,42.4,-1
-0.2,-0.55,0.55,0.0,0.0,0.0,0,64.429,700,52.56,-1
-0.2,-0.55,0.65,0.0,0.0,0.0,0,31.313,700,27.65,-1
-0.2,-0.55,0.75,0.0,0.0,0.0,0,29.196,700,26.52,-1
-0.2,-0.55,0.85,0.0,0.0,0.0,0,78.797,700,26.96,-1
-0.2,-0.45,0.35,0.0,0.0,0.0,0,141.592,700,27.23,-1
-0.2,-0.45,0.45,0.0,0.0,0.0,0,63.133,700,29.27,-1
-0.2,-0.45,0.55,0.0,0.0,0.0,1,1.824,14,0.58,0
-0.2,-0.45,0.65,0.0,0.0,0.0,1,1.432,316,13.06,3
-0.2,-0.45,0.75,0.0,0.0,0.0,1,1.563,9,0.38,0
-0.2,-0.45,0.85,0.0,0.0,0.0,1,2.365,8,0.34,0
-0.2,-0.35,0.35,0.0,0.0,0.0,0,125.489,700,27.18,-1
-0.2,-0.35,0.45,0.0,0.0,0.0,0,33.947,700,33.22,-1
-0.2,-0.35,0.55,0.0,0.0,0.0,1,1.491,223,11.16,2
-0.2,-0.35,0.65,0.0,0.0,0.0,1,2.257,20,1.21,0
-0.2,-0.35,0.75,0.0,0.0,0.0,1,2.67,8,0.51,0
-0.2,-0.35,0.85,0.0,0.0,0.0,1,1.511,8,0.5,0
-0.2,-0.25,0.35,0.0,0.0,0.0,0,125.134,700,28.1,-1
-0.2,-0.25,0.45,0.0,0.0,0.0,0,56.299,700,26.93,-1
-0.2,-0.25,0.55,0.0,0.0,0.0,0,113.393,700,27.23,-1
-0.2,-0.25,0.65,0.0,0.0,0.0,1,4.319,100,3.72,0
-0.2,-0.25,0.75,0.0,0.0,0.0,1,1.757,7,0.31,0
-0.2,-0.25,0.85,0.0,0.0,0.0,1,2.071,7,0.3,0
-0.2,-0.15,0.35,0.0,0.0,0.0,0,184.833,700,27.8,-1
-0.2,-0.15,0.45,0.0,0.0,0.0,0,15.278,700,26.52,-1
-0.2,-0.15,0.55,0.0,0.0,0.0,1,1.469,219,8.79,2
-0.2,-0.15,0.65,0.0,0.0,0.0,1,2.945,113,4.59,1
-0.2,-0.15,0.75,0.0,0.0,0.0,1,1.348,12,0.48,0
-0.2,-0.15,0.85,0.0,0.0,0.0,1,0.839,7,0.29,0
-0.2,-0.05,0.35,0.0,0.0,0.0,0,117.63,700,28.02,-1
-0.2,-0.05,0.45,0.0,0.0,0.0,0,32.35,700,27.68,-1
-0.2,-0.05,0.55,0.0,0.0,0.0,1,1.789,316,12.89,3
-0.2,-0.05,0.65,0.0,0.0,0.0,1,1.98,614,24.86,6
-0.2,-0.05,0.75,0.0,0.0,0.0,1,1.375,11,0.45,0
-0.2,-0.05,0.85,0.0,0.0,0.0,1,1.246,8,0.33,0
-0.1,-0.55,0.35,0.0,0.0,0.0,0,184.517,700,27.51,-1
-0.1,-0.55,0.45,0.0,0.0,0.0,0,117.14,700,26.86,-1
-0.1,-0.55,0.55,0.0,0.0,0.0,0,62.675,700,26.72,-1
-0.1,-0.55,0.65,0.0,0.0,0.0,0,38.87,700,27.32,-1
-0.1,-0.55,0.75,0.0,0.0,0.0,0,24.715,700,26.88,-1
-0.1,-0.55,0.85,0.0,0.0,0.0,0,24.762,700,26.31,-1
-0.1,-0.45,0.35,0.0,0.0,0.0,0,139.818,700,27.17,-1
-0.1,-0.45,0.45,0.0,0.0,0.0,0,62.402,700,26.7,-1
-0.1,-0.45,0.55,0.0,0.0,0.0,1,2.767,119,4.64,1
-0.1,-0.45,0.65,0.0,0.0,0.0,1,3.757,400,15.19,3
-0.1,-0.45,0.75,0.0,0.0,0.0,1,1.696,6,0.26,0
-0.1,-0.45,0.85,0.0,0.0,0.0,1,1.182,8,0.33,0
-0.1,-0.35,0.35,0.0,0.0,0.0,0,116.604,700,27.05,-1
-0.1,-0.35,0.45,0.0,0.0,0.0,0,32.326,700,26.84,-1
-0.1,-0.35,0.55,0.0,0.0,0.0,1,2.59,10,0.42,0
-0.1,-0.35,0.65,0.0,0.0,0.0,0,42.876,700,26.45,-1
-0.1,-0.35,0.75,0.0,0.0,0.0,1,2.518,7,0.29,0
-0.1,-0.35,0.85,0.0,0.0,0.0,1,1.496,7,0.29,0
-0.1,-0.25,0.35,0.0,0.0,0.0,0,90.47,700,27.12,-1
-0.1,-0.25,0.45,0.0,0.0,0.0,0,34.966,700,26.87,-1
-0.1,-0.25,0.55,0.0,0.0,0.0,0,119.767,700,27.5,-1
-0.1,-0.25,0.65,0.0,0.0,0.0,0,46.9,700,27.02,-1
-0.1,-0.25,0.75,0.0,0.0,0.0,1,1.791,6,0.26,0
-0.1,-0.25,0.85,0.0,0.0,0.0,1,1.522,6,0.25,0
-0.1,-0.15,0.35,0.0,0.0,0.0,0,99.727,700,27.16,-1
-0.1,-0.15,0.45,0.0,0.0,0.0,0,50.705,700,27.64,-1
-0.1,-0.15,0.55,0.0,0.0,0.0,1,2.809,310,12.47,3
-0.1,-0.15,0.65,0.0,0.0,0.0,0,139.008,700,27.9,-1
-0.1,-0.15,0.75,0.0,0.0,0.0,0,36.437,700,27.0,-1
-0.1,-0.15,0.85,0.0,0.0,0.0,1,1.818,8,0.33,0
-0.1,-0.05,0.35,0.0,0.0,0.0,0,41.994,700,27.92,-1
-0.1,-0.05,0.45,0.0,0.0,0.0,0,33.493,700,27.66,-1
-0.1,-0.05,0.55,0.0,0.0,0.0,1,2.6,509,20.58,5
-0.1,-0.05,0.65,0.0,0.0,0.0,0,170.432,700,28.0,-1
-0.1,-0.05,0.75,0.0,0.0,0.0,1,1.849,213,8.35,2
-0.1,-0.05,0.85,0.0,0.0,0.0,1,1.704,6,0.26,0
0.0,-0.55,0.35,0.0,0.0,0.0,0,202.315,700,27.26,-1
0.0,-0.55,0.45,0.0,0.0,0.0,0,143.899,700,27.23,-1
0.0,-0.55,0.55,0.0,0.0,0.0,0,53.07,700,27.35,-1
0.0,-0.55,0.65,0.0,0.0,0.0,0,69.745,700,27.21,-1
0.0,-0.55,0.75,0.0,0.0,0.0,0,18.576,700,27.0,-1
0.0,-0.55,0.85,0.0,0.0,0.0,0,22.092,700,26.04,-1
0.0,-0.45,0.35,0.0,0.0,0.0,0,162.057,700,27.33,-1
0.0,-0.45,0.45,0.0,0.0,0.0,0,100.598,700,27.29,-1
0.0,-0.45,0.55,0.0,0.0,0.0,0,76.956,700,27.16,-1
0.0,-0.45,0.65,0.0,0.0,0.0,0,23.351,700,26.52,-1
0.0,-0.45,0.75,0.0,0.0,0.0,1,0.396,6,0.25,0
0.0,-0.45,0.85,0.0,0.0,0.0,1,1.001,6,0.25,0
0.0,-0.35,0.35,0.0,0.0,0.0,0,142.375,700,27.1,-1
0.0,-0.35,0.45,0.0,0.0,0.0,0,81.139,700,27.83,-1
0.0,-0.35,0.55,0.0,0.0,0.0,0,54.866,700,26.79,-1
0.0,-0.35,0.65,0.0,0.0,0.0,1,0.685,6,0.26,0
0.0,-0.35,0.75,0.0,0.0,0.0,1,0.37,6,0.25,0
0.0,-0.35,0.85,0.0,0.0,0.0,1,1.322,14,0.54,0
0.0,-0.25,0.35,0.0,0.0,0.0,0,146.112,700,27.13,-1
0.0,-0.25,0.45,0.0,0.0,0.0,0,86.395,700,27.12,-1
0.0,-0.25,0.55,0.0,0.0,0.0,0,88.908,700,27.48,-1
0.0,-0.25,0.65,0.0,0.0,0.0,0,41.408,700,26.5,-1
0.0,-0.25,0.75,0.0,0.0,0.0,0,39.55,700,26.56,-1
0.0,-0.25,0.85,0.0,0.0,0.0,1,0.968,6,0.26,0
0.0,-0.15,0.35,0.0,0.0,0.0,0,170.129,700,27.78,-1
0.0,-0.15,0.45,0.0,0.0,0.0,0,111.242,700,27.89,-1
0.0,-0.15,0.55,0.0,0.0,0.0,0,87.427,700,27.75,-1
0.0,-0.15,0.65,0.0,0.0,0.0,0,137.254,700,28.01,-1
0.0,-0.15,0.75,0.0,0.0,0.0,0,97.081,700,27.03,-1
0.0,-0.15,0.85,0.0,0.0,0.0,1,1.632,7,0.29,0
0.0,-0.05,0.35,0.0,0.0,0.0,0,145.027,700,27.63,-1
0.0,-0.05,0.45,0.0,0.0,0.0,0,84.131,700,27.36,-1
0.0,-0.05,0.55,0.0,0.0,0.0,0,57.841,700,26.76,-1
0.0,-0.05,0.65,0.0,0.0,0.0,0,216.786,700,28.2,-1
0.0,-0.05,0.75,0.0,0.0,0.0,0,34.674,700,27.02,-1
0.0,-0.05,0.85,0.0,0.0,0.0,1,2.384,6,0.25,0
0.1,-0.55,0.35,0.0,0.0,0.0,0,236.398,700,27.44,-1
0.1,-0.55,0.45,0.0,0.0,0.0,0,169.316,700,27.17,-1
0.1,-0.55,0.55,0.0,0.0,0.0,0,102.973,700,27.29,-1
0.1,-0.55,0.65,0.0,0.0,0.0,0,41.219,700,27.39,-1
0.1,-0.55,0.75,0.0,0.0,0.0,0,24.695,700,26.59,-1
0.1,-0.55,0.85,0.0,0.0,0.0,0,24.724,700,26.07,-1
0.1,-0.45,0.35,0.0,0.0,0.0,0,216.035,700,27.21,-1
0.1,-0.45,0.45,0.0,0.0,0.0,0,176.418,700,27.19,-1
0.1,-0.45,0.55,0.0,0.0,0.0,0,96.581,700,27.36,-1
0.1,-0.45,0.65,0.0,0.0,0.0,0,34.184,700,27.06,-1
0.1,-0.45,0.75,0.0,0.0,0.0,1,1.412,8,0.33,0
0.1,-0.45,0.85,0.0,0.0,0.0,1,1.906,7,0.29,0
0.1,-0.35,0.35,0.0,0.0,0.0,0,257.116,700,27.59,-1
0.1,-0.35,0.45,0.0,0.0,0.0,0,111.862,700,27.22,-1
0.1,-0.35,0.55,0.0,0.0,0.0,0,31.991,700,27.51,-1
0.1,-0.35,0.65,0.0,0.0,0.0,0,42.876,700,26.68,-1
0.1,-0.35,0.75,0.0,0.0,0.0,1,2.549,10,0.4,0
0.1,-0.35,0.85,0.0,0.0,0.0,1,2.658,5,0.21,0
0.1,-0.25,0.35,0.0,0.0,0.0,0,178.551,700,27.61,-1
0.1,-0.25,0.45,0.0,0.0,0.0,0,90.976,700,27.56,-1
0.1,-0.25,0.55,0.0,0.0,0.0,0,104.151,700,27.59,-1
0.1,-0.25,0.65,0.0,0.0,0.0,0,45.981,700,27.73,-1
0.1,-0.25,0.75,0.0,0.0,0.0,1,2.201,7,0.3,0
0.1,-0.25,0.85,0.0,0.0,0.0,1,1.368,4,0.17,0
0.1,-0.15,0.35,0.0,0.0,0.0,0,203.717,700,27.37,-1
0.1,-0.15,0.45,0.0,0.0,0.0,0,192.375,700,28.35,-1
0.1,-0.15,0.55,0.0,0.0,0.0,0,163.984,700,28.0,-1
0.1,-0.15,0.65,0.0,0.0,0.0,0,86.995,700,28.3,-1
0.1,-0.15,0.75,0.0,0.0,0.0,0,59.241,700,26.94,-1
0.1,-0.15,0.85,0.0,0.0,0.0,1,1.94,6,0.25,0
0.1,-0.05,0.35,0.0,0.0,0.0,0,207.591,700,27.61,-1
0.1,-0.05,0.45,0.0,0.0,0.0,0,171.179,700,27.75,-1
0.1,-0.05,0.55,0.0,0.0,0.0,0,153.605,700,28.61,-1
0.1,-0.05,0.65,0.0,0.0,0.0,0,68.275,700,28.07,-1
0.1,-0.05,0.75,0.0,0.0,0.0,0,94.45,700,27.1,-1
0.1,-0.05,0.85,0.0,0.0,0.0,0,28.123,700,26.52,-1
0.2,-0.55,0.35,0.0,0.0,0.0,0,230.033,700,27.73,-1
0.2,-0.55,0.45,0.0,0.0,0.0,0,163.421,700,27.16,-1
0.2,-0.55,0.55,0.0,0.0,0.0,0,99.071,700,26.96,-1
0.2,-0.55,0.65,0.0,0.0,0.0,0,40.466,700,26.97,-1
0.2,-0.55,0.75,0.0,0.0,0.0,0,28.491,700,26.19,-1
0.2,-0.55,0.85,0.0,0.0,0.0,0,95.42,700,26.01,-1
0.2,-0.45,0.35,0.0,0.0,0.0,0,220.727,700,27.2,-1
0.2,-0.45,0.45,0.0,0.0,0.0,0,164.032,700,27.11,-1
0.2,-0.45,0.55,0.0,0.0,0.0,0,101.773,700,26.67,-1
0.2,-0.45,0.65,0.0,0.0,0.0,0,33.522,700,26.49,-1
0.2,-0.45,0.75,0.0,0.0,0.0,1,2.79,16,0.64,0
0.2,-0.45,0.85,0.0,0.0,0.0,1,2.302,7,0.29,0
0.2,-0.35,0.35,0.0,0.0,0.0,0,178.604,700,27.29,-1
0.2,-0.35,0.45,0.0,0.0,0.0,0,165.659,700,27.23,-1
0.2,-0.35,0.55,0.0,0.0,0.0,0,115.11,700,27.05,-1
0.2,-0.35,0.65,0.0,0.0,0.0,0,38.819,700,26.95,-1
0.2,-0.35,0.75,0.0,0.0,0.0,1,1.861,7,0.29,0
0.2,-0.35,0.85,0.0,0.0,0.0,1,0.889,8,0.32,0
0.2,-0.25,0.35,0.0,0.0,0.0,0,191.277,700,27.28,-1
0.2,-0.25,0.45,0.0,0.0,0.0,0,200.055,700,27.6,-1
0.2,-0.25,0.55,0.0,0.0,0.0,0,120.368,700,27.4,-1
0.2,-0.25,0.65,0.0,0.0,0.0,0,40.514,700,26.51,-1
0.2,-0.25,0.75,0.0,0.0,0.0,1,1.884,12,0.47,0
0.2,-0.25,0.85,0.0,0.0,0.0,1,0.83,5,0.23,0
0.2,-0.15,0.35,0.0,0.0,0.0,0,211.921,700,27.84,-1
0.2,-0.15,0.45,0.0,0.0,0.0,0,211.251,700,27.74,-1
0.2,-0.15,0.55,0.0,0.0,0.0,0,136.758,700,27.46,-1
0.2,-0.15,0.65,0.0,0.0,0.0,0,69.706,700,27.24,-1
0.2,-0.15,0.75,0.0,0.0,0.0,0,49.113,700,26.5,-1
0.2,-0.15,0.85,0.0,0.0,0.0,1,2.109,410,15.52,4
0.2,-0.05,0.35,0.0,0.0,0.0,0,228.714,700,27.63,-1
0.2,-0.05,0.45,0.0,0.0,0.0,0,220.556,700,27.86,-1
0.2,-0.05,0.55,0.0,0.0,0.0,0,171.009,700,27.91,-1
0.2,-0.05,0.65,0.0,0.0,0.0,0,136.35,700,27.31,-1
0.2,-0.05,0.75,0.0,0.0,0.0,0,116.272,700,26.67,-1
0.2,-0.05,0.85,0.0,0.0,0.0,0,46.224,700,26.57,-1
0.3,-0.55,0.35,0.0,0.0,0.0,0,240.734,700,27.75,-1
0.3,-0.55,0.45,0.0,0.0,0.0,0,175.471,700,27.8,-1
0.3,-0.55,0.55,0.0,0.0,0.0,0,115.922,700,27.94,-1
0.3,-0.55,0.65,0.0,0.0,0.0,0,71.341,700,27.86,-1
0.3,-0.55,0.75,0.0,0.0,0.0,0,66.691,700,26.93,-1
0.3,-0.55,0.85,0.0,0.0,0.0,0,84.956,700,26.88,-1
0.3,-0.45,0.35,0.0,0.0,0.0,0,242.859,700,27.09,-1
0.3,-0.45,0.45,0.0,0.0,0.0,0,139.135,700,27.02,-1
0.3,-0.45,0.55,0.0,0.0,0.0,0,91.258,700,26.73,-1
0.3,-0.45,0.65,0.0,0.0,0.0,0,29.779,700,26.49,-1
0.3,-0.45,0.75,0.0,0.0,0.0,1,2.821,7,0.29,0
0.3,-0.45,0.85,0.0,0.0,0.0,0,12.377,700,25.73,-1
0.3,-0.35,0.35,0.0,0.0,0.0,0,216.534,700,27.35,-1
0.3,-0.35,0.45,0.0,0.0,0.0,0,163.524,700,26.97,-1
0.3,-0.35,0.55,0.0,0.0,0.0,0,101.194,700,26.42,-1
0.3,-0.35,0.65,0.0,0.0,0.0,0,33.09,700,26.47,-1
0.3,-0.35,0.75,0.0,0.0,0.0,1,2.337,10,0.4,0
0.3,-0.35,0.85,0.0,0.0,0.0,1,0.749,8,0.8,0
0.3,-0.25,0.35,0.0,0.0,0.0,0,220.159,700,26.99,-1
0.3,-0.25,0.45,0.0,0.0,0.0,0,176.093,700,26.77,-1
0.3,-0.25,0.55,0.0,0.0,0.0,0,108.883,700,26.56,-1
0.3,-0.25,0.65,0.0,0.0,0.0,0,35.731,700,27.45,-1
0.3,-0.25,0.75,0.0,0.0,0.0,1,0.672,7,0.3,0
0.3,-0.25,0.85,0.0,0.0,0.0,1,2.79,8,0.33,0
0.3,-0.15,0.35,0.0,0.0,0.0,0,238.914,700,27.25,-1
0.3,-0.15,0.45,0.0,0.0,0.0,0,180.666,700,27.13,-1
0.3,-0.15,0.55,0.0,0.0,0.0,0,111.668,700,27.23,-1
0.3,-0.15,0.65,0.0,0.0,0.0,0,37.431,700,27.26,-1
0.3,-0.15,0.75,0.0,0.0,0.0,1,6.208,100,3.78,0
0.3,-0.15,0.85,0.0,0.0,0.0,1,2.876,8,0.34,0
0.3,-0.05,0.35,0.0,0.0,0.0,0,238.979,700,27.47,-1
0.3,-0.05,0.45,0.0,0.0,0.0,0,178.829,700,27.6,-1
0.3,-0.05,0.55,0.0,0.0,0.0,0,116.458,700,27.36,-1
0.3,-0.05,0.65,0.0,0.0,0.0,0,66.02,700,27.43,-1
0.3,-0.05,0.75,0.0,0.0,0.0,0,53.543,700,26.89,-1
0.3,-0.05,0.85,0.0,0.0,0.0,1,2.759,9,0.38,0
0.4,-0.55,0.35,0.0,0.0,0.0,0,247.619,700,27.25,-1
0.4,-0.55,0.45,0.0,0.0,0.0,0,189.186,700,27.09,-1
0.4,-0.55,0.55,0.0,0.0,0.0,0,148.833,700,26.84,-1
0.4,-0.55,0.65,0.0,0.0,0.0,0,132.622,700,28.24,-1
0.4,-0.55,0.75,0.0,0.0,0.0,0,129.619,700,26.04,-1
0.4,-0.55,0.85,0.0,0.0,0.0,0,163.953,700,25.98,-1
0.4,-0.45,0.35,0.0,0.0,0.0,0,233.903,700,27.3,-1
0.4,-0.45,0.45,0.0,0.0,0.0,0,168.18,700,26.79,-1
0.4,-0.45,0.55,0.0,0.0,0.0,0,109.964,700,41.5,-1
0.4,-0.45,0.65,0.0,0.0,0.0,0,68.366,700,38.31,-1
0.4,-0.45,0.75,0.0,0.0,0.0,0,64.733,700,30.8,-1
0.4,-0.45,0.85,0.0,0.0,0.0,0,84.598,700,26.0,-1
0.4,-0.35,0.35,0.0,0.0,0.0,0,222.857,700,27.6,-1
0.4,-0.35,0.45,0.0,0.0,0.0,0,155.895,700,26.89,-1
0.4,-0.35,0.55,0.0,0.0,0.0,0,92.843,700,42.48,-1
0.4,-0.35,0.65,0.0,0.0,0.0,0,31.115,700,26.72,-1
0.4,-0.35,0.75,0.0,0.0,0.0,0,13.693,700,41.52,-1
0.4,-0.35,0.85,0.0,0.0,0.0,0,34.868,700,25.75,-1
0.4,-0.25,0.35,0.0,0.0,0.0,0,224.661,700,27.03,-1
0.4,-0.25,0.45,0.0,0.0,0.0,0,153.436,700,26.56,-1
0.4,-0.25,0.55,0.0,0.0,0.0,0,92.674,700,26.52,-1
0.4,-0.25,0.65,0.0,0.0,0.0,0,30.489,700,26.68,-1
0.4,-0.25,0.75,0.0,0.0,0.0,1,1.732,14,0.55,0
0.4,-0.25,0.85,0.0,0.0,0.0,1,4.589,100,3.68,0
0.4,-0.15,0.35,0.0,0.0,0.0,0,216.454,700,27.28,-1
0.4,-0.15,0.45,0.0,0.0,0.0,0,153.864,700,27.26,-1
0.4,-0.15,0.55,0.0,0.0,0.0,0,94.489,700,27.07,-1
0.4,-0.15,0.65,0.0,0.0,0.0,0,31.136,700,26.71,-1
0.4,-0.15,0.75,0.0,0.0,0.0,1,0.914,12,0.49,0
0.4,-0.15,0.85,0.0,0.0,0.0,1,2.547,12,0.48,0
0.4,-0.05,0.35,0.0,0.0,0.0,0,221.323,700,28.28,-1
0.4,-0.05,0.45,0.0,0.0,0.0,0,156.352,700,28.33,-1
0.4,-0.05,0.55,0.0,0.0,0.0,0,94.613,700,27.2,-1
0.4,-0.05,0.65,0.0,0.0,0.0,0,31.167,700,26.95,-1
0.4,-0.05,0.75,0.0,0.0,0.0,1,1.642,10,0.41,0
0.4,-0.05,0.85,0.0,0.0,0.0,1,7.153,100,3.69,0
-0.2,-0.55,0.35,0.0,45.0,0.0,0,262.487,700,27.53,-1
-0.2,-0.55,0.45,0.0,45.0,0.0,0,193.019,700,26.89,-1
-0.2,-0.55,0.55,0.0,45.0,0.0,0,127.478,700,26.96,-1
-0.2,-0.55,0.65,0.0,45.0,0.0,0,74.941,700,26.87,-1
-0.2,-0.55,0.75,0.0,45.0,0.0,0,43.322,700,27.18,-1
-0.2,-0.55,0.85,0.0,45.0,0.0,0,43.258,700,27.12,-1
-0.2,-0.45,0.35,0.0,45.0,0.0,0,234.509,700,27.17,-1
-0.2,-0.45,0.45,0.0,45.0,0.0,0,151.305,700,26.85,-1
-0.2,-0.45,0.55,0.0,45.0,0.0,0,76.007,700,26.89,-1
-0.2,-0.45,0.65,0.0,45.0,0.0,1,9.974,300,11.34,2
-0.2,-0.45,0.75,0.0,45.0,0.0,1,1.472,21,0.82,0
-0.2,-0.45,0.85,0.0,45.0,0.0,1,0.922,212,8.44,2
-0.2,-0.35,0.35,0.0,45.0,0.0,0,191.5,700,27.05,-1
-0.2,-0.35,0.45,0.0,45.0,0.0,0,130.917,700,26.93,-1
-0.2,-0.35,0.55,0.0,45.0,0.0,0,48.276,700,27.12,-1
-0.2,-0.35,0.65,0.0,45.0,0.0,0,128.443,700,26.97,-1
-0.2,-0.35,0.75,0.0,45.0,0.0,1,1.619,332,12.97,3
-0.2,-0.35,0.85,0.0,45.0,0.0,1,2.378,110,4.39,1
-0.2,-0.25,0.35,0.0,45.0,0.0,0,268.28,700,27.35,-1
-0.2,-0.25,0.45,0.0,45.0,0.0,0,134.729,700,27.25,-1
-0.2,-0.25,0.55,0.0,45.0,0.0,0,99.286,700,27.9,-1
-0.2,-0.25,0.65,0.0,45.0,0.0,1,1.274,8,0.33,0
-0.2,-0.25,0.75,0.0,45.0,0.0,1,2.567,17,0.68,0
-0.2,-0.25,0.85,0.0,45.0,0.0,1,1.745,9,0.36,0
-0.2,-0.15,0.35,0.0,45.0,0.0,0,196.605,700,27.45,-1
-0.2,-0.15,0.45,0.0,45.0,0.0,0,75.94,700,27.36,-1
-0.2,-0.15,0.55,0.0,45.0,0.0,0,50.971,700,26.66,-1
-0.2,-0.15,0.65,0.0,45.0,0.0,1,3.811,100,3.7,0
-0.2,-0.15,0.75,0.0,45.0,0.0,1,1.674,7,0.29,0
-0.2,-0.15,0.85,0.0,45.0,0.0,1,1.216,9,0.36,0
-0.2,-0.05,0.35,0.0,45.0,0.0,0,285.802,700,26.82,-1
-0.2,-0.05,0.45,0.0,45.0,0.0,0,133.604,700,26.73,-1
-0.2,-0.05,0.55,0.0,45.0,0.0,0,49.986,700,26.86,-1
-0.2,-0.05,0.65,0.0,45.0,0.0,1,2.04,13,0.53,0
-0.2,-0.05,0.75,0.0,45.0,0.0,1,1.738,12,0.49,0
-0.2,-0.05,0.85,0.0,45.0,0.0,1,1.254,8,0.32,0
-0.1,-0.55,0.35,0.0,45.0,0.0,0,209.361,700,27.6,-1
-0.1,-0.55,0.45,0.0,45.0,0.0,0,167.34,700,26.96,-1
-0.1,-0.55,0.55,0.0,45.0,0.0,0,116.131,700,27.21,-1
-0.1,-0.55,0.65,0.0,45.0,0.0,0,61.194,700,27.07,-1
-0.1,-0.55,0.75,0.0,45.0,0.0,0,41.331,700,27.31,-1
-0.1,-0.55,0.85,0.0,45.0,0.0,0,24.892,700,26.74,-1
-0.1,-0.45,0.35,0.0,45.0,0.0,0,206.225,700,26.82,-1
-0.1,-0.45,0.45,0.0,45.0,0.0,0,142.362,700,26.66,-1
-0.1,-0.45,0.55,0.0,45.0,0.0,0,154.516,700,26.95,-1
-0.1,-0.45,0.65,0.0,45.0,0.0,0,100.608,700,26.84,-1
-0.1,-0.45,0.75,0.0,45.0,0.0,1,2.642,112,4.55,1
-0.1,-0.45,0.85,0.0,45.0,0.0,1,1.582,212,8.36,2
-0.1,-0.35,0.35,0.0,45.0,0.0,0,257.917,700,27.15,-1
-0.1,-0.35,0.45,0.0,45.0,0.0,0,78.89,700,26.72,-1
-0.1,-0.35,0.55,0.0,45.0,0.0,0,35.268,700,26.97,-1
-0.1,-0.35,0.65,0.0,45.0,0.0,0,42.831,700,26.62,-1
-0.1,-0.35,0.75,0.0,45.0,0.0,1,2.194,519,19.8,5
-0.1,-0.35,0.85,0.0,45.0,0.0,1,1.351,106,4.26,1
-0.1,-0.25,0.35,0.0,45.0,0.0,0,203.789,700,27.27,-1
-0.1,-0.25,0.45,0.0,45.0,0.0,0,196.153,700,27.28,-1
-0.1,-0.25,0.55,0.0,45.0,0.0,0,40.915,700,27.48,-1
-0.1,-0.25,0.65,0.0,45.0,0.0,1,4.289,300,11.77,2
-0.1,-0.25,0.75,0.0,45.0,0.0,0,32.541,700,27.38,-1
-0.1,-0.25,0.85,0.0,45.0,0.0,1,1.662,7,0.29,0
-0.1,-0.15,0.35,0.0,45.0,0.0,0,265.419,700,27.19,-1
-0.1,-0.15,0.45,0.0,45.0,0.0,0,106.886,700,26.79,-1
-0.1,-0.15,0.55,0.0,45.0,0.0,0,44.44,700,27.07,-1
-0.1,-0.15,0.65,0.0,45.0,0.0,0,39.045,700,27.17,-1
-0.1,-0.15,0.75,0.0,45.0,0.0,0,36.468,700,27.28,-1
-0.1,-0.15,0.85,0.0,45.0,0.0,1,1.186,9,0.37,0
-0.1,-0.05,0.35,0.0,45.0,0.0,0,269.866,700,27.21,-1
-0.1,-0.05,0.45,0.0,45.0,0.0,0,126.301,700,27.03,-1
-0.1,-0.05,0.55,0.0,45.0,0.0,0,37.393,700,27.47,-1
-0.1,-0.05,0.65,0.0,45.0,0.0,1,3.358,100,3.75,0
-0.1,-0.05,0.75,0.0,45.0,0.0,1,2.551,11,0.45,0
-0.1,-0.05,0.85,0.0,45.0,0.0,1,1.479,7,0.29,0
0.0,-0.55,0.35,0.0,45.0,0.0,0,164.954,700,27.98,-1
0.0,-0.55,0.45,0.0,45.0,0.0,0,116.551,700,27.15,-1
0.0,-0.55,0.55,0.0,45.0,0.0,0,75.246,700,27.47,-1
0.0,-0.55,0.65,0.0,45.0,0.0,0,55.976,700,27.29,-1
0.0,-0.55,0.75,0.0,45.0,0.0,0,38.797,700,27.23,-1
0.0,-0.55,0.85,0.0,45.0,0.0,0,22.105,700,26.96,-1
0.0,-0.45,0.35,0.0,45.0,0.0,0,155.447,700,26.69,-1
0.0,-0.45,0.45,0.0,45.0,0.0,0,156.244,700,26.75,-1
0.0,-0.45,0.55,0.0,45.0,0.0,0,81.709,700,26.89,-1
0.0,-0.45,0.65,0.0,45.0,0.0,0,23.417,700,26.62,-1
0.0,-0.45,0.75,0.0,45.0,0.0,1,1.424,108,4.29,1
0.0,-0.45,0.85,0.0,45.0,0.0,1,0.738,321,12.68,3
0.0,-0.35,0.35,0.0,45.0,0.0,0,141.72,700,27.24,-1
0.0,-0.35,0.45,0.0,45.0,0.0,0,138.456,700,26.63,-1
0.0,-0.35,0.55,0.0,45.0,0.0,0,56.586,700,26.99,-1
0.0,-0.35,0.65,0.0,45.0,0.0,1,1.476,6,0.25,0
0.0,-0.35,0.75,0.0,45.0,0.0,1,1.207,6,0.25,0
0.0,-0.35,0.85,0.0,45.0,0.0,1,1.567,24,0.94,0
0.0,-0.25,0.35,0.0,45.0,0.0,0,190.113,700,27.53,-1
0.0,-0.25,0.45,0.0,45.0,0.0,0,135.474,700,27.06,-1
0.0,-0.25,0.55,0.0,45.0,0.0,0,62.696,700,27.46,-1
0.0,-0.25,0.65,0.0,45.0,0.0,0,41.429,700,26.71,-1
0.0,-0.25,0.75,0.0,45.0,0.0,0,39.569,700,26.53,-1
0.0,-0.25,0.85,0.0,45.0,0.0,1,0.993,7,0.29,0
0.0,-0.15,0.35,0.0,45.0,0.0,0,194.743,700,27.21,-1
0.0,-0.15,0.45,0.0,45.0,0.0,0,162.881,700,27.26,-1
0.0,-0.15,0.55,0.0,45.0,0.0,0,112.568,700,27.93,-1
0.0,-0.15,0.65,0.0,45.0,0.0,0,123.989,700,28.42,-1
0.0,-0.15,0.75,0.0,45.0,0.0,0,97.065,700,26.67,-1
0.0,-0.15,0.85,0.0,45.0,0.0,1,2.885,7,0.29,0
0.0,-0.05,0.35,0.0,45.0,0.0,0,196.824,700,27.65,-1
0.0,-0.05,0.45,0.0,45.0,0.0,0,143.467,700,26.98,-1
0.0,-0.05,0.55,0.0,45.0,0.0,0,188.895,700,27.74,-1
0.0,-0.05,0.65,0.0,45.0,0.0,0,35.72,700,28.13,-1
0.0,-0.05,0.75,0.0,45.0,0.0,0,33.488,700,25.97,-1
0.0,-0.05,0.85,0.0,45.0,0.0,1,1.899,6,0.25,0
0.1,-0.55,0.35,0.0,45.0,0.0,0,136.767,700,27.91,-1
0.1,-0.55,0.45,0.0,45.0,0.0,0,78.195,700,27.82,-1
0.1,-0.55,0.55,0.0,45.0,0.0,0,31.545,700,27.75,-1
0.1,-0.55,0.65,0.0,45.0,0.0,0,31.633,700,26.86,-1
0.1,-0.55,0.75,0.0,45.0,0.0,0,24.656,700,27.25,-1
0.1,-0.55,0.85,0.0,45.0,0.0,0,24.785,700,26.99,-1
0.1,-0.45,0.35,0.0,45.0,0.0,0,92.227,700,26.48,-1
0.1,-0.45,0.45,0.0,45.0,0.0,0,68.922,700,26.74,-1
0.1,-0.45,0.55,0.0,45.0,0.0,0,30.259,700,26.53,-1
0.1,-0.45,0.65,0.0,45.0,0.0,1,2.172,208,8.02,2
0.1,-0.45,0.75,0.0,45.0,0.0,1,1.734,207,8.11,2
0.1,-0.45,0.85,0.0,45.0,0.0,1,1.153,27,1.03,0
0.1,-0.35,0.35,0.0,45.0,0.0,0,116.279,700,26.67,-1
0.1,-0.35,0.45,0.0,45.0,0.0,0,77.506,700,26.81,-1
0.1,-0.35,0.55,0.0,45.0,0.0,0,30.726,700,27.22,-1
0.1,-0.35,0.65,0.0,45.0,0.0,1,2.367,206,7.83,2
0.1,-0.35,0.75,0.0,45.0,0.0,1,2.595,112,4.25,1
0.1,-0.35,0.85,0.0,45.0,0.0,1,1.65,108,4.28,1
0.1,-0.25,0.35,0.0,45.0,0.0,0,124.809,700,26.89,-1
0.1,-0.25,0.45,0.0,45.0,0.0,0,83.979,700,27.21,-1
0.1,-0.25,0.55,0.0,45.0,0.0,0,30.001,700,26.47,-1
0.1,-0.25,0.65,0.0,45.0,0.0,1,3.26,100,3.78,0
0.1,-0.25,0.75,0.0,45.0,0.0,1,2.277,16,0.63,0
0.1,-0.25,0.85,0.0,45.0,0.0,1,1.512,6,0.25,0
0.1,-0.15,0.35,0.0,45.0,0.0,0,127.871,700,27.11,-1
0.1,-0.15,0.45,0.0,45.0,0.0,0,91.851,700,27.14,-1
0.1,-0.15,0.55,0.0,45.0,0.0,0,69.468,700,27.12,-1
0.1,-0.15,0.65,0.0,45.0,0.0,0,65.291,700,27.08,-1
0.1,-0.15,0.75,0.0,45.0,0.0,0,36.492,700,26.59,-1
0.1,-0.15,0.85,0.0,45.0,0.0,1,1.339,6,0.25,0
0.1,-0.05,0.35,0.0,45.0,0.0,0,127.685,700,27.58,-1
0.1,-0.05,0.45,0.0,45.0,0.0,0,123.926,700,27.78,-1
0.1,-0.05,0.55,0.0,45.0,0.0,0,148.221,700,27.13,-1
0.1,-0.05,0.65,0.0,45.0,0.0,0,136.505,700,26.99,-1
0.1,-0.05,0.75,0.0,45.0,0.0,0,12.946,700,26.47,-1
0.1,-0.05,0.85,0.0,45.0,0.0,1,2.061,7,0.3,0
0.2,-0.55,0.35,0.0,45.0,0.0,0,128.785,700,26.91,-1
0.2,-0.55,0.45,0.0,45.0,0.0,0,76.697,700,27.7,-1
0.2,-0.55,0.55,0.0,45.0,0.0,0,41.113,700,26.46,-1
0.2,-0.55,0.65,0.0,45.0,0.0,0,28.274,700,26.61,-1
0.2,-0.55,0.75,0.0,45.0,0.0,0,28.496,700,26.13,-1
0.2,-0.55,0.85,0.0,45.0,0.0,0,42.029,700,26.63,-1
0.2,-0.45,0.35,0.0,45.0,0.0,0,82.621,700,26.47,-1
0.2,-0.45,0.45,0.0,45.0,0.0,0,21.097,700,26.35,-1
0.2,-0.45,0.55,0.0,45.0,0.0,1,0.575,10,0.4,0
0.2,-0.45,0.65,0.0,45.0,0.0,1,3.477,100,3.67,0
0.2,-0.45,0.75,0.0,45.0,0.0,1,1.027,5,0.21,0
0.2,-0.45,0.85,0.0,45.0,0.0,1,2.656,9,0.35,0
0.2,-0.35,0.35,0.0,45.0,0.0,0,64.652,700,26.37,-1
0.2,-0.35,0.45,0.0,45.0,0.0,0,22.914,700,26.38,-1
0.2,-0.35,0.55,0.0,45.0,0.0,1,0.732,14,0.55,0
0.2,-0.35,0.65,0.0,45.0,0.0,1,2.196,11,0.43,0
0.2,-0.35,0.75,0.0,45.0,0.0,1,2.929,14,0.53,0
0.2,-0.35,0.85,0.0,45.0,0.0,1,2.194,8,0.32,0
0.2,-0.25,0.35,0.0,45.0,0.0,0,67.574,700,26.45,-1
0.2,-0.25,0.45,0.0,45.0,0.0,0,24.676,700,26.39,-1
0.2,-0.25,0.55,0.0,45.0,0.0,1,0.458,218,8.26,2
0.2,-0.25,0.65,0.0,45.0,0.0,1,2.97,21,0.78,0
0.2,-0.25,0.75,0.0,45.0,0.0,1,1.302,9,0.35,0
0.2,-0.25,0.85,0.0,45.0,0.0,1,1.016,7,0.28,0
0.2,-0.15,0.35,0.0,45.0,0.0,0,69.0,700,27.06,-1
0.2,-0.15,0.45,0.0,45.0,0.0,0,25.348,700,26.88,-1
0.2,-0.15,0.55,0.0,45.0,0.0,0,37.055,700,26.69,-1
0.2,-0.15,0.65,0.0,45.0,0.0,0,31.162,700,26.48,-1
0.2,-0.15,0.75,0.0,45.0,0.0,1,2.76,510,19.31,5
0.2,-0.15,0.85,0.0,45.0,0.0,1,1.172,408,15.78,4
0.2,-0.05,0.35,0.0,45.0,0.0,0,69.025,700,27.01,-1
0.2,-0.05,0.45,0.0,45.0,0.0,0,49.122,700,27.58,-1
0.2,-0.05,0.55,0.0,45.0,0.0,0,97.67,700,26.48,-1
0.2,-0.05,0.65,0.0,45.0,0.0,0,86.705,700,26.28,-1
0.2,-0.05,0.75,0.0,45.0,0.0,0,10.422,700,26.43,-1
0.2,-0.05,0.85,0.0,45.0,0.0,0,95.87,700,26.7,-1
0.3,-0.55,0.35,0.0,45.0,0.0,0,171.282,700,26.47,-1
0.3,-0.55,0.45,0.0,45.0,0.0,0,119.664,700,26.12,-1
0.3,-0.55,0.55,0.0,45.0,0.0,0,83.871,700,27.1,-1
0.3,-0.55,0.65,0.0,45.0,0.0,0,66.339,700,26.85,-1
0.3,-0.55,0.75,0.0,45.0,0.0,0,66.692,700,26.58,-1
0.3,-0.55,0.85,0.0,45.0,0.0,0,84.957,700,26.33,-1
0.3,-0.45,0.35,0.0,45.0,0.0,0,111.833,700,26.34,-1
0.3,-0.45,0.45,0.0,45.0,0.0,0,53.304,700,25.86,-1
0.3,-0.45,0.55,0.0,45.0,0.0,0,11.583,700,25.98,-1
0.3,-0.45,0.65,0.0,45.0,0.0,1,2.154,9,0.36,0
0.3,-0.45,0.75,0.0,45.0,0.0,1,2.209,11,0.43,0
0.3,-0.45,0.85,0.0,45.0,0.0,0,21.684,700,25.23,-1
0.3,-0.35,0.35,0.0,45.0,0.0,0,66.274,700,26.38,-1
0.3,-0.35,0.45,0.0,45.0,0.0,1,4.677,100,3.7,0
0.3,-0.35,0.55,0.0,45.0,0.0,1,0.514,7,0.29,0
0.3,-0.35,0.65,0.0,45.0,0.0,1,0.287,7,0.29,0
0.3,-0.35,0.75,0.0,45.0,0.0,1,1.239,10,0.39,0
0.3,-0.35,0.85,0.0,45.0,0.0,1,0.998,6,0.25,0
0.3,-0.25,0.35,0.0,45.0,0.0,0,38.693,700,26.4,-1
0.3,-0.25,0.45,0.0,45.0,0.0,1,0.868,9,0.38,0
0.3,-0.25,0.55,0.0,45.0,0.0,1,0.046,7,0.29,0
0.3,-0.25,0.65,0.0,45.0,0.0,1,2.181,13,0.51,0
0.3,-0.25,0.75,0.0,45.0,0.0,1,0.572,7,0.29,0
0.3,-0.25,0.85,0.0,45.0,0.0,1,1.856,12,0.46,0
0.3,-0.15,0.35,0.0,45.0,0.0,0,30.781,700,26.35,-1
0.3,-0.15,0.45,0.0,45.0,0.0,1,0.619,6,0.26,0
0.3,-0.15,0.55,0.0,45.0,0.0,1,1.589,216,10.06,2
0.3,-0.15,0.65,0.0,45.0,0.0,1,6.614,100,3.89,0
0.3,-0.15,0.75,0.0,45.0,0.0,1,6.218,200,7.74,1
0.3,-0.15,0.85,0.0,45.0,0.0,1,0.935,206,8.15,2
0.3,-0.05,0.35,0.0,45.0,0.0,0,40.555,700,28.36,-1
0.3,-0.05,0.45,0.0,45.0,0.0,1,1.318,106,4.05,1
0.3,-0.05,0.55,0.0,45.0,0.0,0,28.226,700,26.71,-1
0.3,-0.05,0.65,0.0,45.0,0.0,0,54.088,700,26.44,-1
0.3,-0.05,0.75,0.0,45.0,0.0,0,53.544,700,26.55,-1
0.3,-0.05,0.85,0.0,45.0,0.0,1,1.656,516,19.96,5
0.4,-0.55,0.35,0.0,45.0,0.0,0,226.056,700,25.8,-1
0.4,-0.55,0.45,0.0,45.0,0.0,0,251.998,700,25.97,-1
0.4,-0.55,0.55,0.0,45.0,0.0,0,146.34,700,26.03,-1
0.4,-0.55,0.65,0.0,45.0,0.0,0,129.265,700,25.86,-1
0.4,-0.55,0.75,0.0,45.0,0.0,0,129.622,700,26.14,-1
0.4,-0.55,0.85,0.0,45.0,0.0,0,147.375,700,26.11,-1
0.4,-0.45,0.35,0.0,45.0,0.0,0,171.468,700,26.16,-1
0.4,-0.45,0.45,0.0,45.0,0.0,0,120.253,700,26.08,-1
0.4,-0.45,0.55,0.0,45.0,0.0,0,83.441,700,25.86,-1
0.4,-0.45,0.65,0.0,45.0,0.0,0,64.217,700,25.97,-1
0.4,-0.45,0.75,0.0,45.0,0.0,0,64.616,700,25.92,-1
0.4,-0.45,0.85,0.0,45.0,0.0,0,84.6,700,25.61,-1
0.4,-0.35,0.35,0.0,45.0,0.0,0,129.436,700,26.07,-1
0.4,-0.35,0.45,0.0,45.0,0.0,0,74.019,700,26.05,-1
0.4,-0.35,0.55,0.0,45.0,0.0,0,33.592,700,25.88,-1
0.4,-0.35,0.65,0.0,45.0,0.0,0,12.238,700,25.9,-1
0.4,-0.35,0.75,0.0,45.0,0.0,0,12.766,700,25.65,-1
0.4,-0.35,0.85,0.0,45.0,0.0,0,34.868,700,25.75,-1
0.4,-0.25,0.35,0.0,45.0,0.0,0,102.906,700,25.8,-1
0.4,-0.25,0.45,0.0,45.0,0.0,0,44.433,700,25.81,-1
0.4,-0.25,0.55,0.0,45.0,0.0,1,5.204,100,3.7,0
0.4,-0.25,0.65,0.0,45.0,0.0,1,1.684,5,0.21,0
0.4,-0.25,0.75,0.0,45.0,0.0,1,1.409,7,0.28,0
0.4,-0.25,0.85,0.0,45.0,0.0,1,5.889,100,3.68,0
0.4,-0.15,0.35,0.0,45.0,0.0,0,94.208,700,25.87,-1
0.4,-0.15,0.45,0.0,45.0,0.0,0,34.655,700,25.9,-1
0.4,-0.15,0.55,0.0,45.0,0.0,1,2.336,6,0.26,0
0.4,-0.15,0.65,0.0,45.0,0.0,1,1.147,109,4.18,1
0.4,-0.15,0.75,0.0,45.0,0.0,1,1.419,7,0.29,0
0.4,-0.15,0.85,0.0,45.0,0.0,1,2.56,8,0.32,0
0.4,-0.05,0.35,0.0,45.0,0.0,0,104.576,700,26.19,-1
0.4,-0.05,0.45,0.0,45.0,0.0,0,46.247,700,27.38,-1
0.4,-0.05,0.55,0.0,45.0,0.0,1,5.997,100,3.71,0
0.4,-0.05,0.65,0.0,45.0,0.0,1,2.643,6,0.26,0
0.4,-0.05,0.75,0.0,45.0,0.0,1,1.951,6,0.26,0
0.4,-0.05,0.85,0.0,45.0,0.0,1,7.149,100,3.7,0
-0.2,-0.55,0.35,0.0,-45.0,0.0,0,137.706,700,27.52,-1
-0.2,-0.55,0.45,0.0,-45.0,0.0,0,80.635,700,27.07,-1
-0.2,-0.55,0.55,0.0,-45.0,0.0,0,252.504,700,26.59,-1
-0.2,-0.55,0.65,0.0,-45.0,0.0,0,28.717,700,25.96,-1
-0.2,-0.55,0.75,0.0,-45.0,0.0,0,29.057,700,26.2,-1
-0.2,-0.55,0.85,0.0,-45.0,0.0,0,54.678,700,26.25,-1
-0.2,-0.45,0.35,0.0,-45.0,0.0,0,80.571,700,26.8,-1
-0.2,-0.45,0.45,0.0,-45.0,0.0,0,20.048,700,27.11,-1
-0.2,-0.45,0.55,0.0,-45.0,0.0,0,182.963,700,26.59,-1
-0.2,-0.45,0.65,0.0,-45.0,0.0,1,1.221,306,11.61,3
-0.2,-0.45,0.75,0.0,-45.0,0.0,1,1.916,108,4.19,1
-0.2,-0.45,0.85,0.0,-45.0,0.0,1,2.185,14,0.57,0
-0.2,-0.35,0.35,0.0,-45.0,0.0,0,59.536,700,26.65,-1
-0.2,-0.35,0.45,0.0,-45.0,0.0,0,50.472,700,27.02,-1
-0.2,-0.35,0.55,0.0,-45.0,0.0,0,168.089,700,26.84,-1
-0.2,-0.35,0.65,0.0,-45.0,0.0,1,1.46,307,11.85,3
-0.2,-0.35,0.75,0.0,-45.0,0.0,1,0.993,10,0.4,0
-0.2,-0.35,0.85,0.0,-45.0,0.0,1,0.43,7,0.29,0
-0.2,-0.25,0.35,0.0,-45.0,0.0,1,1.285,128,4.91,1
-0.2,-0.25,0.45,0.0,-45.0,0.0,1,2.666,636,25.01,6
-0.2,-0.25,0.55,0.0,-45.0,0.0,0,175.646,700,27.44,-1
-0.2,-0.25,0.65,0.0,-45.0,0.0,0,149.074,700,27.72,-1
-0.2,-0.25,0.75,0.0,-45.0,0.0,1,1.196,310,12.29,3
-0.2,-0.25,0.85,0.0,-45.0,0.0,1,0.754,12,0.48,0
-0.2,-0.15,0.35,0.0,-45.0,0.0,1,2.91,28,1.11,0
-0.2,-0.15,0.45,0.0,-45.0,0.0,0,284.418,700,27.45,-1
-0.2,-0.15,0.55,0.0,-45.0,0.0,0,216.013,700,28.32,-1
-0.2,-0.15,0.65,0.0,-45.0,0.0,0,194.166,700,28.54,-1
-0.2,-0.15,0.75,0.0,-45.0,0.0,1,1.117,609,24.84,6
-0.2,-0.15,0.85,0.0,-45.0,0.0,1,0.96,15,0.6,0
-0.2,-0.05,0.35,0.0,-45.0,0.0,1,1.884,513,20.44,5
-0.2,-0.05,0.45,0.0,-45.0,0.0,0,349.612,700,27.8,-1
-0.2,-0.05,0.55,0.0,-45.0,0.0,0,287.774,700,28.36,-1
-0.2,-0.05,0.65,0.0,-45.0,0.0,0,270.977,700,28.24,-1
-0.2,-0.05,0.75,0.0,-45.0,0.0,0,289.021,700,28.43,-1
-0.2,-0.05,0.85,0.0,-45.0,0.0,1,1.399,11,0.44,0
-0.1,-0.55,0.35,0.0,-45.0,0.0,0,138.664,700,27.17,-1
-0.1,-0.55,0.45,0.0,-45.0,0.0,0,95.255,700,26.67,-1
-0.1,-0.55,0.55,0.0,-45.0,0.0,0,25.843,700,26.43,-1
-0.1,-0.55,0.65,0.0,-45.0,0.0,0,25.05,700,26.27,-1
-0.1,-0.55,0.75,0.0,-45.0,0.0,0,24.673,700,26.36,-1
-0.1,-0.55,0.85,0.0,-45.0,0.0,0,24.66,700,25.63,-1
-0.1,-0.45,0.35,0.0,-45.0,0.0,0,102.85,700,26.96,-1
-0.1,-0.45,0.45,0.0,-45.0,0.0,0,82.531,700,26.44,-1
-0.1,-0.45,0.55,0.0,-45.0,0.0,0,168.765,700,26.34,-1
-0.1,-0.45,0.65,0.0,-45.0,0.0,0,74.59,700,26.97,-1
-0.1,-0.45,0.75,0.0,-45.0,0.0,1,1.456,7,0.29,0
-0.1,-0.45,0.85,0.0,-45.0,0.0,1,1.058,12,0.47,0
-0.1,-0.35,0.35,0.0,-45.0,0.0,0,14.46,700,26.95,-1
-0.1,-0.35,0.45,0.0,-45.0,0.0,0,209.969,700,27.14,-1
-0.1,-0.35,0.55,0.0,-45.0,0.0,0,129.549,700,26.83,-1
-0.1,-0.35,0.65,0.0,-45.0,0.0,0,51.475,700,27.1,-1
-0.1,-0.35,0.75,0.0,-45.0,0.0,1,1.684,7,0.29,0
-0.1,-0.35,0.85,0.0,-45.0,0.0,1,0.742,5,0.22,0
-0.1,-0.25,0.35,0.0,-45.0,0.0,0,99.122,700,27.76,-1
-0.1,-0.25,0.45,0.0,-45.0,0.0,0,200.933,700,27.21,-1
-0.1,-0.25,0.55,0.0,-45.0,0.0,0,115.904,700,27.76,-1
-0.1,-0.25,0.65,0.0,-45.0,0.0,0,61.276,700,27.71,-1
-0.1,-0.25,0.75,0.0,-45.0,0.0,1,1.782,10,0.42,0
-0.1,-0.25,0.85,0.0,-45.0,0.0,1,1.581,6,0.25,0
-0.1,-0.15,0.35,0.0,-45.0,0.0,1,1.595,27,1.08,0
-0.1,-0.15,0.45,0.0,-45.0,0.0,1,1.723,313,12.34,3
-0.1,-0.15,0.55,0.0,-45.0,0.0,0,169.767,700,28.42,-1
-0.1,-0.15,0.65,0.0,-45.0,0.0,0,142.131,700,28.45,-1
-0.1,-0.15,0.75,0.0,-45.0,0.0,0,70.259,700,27.65,-1
-0.1,-0.15,0.85,0.0,-45.0,0.0,1,1.68,10,0.4,0
-0.1,-0.05,0.35,0.0,-45.0,0.0,1,2.022,311,12.48,3
-0.1,-0.05,0.45,0.0,-45.0,0.0,0,308.338,700,27.71,-1
-0.1,-0.05,0.55,0.0,-45.0,0.0,0,253.468,700,28.33,-1
-0.1,-0.05,0.65,0.0,-45.0,0.0,0,236.455,700,28.47,-1
-0.1,-0.05,0.75,0.0,-45.0,0.0,0,258.839,700,27.6,-1
-0.1,-0.05,0.85,0.0,-45.0,0.0,1,2.57,11,0.45,0
0.0,-0.55,0.35,0.0,-45.0,0.0,0,171.4,700,27.72,-1
0.0,-0.55,0.45,0.0,-45.0,0.0,0,145.158,700,26.77,-1
0.0,-0.55,0.55,0.0,-45.0,0.0,0,151.992,700,26.34,-1
0.0,-0.55,0.65,0.0,-45.0,0.0,0,56.266,700,27.55,-1
0.0,-0.55,0.75,0.0,-45.0,0.0,0,38.796,700,26.32,-1
0.0,-0.55,0.85,0.0,-45.0,0.0,0,22.103,700,25.72,-1
0.0,-0.45,0.35,0.0,-45.0,0.0,0,151.735,700,26.94,-1
0.0,-0.45,0.45,0.0,-45.0,0.0,0,147.731,700,26.63,-1
0.0,-0.45,0.55,0.0,-45.0,0.0,0,140.067,700,26.51,-1
0.0,-0.45,0.65,0.0,-45.0,0.0,0,23.43,700,26.39,-1
0.0,-0.45,0.75,0.0,-45.0,0.0,1,1.552,4,0.18,0
0.0,-0.45,0.85,0.0,-45.0,0.0,1,2.766,5,0.22,0
0.0,-0.35,0.35,0.0,-45.0,0.0,0,148.281,700,27.15,-1
0.0,-0.35,0.45,0.0,-45.0,0.0,0,193.343,700,26.78,-1
0.0,-0.35,0.55,0.0,-45.0,0.0,0,79.397,700,26.83,-1
0.0,-0.35,0.65,0.0,-45.0,0.0,1,2.084,3,0.14,0
0.0,-0.35,0.75,0.0,-45.0,0.0,1,2.748,3,0.14,0
0.0,-0.35,0.85,0.0,-45.0,0.0,1,1.087,4,0.18,0
0.0,-0.25,0.35,0.0,-45.0,0.0,0,44.454,700,27.24,-1
0.0,-0.25,0.45,0.0,-45.0,0.0,0,183.345,700,27.17,-1
0.0,-0.25,0.55,0.0,-45.0,0.0,0,88.975,700,27.54,-1
0.0,-0.25,0.65,0.0,-45.0,0.0,0,41.429,700,26.48,-1
0.0,-0.25,0.75,0.0,-45.0,0.0,0,39.569,700,26.47,-1
0.0,-0.25,0.85,0.0,-45.0,0.0,1,1.427,4,0.18,0
0.0,-0.15,0.35,0.0,-45.0,0.0,0,252.018,700,27.7,-1
0.0,-0.15,0.45,0.0,-45.0,0.0,0,229.314,700,27.53,-1
0.0,-0.15,0.55,0.0,-45.0,0.0,0,151.41,700,28.19,-1
0.0,-0.15,0.65,0.0,-45.0,0.0,0,137.26,700,27.08,-1
0.0,-0.15,0.75,0.0,-45.0,0.0,0,106.964,700,27.02,-1
0.0,-0.15,0.85,0.0,-45.0,0.0,0,28.51,700,26.49,-1
0.0,-0.05,0.35,0.0,-45.0,0.0,0,43.458,700,27.91,-1
0.0,-0.05,0.45,0.0,-45.0,0.0,0,287.025,700,27.8,-1
0.0,-0.05,0.55,0.0,-45.0,0.0,0,241.215,700,28.19,-1
0.0,-0.05,0.65,0.0,-45.0,0.0,0,235.173,700,27.11,-1
0.0,-0.05,0.75,0.0,-45.0,0.0,0,182.843,700,27.37,-1
0.0,-0.05,0.85,0.0,-45.0,0.0,0,84.089,700,26.6,-1
0.1,-0.55,0.35,0.0,-45.0,0.0,0,220.437,700,27.71,-1
0.1,-0.55,0.45,0.0,-45.0,0.0,0,203.581,700,27.15,-1
0.1,-0.55,0.55,0.0,-45.0,0.0,0,167.7,700,26.82,-1
0.1,-0.55,0.65,0.0,-45.0,0.0,0,85.798,700,27.03,-1
0.1,-0.55,0.75,0.0,-45.0,0.0,0,33.563,700,26.96,-1
0.1,-0.55,0.85,0.0,-45.0,0.0,0,25.183,700,25.75,-1
0.1,-0.45,0.35,0.0,-45.0,0.0,0,206.334,700,26.95,-1
0.1,-0.45,0.45,0.0,-45.0,0.0,0,207.31,700,26.76,-1
0.1,-0.45,0.55,0.0,-45.0,0.0,0,118.532,700,26.75,-1
0.1,-0.45,0.65,0.0,-45.0,0.0,0,54.344,700,26.66,-1
0.1,-0.45,0.75,0.0,-45.0,0.0,0,25.078,700,26.4,-1
0.1,-0.45,0.85,0.0,-45.0,0.0,1,1.711,8,0.33,0
0.1,-0.35,0.35,0.0,-45.0,0.0,0,196.448,700,27.02,-1
0.1,-0.35,0.45,0.0,-45.0,0.0,0,181.261,700,26.88,-1
0.1,-0.35,0.55,0.0,-45.0,0.0,0,128.663,700,26.6,-1
0.1,-0.35,0.65,0.0,-45.0,0.0,0,42.831,700,26.48,-1
0.1,-0.35,0.75,0.0,-45.0,0.0,0,28.828,700,26.39,-1
0.1,-0.35,0.85,0.0,-45.0,0.0,1,1.455,210,8.13,2
0.1,-0.25,0.35,0.0,-45.0,0.0,0,199.681,700,27.19,-1
0.1,-0.25,0.45,0.0,-45.0,0.0,0,168.567,700,27.24,-1
0.1,-0.25,0.55,0.0,-45.0,0.0,0,120.332,700,27.35,-1
0.1,-0.25,0.65,0.0,-45.0,0.0,0,54.158,700,27.2,-1
0.1,-0.25,0.75,0.0,-45.0,0.0,0,31.776,700,26.98,-1
0.1,-0.25,0.85,0.0,-45.0,0.0,1,1.187,8,0.33,0
0.1,-0.15,0.35,0.0,-45.0,0.0,0,269.921,700,27.65,-1
0.1,-0.15,0.45,0.0,-45.0,0.0,0,239.84,700,27.97,-1
0.1,-0.15,0.55,0.0,-45.0,0.0,0,173.148,700,28.03,-1
0.1,-0.15,0.65,0.0,-45.0,0.0,0,138.995,700,27.8,-1
0.1,-0.15,0.75,0.0,-45.0,0.0,0,78.33,700,28.05,-1
0.1,-0.15,0.85,0.0,-45.0,0.0,0,58.192,700,26.39,-1
0.1,-0.05,0.35,0.0,-45.0,0.0,0,354.62,700,28.76,-1
0.1,-0.05,0.45,0.0,-45.0,0.0,0,298.695,700,28.77,-1
0.1,-0.05,0.55,0.0,-45.0,0.0,0,255.19,700,28.14,-1
0.1,-0.05,0.65,0.0,-45.0,0.0,0,234.434,700,28.19,-1
0.1,-0.05,0.75,0.0,-45.0,0.0,0,165.45,700,28.18,-1
0.1,-0.05,0.85,0.0,-45.0,0.0,0,134.224,700,27.09,-1
0.2,-0.55,0.35,0.0,-45.0,0.0,0,244.537,700,27.71,-1
0.2,-0.55,0.45,0.0,-45.0,0.0,0,216.502,700,27.12,-1
0.2,-0.55,0.55,0.0,-45.0,0.0,0,164.856,700,27.08,-1
0.2,-0.55,0.65,0.0,-45.0,0.0,0,120.5,700,26.97,-1
0.2,-0.55,0.75,0.0,-45.0,0.0,0,71.438,700,26.99,-1
0.2,-0.55,0.85,0.0,-45.0,0.0,0,46.259,700,26.91,-1
0.2,-0.45,0.35,0.0,-45.0,0.0,0,242.383,700,27.12,-1
0.2,-0.45,0.45,0.0,-45.0,0.0,0,188.048,700,26.97,-1
0.2,-0.45,0.55,0.0,-45.0,0.0,0,156.81,700,27.08,-1
0.2,-0.45,0.65,0.0,-45.0,0.0,0,127.87,700,26.57,-1
0.2,-0.45,0.75,0.0,-45.0,0.0,0,73.64,700,26.47,-1
0.2,-0.45,0.85,0.0,-45.0,0.0,0,21.49,700,26.4,-1
0.2,-0.35,0.35,0.0,-45.0,0.0,0,238.694,700,27.04,-1
0.2,-0.35,0.45,0.0,-45.0,0.0,0,96.881,700,26.91,-1
0.2,-0.35,0.55,0.0,-45.0,0.0,0,105.828,700,26.85,-1
0.2,-0.35,0.65,0.0,-45.0,0.0,0,41.322,700,26.65,-1
0.2,-0.35,0.75,0.0,-45.0,0.0,0,29.506,700,26.81,-1
0.2,-0.35,0.85,0.0,-45.0,0.0,0,28.179,700,26.99,-1
0.2,-0.25,0.35,0.0,-45.0,0.0,0,237.688,700,27.7,-1
0.2,-0.25,0.45,0.0,-45.0,0.0,0,123.179,700,27.35,-1
0.2,-0.25,0.55,0.0,-45.0,0.0,0,96.541,700,27.43,-1
0.2,-0.25,0.65,0.0,-45.0,0.0,0,102.053,700,27.4,-1
0.2,-0.25,0.75,0.0,-45.0,0.0,0,181.25,700,27.73,-1
0.2,-0.25,0.85,0.0,-45.0,0.0,0,28.178,700,27.64,-1
0.2,-0.15,0.35,0.0,-45.0,0.0,0,243.072,700,27.68,-1
0.2,-0.15,0.45,0.0,-45.0,0.0,0,223.84,700,28.1,-1
0.2,-0.15,0.55,0.0,-45.0,0.0,0,218.316,700,28.07,-1
0.2,-0.15,0.65,0.0,-45.0,0.0,0,188.139,700,27.69,-1
0.2,-0.15,0.75,0.0,-45.0,0.0,0,110.467,700,27.61,-1
0.2,-0.15,0.85,0.0,-45.0,0.0,0,45.769,700,27.98,-1
0.2,-0.05,0.35,0.0,-45.0,0.0,0,207.42,700,27.93,-1
0.2,-0.05,0.45,0.0,-45.0,0.0,0,368.273,700,28.33,-1
0.2,-0.05,0.55,0.0,-45.0,0.0,0,287.955,700,28.03,-1
0.2,-0.05,0.65,0.0,-45.0,0.0,0,264.409,700,27.85,-1
0.2,-0.05,0.75,0.0,-45.0,0.0,0,203.401,700,27.64,-1
0.2,-0.05,0.85,0.0,-45.0,0.0,0,210.773,700,28.35,-1
0.3,-0.55,0.35,0.0,-45.0,0.0,0,259.376,700,27.35,-1
0.3,-0.55,0.45,0.0,-45.0,0.0,0,272.749,700,27.26,-1
0.3,-0.55,0.55,0.0,-45.0,0.0,0,214.643,700,27.05,-1
0.3,-0.55,0.65,0.0,-45.0,0.0,0,161.302,700,27.22,-1
0.3,-0.55,0.75,0.0,-45.0,0.0,0,120.28,700,27.66,-1
0.3,-0.55,0.85,0.0,-45.0,0.0,0,101.522,700,27.56,-1
0.3,-0.45,0.35,0.0,-45.0,0.0,0,309.138,700,27.36,-1
0.3,-0.45,0.45,0.0,-45.0,0.0,0,242.807,700,27.31,-1
0.3,-0.45,0.55,0.0,-45.0,0.0,0,216.617,700,26.88,-1
0.3,-0.45,0.65,0.0,-45.0,0.0,0,166.528,700,26.95,-1
0.3,-0.45,0.75,0.0,-45.0,0.0,0,113.186,700,26.72,-1
0.3,-0.45,0.85,0.0,-45.0,0.0,0,64.378,700,26.42,-1
0.3,-0.35,0.35,0.0,-45.0,0.0,0,278.428,700,27.35,-1
0.3,-0.35,0.45,0.0,-45.0,0.0,0,130.896,700,27.58,-1
0.3,-0.35,0.55,0.0,-45.0,0.0,0,240.823,700,26.97,-1
0.3,-0.35,0.65,0.0,-45.0,0.0,0,190.04,700,26.59,-1
0.3,-0.35,0.75,0.0,-45.0,0.0,0,99.395,700,26.58,-1
0.3,-0.35,0.85,0.0,-45.0,0.0,0,70.081,700,26.57,-1
0.3,-0.25,0.35,0.0,-45.0,0.0,0,242.897,700,27.54,-1
0.3,-0.25,0.45,0.0,-45.0,0.0,0,222.345,700,27.59,-1
0.3,-0.25,0.55,0.0,-45.0,0.0,0,190.714,700,27.47,-1
0.3,-0.25,0.65,0.0,-45.0,0.0,0,188.845,700,27.41,-1
0.3,-0.25,0.75,0.0,-45.0,0.0,0,142.357,700,27.64,-1
0.3,-0.25,0.85,0.0,-45.0,0.0,0,212.282,700,27.41,-1
0.3,-0.15,0.35,0.0,-45.0,0.0,0,275.498,700,27.79,-1
0.3,-0.15,0.45,0.0,-45.0,0.0,0,220.54,700,27.86,-1
0.3,-0.15,0.55,0.0,-45.0,0.0,0,188.274,700,28.01,-1
0.3,-0.15,0.65,0.0,-45.0,0.0,0,169.572,700,28.08,-1
0.3,-0.15,0.75,0.0,-45.0,0.0,0,142.66,700,27.64,-1
0.3,-0.15,0.85,0.0,-45.0,0.0,0,233.395,700,27.51,-1
0.3,-0.05,0.35,0.0,-45.0,0.0,0,285.119,700,27.61,-1
0.3,-0.05,0.45,0.0,-45.0,0.0,0,276.432,700,28.25,-1
0.3,-0.05,0.55,0.0,-45.0,0.0,0,235.822,700,27.98,-1
0.3,-0.05,0.65,0.0,-45.0,0.0,0,324.316,700,28.46,-1
0.3,-0.05,0.75,0.0,-45.0,0.0,0,336.872,700,27.96,-1
0.3,-0.05,0.85,0.0,-45.0,0.0,0,82.48,700,27.69,-1
0.4,-0.55,0.35,0.0,-45.0,0.0,0,377.707,700,27.47,-1
0.4,-0.55,0.45,0.0,-45.0,0.0,0,310.766,700,27.58,-1
0.4,-0.55,0.55,0.0,-45.0,0.0,0,263.86,700,27.85,-1
0.4,-0.55,0.65,0.0,-45.0,0.0,0,211.625,700,27.66,-1
0.4,-0.55,0.75,0.0,-45.0,0.0,0,179.447,700,27.64,-1
0.4,-0.55,0.85,0.0,-45.0,0.0,0,150.594,700,26.91,-1
0.4,-0.45,0.35,0.0,-45.0,0.0,0,362.581,700,27.58,-1
0.4,-0.45,0.45,0.0,-45.0,0.0,0,302.979,700,27.67,-1
0.4,-0.45,0.55,0.0,-45.0,0.0,0,247.682,700,27.34,-1
0.4,-0.45,0.65,0.0,-45.0,0.0,0,197.132,700,27.3,-1
0.4,-0.45,0.75,0.0,-45.0,0.0,0,149.938,700,26.87,-1
0.4,-0.45,0.85,0.0,-45.0,0.0,0,120.303,700,26.75,-1
0.4,-0.35,0.35,0.0,-45.0,0.0,0,321.849,700,27.62,-1
0.4,-0.35,0.45,0.0,-45.0,0.0,0,292.808,700,27.68,-1
0.4,-0.35,0.55,0.0,-45.0,0.0,0,274.092,700,27.54,-1
0.4,-0.35,0.65,0.0,-45.0,0.0,0,215.715,700,27.06,-1
0.4,-0.35,0.75,0.0,-45.0,0.0,0,156.527,700,26.6,-1
0.4,-0.35,0.85,0.0,-45.0,0.0,0,108.655,700,26.71,-1
0.4,-0.25,0.35,0.0,-45.0,0.0,0,330.41,700,27.71,-1
0.4,-0.25,0.45,0.0,-45.0,0.0,0,293.59,700,27.62,-1
0.4,-0.25,0.55,0.0,-45.0,0.0,0,258.372,700,27.54,-1
0.4,-0.25,0.65,0.0,-45.0,0.0,0,234.755,700,27.11,-1
0.4,-0.25,0.75,0.0,-45.0,0.0,0,169.366,700,26.78,-1
0.4,-0.25,0.85,0.0,-45.0,0.0,0,110.568,700,26.75,-1
0.4,-0.15,0.35,0.0,-45.0,0.0,0,333.31,700,27.7,-1
0.4,-0.15,0.45,0.0,-45.0,0.0,0,272.773,700,27.59,-1
0.4,-0.15,0.55,0.0,-45.0,0.0,0,232.294,700,27.59,-1
0.4,-0.15,0.65,0.0,-45.0,0.0,0,214.431,700,27.08,-1
0.4,-0.15,0.75,0.0,-45.0,0.0,0,173.569,700,27.15,-1
0.4,-0.15,0.85,0.0,-45.0,0.0,0,112.814,700,27.14,-1
0.4,-0.05,0.35,0.0,-45.0,0.0,0,345.111,700,27.83,-1
0.4,-0.05,0.45,0.0,-45.0,0.0,0,275.702,700,27.45,-1
0.4,-0.05,0.55,0.0,-45.0,0.0,0,246.484,700,27.5,-1
0.4,-0.05,0.65,0.0,-45.0,0.0,0,219.398,700,27.44,-1
0.4,-0.05,0.75,0.0,-45.0,0.0,0,173.209,700,27.4,-1
0.4,-0.05,0.85,0.0,-45.0,0.0,0,112.92,700,27.35,-1
-0.2,-0.55,0.35,0.0,90.0,0.0,0,128.762,700,27.62,-1
-0.2,-0.55,0.45,0.0,90.0,0.0,0,135.87,700,27.63,-1
-0.2,-0.55,0.55,0.0,90.0,0.0,0,133.642,700,27.17,-1
-0.2,-0.55,0.65,0.0,90.0,0.0,0,30.493,700,27.17,-1
-0.2,-0.55,0.75,0.0,90.0,0.0,0,89.386,700,27.18,-1
-0.2,-0.55,0.85,0.0,90.0,0.0,0,86.494,700,26.8,-1
-0.2,-0.45,0.35,0.0,90.0,0.0,0,121.236,700,26.87,-1
-0.2,-0.45,0.45,0.0,90.0,0.0,0,128.518,700,27.34,-1
-0.2,-0.45,0.55,0.0,90.0,0.0,0,147.023,700,26.56,-1
-0.2,-0.45,0.65,0.0,90.0,0.0,0,84.699,700,27.1,-1
-0.2,-0.45,0.75,0.0,90.0,0.0,0,40.023,700,26.65,-1
-0.2,-0.45,0.85,0.0,90.0,0.0,0,23.332,700,26.39,-1
-0.2,-0.35,0.35,0.0,90.0,0.0,0,125.785,700,27.18,-1
-0.2,-0.35,0.45,0.0,90.0,0.0,0,102.826,700,27.06,-1
-0.2,-0.35,0.55,0.0,90.0,0.0,0,128.167,700,26.63,-1
-0.2,-0.35,0.65,0.0,90.0,0.0,0,58.876,700,26.5,-1
-0.2,-0.35,0.75,0.0,90.0,0.0,1,7.29,200,7.61,1
-0.2,-0.35,0.85,0.0,90.0,0.0,1,2.699,22,0.86,0
-0.2,-0.25,0.35,0.0,90.0,0.0,0,134.254,700,27.22,-1
-0.2,-0.25,0.45,0.0,90.0,0.0,0,137.88,700,27.36,-1
-0.2,-0.25,0.55,0.0,90.0,0.0,0,134.038,700,27.61,-1
-0.2,-0.25,0.65,0.0,90.0,0.0,0,63.75,700,27.38,-1
-0.2,-0.25,0.75,0.0,90.0,0.0,0,12.676,700,26.68,-1
-0.2,-0.25,0.85,0.0,90.0,0.0,1,2.509,17,0.66,0
-0.2,-0.15,0.35,0.0,90.0,0.0,0,137.322,700,27.12,-1
-0.2,-0.15,0.45,0.0,90.0,0.0,0,161.107,700,27.39,-1
-0.2,-0.15,0.55,0.0,90.0,0.0,0,180.823,700,27.85,-1
-0.2,-0.15,0.65,0.0,90.0,0.0,0,183.051,700,28.16,-1
-0.2,-0.15,0.75,0.0,90.0,0.0,0,28.4,700,27.64,-1
-0.2,-0.15,0.85,0.0,90.0,0.0,1,2.66,14,0.55,0
-0.2,-0.05,0.35,0.0,90.0,0.0,0,137.34,700,27.11,-1
-0.2,-0.05,0.45,0.0,90.0,0.0,0,170.051,700,27.45,-1
-0.2,-0.05,0.55,0.0,90.0,0.0,0,132.688,700,27.61,-1
-0.2,-0.05,0.65,0.0,90.0,0.0,0,61.521,700,27.93,-1
-0.2,-0.05,0.75,0.0,90.0,0.0,0,269.746,700,28.16,-1
-0.2,-0.05,0.85,0.0,90.0,0.0,1,1.546,15,0.6,0
-0.1,-0.55,0.35,0.0,90.0,0.0,0,113.564,700,27.67,-1
-0.1,-0.55,0.45,0.0,90.0,0.0,0,76.138,700,27.44,-1
-0.1,-0.55,0.55,0.0,90.0,0.0,0,69.612,700,27.04,-1
-0.1,-0.55,0.65,0.0,90.0,0.0,0,96.57,700,27.47,-1
-0.1,-0.55,0.75,0.0,90.0,0.0,0,54.871,700,26.6,-1
-0.1,-0.55,0.85,0.0,90.0,0.0,0,40.019,700,26.59,-1
-0.1,-0.45,0.35,0.0,90.0,0.0,0,62.107,700,26.84,-1
-0.1,-0.45,0.45,0.0,90.0,0.0,0,65.951,700,26.81,-1
-0.1,-0.45,0.55,0.0,90.0,0.0,0,111.948,700,26.62,-1
-0.1,-0.45,0.65,0.0,90.0,0.0,0,40.318,700,26.59,-1
-0.1,-0.45,0.75,0.0,90.0,0.0,1,2.952,11,0.44,0
-0.1,-0.45,0.85,0.0,90.0,0.0,1,0.993,12,0.47,0
-0.1,-0.35,0.35,0.0,90.0,0.0,0,64.615,700,27.14,-1
-0.1,-0.35,0.45,0.0,90.0,0.0,0,74.13,700,27.09,-1
-0.1,-0.35,0.55,0.0,90.0,0.0,0,79.892,700,26.79,-1
-0.1,-0.35,0.65,0.0,90.0,0.0,1,8.009,200,7.6,1
-0.1,-0.35,0.75,0.0,90.0,0.0,1,2.555,107,4.15,1
-0.1,-0.35,0.85,0.0,90.0,0.0,1,1.596,110,4.27,1
-0.1,-0.25,0.35,0.0,90.0,0.0,0,69.032,700,27.1,-1
-0.1,-0.25,0.45,0.0,90.0,0.0,0,80.197,700,27.1,-1
-0.1,-0.25,0.55,0.0,90.0,0.0,0,90.48,700,27.49,-1
-0.1,-0.25,0.65,0.0,90.0,0.0,0,17.478,700,27.42,-1
-0.1,-0.25,0.75,0.0,90.0,0.0,1,3.105,100,3.62,0
-0.1,-0.25,0.85,0.0,90.0,0.0,1,2.919,21,0.81,0
-0.1,-0.15,0.35,0.0,90.0,0.0,0,70.611,700,27.07,-1
-0.1,-0.15,0.45,0.0,90.0,0.0,0,88.033,700,27.33,-1
-0.1,-0.15,0.55,0.0,90.0,0.0,0,112.806,700,28.16,-1
-0.1,-0.15,0.65,0.0,90.0,0.0,0,48.486,700,28.01,-1
-0.1,-0.15,0.75,0.0,90.0,0.0,0,36.519,700,27.18,-1
-0.1,-0.15,0.85,0.0,90.0,0.0,1,1.544,8,0.33,0
-0.1,-0.05,0.35,0.0,90.0,0.0,0,70.783,700,27.72,-1
-0.1,-0.05,0.45,0.0,90.0,0.0,0,120.839,700,27.75,-1
-0.1,-0.05,0.55,0.0,90.0,0.0,0,180.136,700,27.69,-1
-0.1,-0.05,0.65,0.0,90.0,0.0,0,207.398,700,28.25,-1
-0.1,-0.05,0.75,0.0,90.0,0.0,1,2.264,211,8.52,2
-0.1,-0.05,0.85,0.0,90.0,0.0,1,1.573,10,0.41,0
0.0,-0.55,0.35,0.0,90.0,0.0,0,92.199,700,27.19,-1
0.0,-0.55,0.45,0.0,90.0,0.0,0,40.817,700,26.41,-1
0.0,-0.55,0.55,0.0,90.0,0.0,0,22.124,700,26.33,-1
0.0,-0.55,0.65,0.0,90.0,0.0,0,40.148,700,27.01,-1
0.0,-0.55,0.75,0.0,90.0,0.0,0,38.857,700,27.15,-1
0.0,-0.55,0.85,0.0,90.0,0.0,0,22.145,700,25.89,-1
0.0,-0.45,0.35,0.0,90.0,0.0,0,21.213,700,25.94,-1
0.0,-0.45,0.45,0.0,90.0,0.0,1,0.96,106,4.08,1
0.0,-0.45,0.55,0.0,90.0,0.0,1,3.346,400,15.22,3
0.0,-0.45,0.65,0.0,90.0,0.0,1,0.303,9,0.37,0
0.0,-0.45,0.75,0.0,90.0,0.0,1,2.544,12,0.48,0
0.0,-0.45,0.85,0.0,90.0,0.0,1,1.175,9,0.36,0
0.0,-0.35,0.35,0.0,90.0,0.0,1,1.485,151,5.95,1
0.0,-0.35,0.45,0.0,90.0,0.0,1,1.846,7,0.29,0
0.0,-0.35,0.55,0.0,90.0,0.0,1,3.184,100,3.71,0
0.0,-0.35,0.65,0.0,90.0,0.0,1,9.546,100,3.82,0
0.0,-0.35,0.75,0.0,90.0,0.0,1,2.36,9,0.36,0
0.0,-0.35,0.85,0.0,90.0,0.0,1,1.225,6,0.25,0
0.0,-0.25,0.35,0.0,90.0,0.0,1,0.478,9,0.37,0
0.0,-0.25,0.45,0.0,90.0,0.0,1,0.749,6,0.25,0
0.0,-0.25,0.55,0.0,90.0,0.0,1,5.463,400,15.49,3
0.0,-0.25,0.65,0.0,90.0,0.0,0,41.493,700,26.42,-1
0.0,-0.25,0.75,0.0,90.0,0.0,0,39.627,700,25.9,-1
0.0,-0.25,0.85,0.0,90.0,0.0,1,1.392,10,0.41,0
0.0,-0.15,0.35,0.0,90.0,0.0,1,0.474,9,0.37,0
0.0,-0.15,0.45,0.0,90.0,0.0,0,37.447,700,27.0,-1
0.0,-0.15,0.55,0.0,90.0,0.0,0,65.947,700,27.11,-1
0.0,-0.15,0.65,0.0,90.0,0.0,0,110.205,700,27.08,-1
0.0,-0.15,0.75,0.0,90.0,0.0,0,97.065,700,26.52,-1
0.0,-0.15,0.85,0.0,90.0,0.0,1,1.075,5,0.22,0
0.0,-0.05,0.35,0.0,90.0,0.0,0,16.638,700,26.66,-1
0.0,-0.05,0.45,0.0,90.0,0.0,0,98.274,700,28.3,-1
0.0,-0.05,0.55,0.0,90.0,0.0,0,160.132,700,26.86,-1
0.0,-0.05,0.65,0.0,90.0,0.0,0,88.69,700,27.31,-1
0.0,-0.05,0.75,0.0,90.0,0.0,0,33.47,700,26.26,-1
0.0,-0.05,0.85,0.0,90.0,0.0,1,1.162,7,0.3,0
0.1,-0.55,0.35,0.0,90.0,0.0,0,101.258,700,26.67,-1
0.1,-0.55,0.45,0.0,90.0,0.0,0,48.633,700,27.2,-1
0.1,-0.55,0.55,0.0,90.0,0.0,0,23.81,700,26.43,-1
0.1,-0.55,0.65,0.0,90.0,0.0,0,31.883,700,26.31,-1
0.1,-0.55,0.75,0.0,90.0,0.0,0,24.635,700,26.3,-1
0.1,-0.55,0.85,0.0,90.0,0.0,0,23.784,700,25.83,-1
0.1,-0.45,0.35,0.0,90.0,0.0,0,32.001,700,25.87,-1
0.1,-0.45,0.45,0.0,90.0,0.0,1,0.846,7,0.29,0
0.1,-0.45,0.55,0.0,90.0,0.0,1,0.674,5,0.21,0
0.1,-0.45,0.65,0.0,90.0,0.0,1,1.142,6,0.24,0
0.1,-0.45,0.75,0.0,90.0,0.0,1,2.039,27,1.03,0
0.1,-0.45,0.85,0.0,90.0,0.0,1,0.806,7,0.28,0
0.1,-0.35,0.35,0.0,90.0,0.0,1,1.291,6,0.25,0
0.1,-0.35,0.45,0.0,90.0,0.0,1,0.539,108,4.09,1
0.1,-0.35,0.55,0.0,90.0,0.0,1,2.135,6,0.24,0
0.1,-0.35,0.65,0.0,90.0,0.0,1,2.305,12,0.47,0
0.1,-0.35,0.75,0.0,90.0,0.0,1,2.538,26,0.96,0
0.1,-0.35,0.85,0.0,90.0,0.0,1,1.28,10,0.39,0
0.1,-0.25,0.35,0.0,90.0,0.0,1,0.464,107,4.22,1
0.1,-0.25,0.45,0.0,90.0,0.0,1,0.499,23,0.91,0
0.1,-0.25,0.55,0.0,90.0,0.0,1,1.704,6,0.25,0
0.1,-0.25,0.65,0.0,90.0,0.0,1,2.938,8,0.32,0
0.1,-0.25,0.75,0.0,90.0,0.0,1,2.321,8,0.32,0
0.1,-0.25,0.85,0.0,90.0,0.0,1,1.302,7,0.28,0
0.1,-0.15,0.35,0.0,90.0,0.0,1,2.459,208,8.09,2
0.1,-0.15,0.45,0.0,90.0,0.0,0,27.602,700,26.57,-1
0.1,-0.15,0.55,0.0,90.0,0.0,0,62.116,700,26.68,-1
0.1,-0.15,0.65,0.0,90.0,0.0,0,38.345,700,26.72,-1
0.1,-0.15,0.75,0.0,90.0,0.0,0,36.443,700,26.51,-1
0.1,-0.15,0.85,0.0,90.0,0.0,1,0.523,5,0.21,0
0.1,-0.05,0.35,0.0,90.0,0.0,1,4.414,100,3.8,0
0.1,-0.05,0.45,0.0,90.0,0.0,0,83.435,700,26.54,-1
0.1,-0.05,0.55,0.0,90.0,0.0,0,99.131,700,26.61,-1
0.1,-0.05,0.65,0.0,90.0,0.0,0,27.74,700,26.53,-1
0.1,-0.05,0.75,0.0,90.0,0.0,1,2.701,25,0.98,0
0.1,-0.05,0.85,0.0,90.0,0.0,1,1.439,208,8.38,2
0.2,-0.55,0.35,0.0,90.0,0.0,0,128.197,700,26.0,-1
0.2,-0.55,0.45,0.0,90.0,0.0,0,74.512,700,27.27,-1
0.2,-0.55,0.55,0.0,90.0,0.0,0,41.113,700,26.28,-1
0.2,-0.55,0.65,0.0,90.0,0.0,0,28.278,700,26.31,-1
0.2,-0.55,0.75,0.0,90.0,0.0,0,79.362,700,25.76,-1
0.2,-0.55,0.85,0.0,90.0,0.0,0,42.037,700,26.23,-1
0.2,-0.45,0.35,0.0,90.0,0.0,0,63.016,700,26.27,-1
0.2,-0.45,0.45,0.0,90.0,0.0,1,4.386,100,3.74,0
0.2,-0.45,0.55,0.0,90.0,0.0,1,2.932,15,0.57,0
0.2,-0.45,0.65,0.0,90.0,0.0,1,3.447,100,3.68,0
0.2,-0.45,0.75,0.0,90.0,0.0,1,2.987,5,0.21,0
0.2,-0.45,0.85,0.0,90.0,0.0,1,1.725,7,0.28,0
0.2,-0.35,0.35,0.0,90.0,0.0,0,10.897,700,25.72,-1
0.2,-0.35,0.45,0.0,90.0,0.0,1,0.413,5,0.21,0
0.2,-0.35,0.55,0.0,90.0,0.0,1,0.252,9,0.36,0
0.2,-0.35,0.65,0.0,90.0,0.0,1,2.297,3,0.13,0
0.2,-0.35,0.75,0.0,90.0,0.0,1,0.857,6,0.24,0
0.2,-0.35,0.85,0.0,90.0,0.0,1,0.285,7,0.27,0
0.2,-0.25,0.35,0.0,90.0,0.0,1,1.384,6,0.25,0
0.2,-0.25,0.45,0.0,90.0,0.0,1,0.154,6,0.25,0
0.2,-0.25,0.55,0.0,90.0,0.0,1,0.428,6,0.24,0
0.2,-0.25,0.65,0.0,90.0,0.0,1,2.109,9,0.35,0
0.2,-0.25,0.75,0.0,90.0,0.0,1,2.665,4,0.17,0
0.2,-0.25,0.85,0.0,90.0,0.0,1,0.458,6,0.24,0
0.2,-0.15,0.35,0.0,90.0,0.0,1,0.896,6,0.25,0
0.2,-0.15,0.45,0.0,90.0,0.0,1,0.37,111,4.33,1
0.2,-0.15,0.55,0.0,90.0,0.0,0,37.055,700,26.48,-1
0.2,-0.15,0.65,0.0,90.0,0.0,1,2.09,413,15.6,4
0.2,-0.15,0.75,0.0,90.0,0.0,1,1.845,209,8.6,2
0.2,-0.15,0.85,0.0,90.0,0.0,1,1.739,9,0.36,0
0.2,-0.05,0.35,0.0,90.0,0.0,1,1.384,106,4.04,1
0.2,-0.05,0.45,0.0,90.0,0.0,0,41.743,700,26.46,-1
0.2,-0.05,0.55,0.0,90.0,0.0,0,97.67,700,26.49,-1
0.2,-0.05,0.65,0.0,90.0,0.0,1,1.801,507,19.17,5
0.2,-0.05,0.75,0.0,90.0,0.0,1,2.266,13,0.51,0
0.2,-0.05,0.85,0.0,90.0,0.0,1,2.169,214,8.57,2
0.3,-0.55,0.35,0.0,90.0,0.0,0,170.892,700,25.87,-1
0.3,-0.55,0.45,0.0,90.0,0.0,0,119.666,700,26.11,-1
0.3,-0.55,0.55,0.0,90.0,0.0,0,83.871,700,27.06,-1
0.3,-0.55,0.65,0.0,90.0,0.0,0,66.34,700,26.66,-1
0.3,-0.55,0.75,0.0,90.0,0.0,0,66.694,700,26.54,-1
0.3,-0.55,0.85,0.0,90.0,0.0,0,84.959,700,26.76,-1
0.3,-0.45,0.35,0.0,90.0,0.0,0,110.825,700,26.21,-1
0.3,-0.45,0.45,0.0,90.0,0.0,0,53.302,700,25.89,-1
0.3,-0.45,0.55,0.0,90.0,0.0,0,11.011,700,25.92,-1
0.3,-0.45,0.65,0.0,90.0,0.0,1,3.463,100,3.6,0
0.3,-0.45,0.75,0.0,90.0,0.0,1,3.337,100,3.59,0
0.3,-0.45,0.85,0.0,90.0,0.0,0,12.374,700,25.19,-1
0.3,-0.35,0.35,0.0,90.0,0.0,0,63.716,700,25.83,-1
0.3,-0.35,0.45,0.0,90.0,0.0,1,4.675,100,3.69,0
0.3,-0.35,0.55,0.0,90.0,0.0,1,0.572,6,0.25,0
0.3,-0.35,0.65,0.0,90.0,0.0,1,0.58,6,0.25,0
0.3,-0.35,0.75,0.0,90.0,0.0,1,1.099,7,0.28,0
0.3,-0.35,0.85,0.0,90.0,0.0,1,1.397,8,0.31,0
0.3,-0.25,0.35,0.0,90.0,0.0,0,33.485,700,25.84,-1
0.3,-0.25,0.45,0.0,90.0,0.0,1,1.853,5,0.21,0
0.3,-0.25,0.55,0.0,90.0,0.0,1,0.841,5,0.21,0
0.3,-0.25,0.65,0.0,90.0,0.0,1,0.306,6,0.25,0
0.3,-0.25,0.75,0.0,90.0,0.0,1,1.182,14,0.53,0
0.3,-0.25,0.85,0.0,90.0,0.0,1,0.867,9,0.36,0
0.3,-0.15,0.35,0.0,90.0,0.0,0,31.251,700,25.8,-1
0.3,-0.15,0.45,0.0,90.0,0.0,1,0.885,5,0.22,0
0.3,-0.15,0.55,0.0,90.0,0.0,1,1.914,5,0.21,0
0.3,-0.15,0.65,0.0,90.0,0.0,1,6.625,100,3.77,0
0.3,-0.15,0.75,0.0,90.0,0.0,1,6.238,300,11.68,2
0.3,-0.15,0.85,0.0,90.0,0.0,1,2.617,208,8.39,2
0.3,-0.05,0.35,0.0,90.0,0.0,0,35.433,700,27.25,-1
0.3,-0.05,0.45,0.0,90.0,0.0,1,0.97,6,0.25,0
0.3,-0.05,0.55,0.0,90.0,0.0,0,28.227,700,26.49,-1
0.3,-0.05,0.65,0.0,90.0,0.0,1,1.31,12,0.48,0
0.3,-0.05,0.75,0.0,90.0,0.0,1,1.551,516,20.53,5
0.3,-0.05,0.85,0.0,90.0,0.0,1,1.612,318,12.39,3
0.4,-0.55,0.35,0.0,90.0,0.0,0,226.056,700,25.97,-1
0.4,-0.55,0.45,0.0,90.0,0.0,0,179.401,700,26.0,-1
0.4,-0.55,0.55,0.0,90.0,0.0,0,146.342,700,26.09,-1
0.4,-0.55,0.65,0.0,90.0,0.0,0,129.268,700,26.55,-1
0.4,-0.55,0.75,0.0,90.0,0.0,0,129.623,700,26.21,-1
0.4,-0.55,0.85,0.0,90.0,0.0,0,147.378,700,26.16,-1
0.4,-0.45,0.35,0.0,90.0,0.0,0,171.467,700,26.17,-1
0.4,-0.45,0.45,0.0,90.0,0.0,0,120.254,700,26.21,-1
0.4,-0.45,0.55,0.0,90.0,0.0,0,83.443,700,26.02,-1
0.4,-0.45,0.65,0.0,90.0,0.0,0,64.217,700,26.27,-1
0.4,-0.45,0.75,0.0,90.0,0.0,0,64.744,700,26.44,-1
0.4,-0.45,0.85,0.0,90.0,0.0,0,140.247,700,25.47,-1
0.4,-0.35,0.35,0.0,90.0,0.0,0,129.436,700,26.02,-1
0.4,-0.35,0.45,0.0,90.0,0.0,0,74.019,700,25.77,-1
0.4,-0.35,0.55,0.0,90.0,0.0,0,33.592,700,25.76,-1
0.4,-0.35,0.65,0.0,90.0,0.0,0,12.241,700,25.76,-1
0.4,-0.35,0.75,0.0,90.0,0.0,0,12.796,700,25.56,-1
0.4,-0.35,0.85,0.0,90.0,0.0,0,34.87,700,25.41,-1
0.4,-0.25,0.35,0.0,90.0,0.0,0,102.906,700,26.44,-1
0.4,-0.25,0.45,0.0,90.0,0.0,0,44.433,700,25.72,-1
0.4,-0.25,0.55,0.0,90.0,0.0,1,5.207,100,3.69,0
0.4,-0.25,0.65,0.0,90.0,0.0,1,1.579,6,0.24,0
0.4,-0.25,0.75,0.0,90.0,0.0,1,1.486,7,0.28,0
0.4,-0.25,0.85,0.0,90.0,0.0,1,5.903,100,3.7,0
0.4,-0.15,0.35,0.0,90.0,0.0,0,94.208,700,25.92,-1
0.4,-0.15,0.45,0.0,90.0,0.0,0,34.655,700,25.88,-1
0.4,-0.15,0.55,0.0,90.0,0.0,1,2.763,6,0.25,0
0.4,-0.15,0.65,0.0,90.0,0.0,1,1.063,6,0.25,0
0.4,-0.15,0.75,0.0,90.0,0.0,1,1.354,9,0.37,0
0.4,-0.15,0.85,0.0,90.0,0.0,1,3.856,100,3.62,0
0.4,-0.05,0.35,0.0,90.0,0.0,0,104.263,700,26.39,-1
0.4,-0.05,0.45,0.0,90.0,0.0,0,46.247,700,27.27,-1
0.4,-0.05,0.55,0.0,90.0,0.0,1,6.0,100,3.69,0
0.4,-0.05,0.65,0.0,90.0,0.0,1,1.492,9,0.36,0
0.4,-0.05,0.75,0.0,90.0,0.0,1,2.71,213,8.47,2
0.4,-0.05,0.85,0.0,90.0,0.0,1,6.572,200,7.69,1
-0.2,-0.55,0.35,90.0,0.0,0.0,0,133.97,700,25.85,-1
-0.2,-0.55,0.45,90.0,0.0,0.0,0,79.62,700,25.47,-1
-0.2,-0.55,0.55,90.0,0.0,0.0,0,39.807,700,25.83,-1
-0.2,-0.55,0.65,90.0,0.0,0.0,0,10.756,700,25.87,-1
-0.2,-0.55,0.75,90.0,0.0,0.0,0,86.157,700,26.87,-1
-0.2,-0.55,0.85,90.0,0.0,0.0,0,33.382,700,26.65,-1
-0.2,-0.45,0.35,90.0,0.0,0.0,0,63.038,700,25.87,-1
-0.2,-0.45,0.45,90.0,0.0,0.0,1,3.202,100,3.59,0
-0.2,-0.45,0.55,90.0,0.0,0.0,1,0.365,6,0.25,0
-0.2,-0.45,0.65,90.0,0.0,0.0,1,0.532,5,0.21,0
-0.2,-0.45,0.75,90.0,0.0,0.0,1,0.822,209,8.09,2
-0.2,-0.45,0.85,90.0,0.0,0.0,1,0.968,410,15.58,4
-0.2,-0.35,0.35,90.0,0.0,0.0,0,14.872,700,25.96,-1
-0.2,-0.35,0.45,90.0,0.0,0.0,1,1.022,5,0.21,0
-0.2,-0.35,0.55,90.0,0.0,0.0,1,0.398,6,0.26,0
-0.2,-0.35,0.65,90.0,0.0,0.0,1,0.805,5,0.21,0
-0.2,-0.35,0.75,90.0,0.0,0.0,0,85.942,700,26.52,-1
-0.2,-0.35,0.85,90.0,0.0,0.0,1,1.059,210,7.97,2
-0.2,-0.25,0.35,90.0,0.0,0.0,1,6.024,100,3.79,0
-0.2,-0.25,0.45,90.0,0.0,0.0,0,16.629,700,26.48,-1
-0.2,-0.25,0.55,90.0,0.0,0.0,0,41.339,700,26.42,-1
-0.2,-0.25,0.65,90.0,0.0,0.0,0,80.243,700,26.51,-1
-0.2,-0.25,0.75,90.0,0.0,0.0,0,116.241,700,27.11,-1
-0.2,-0.25,0.85,90.0,0.0,0.0,0,15.801,700,27.03,-1
-0.2,-0.15,0.35,90.0,0.0,0.0,0,65.477,700,27.08,-1
-0.2,-0.15,0.45,90.0,0.0,0.0,0,109.229,700,26.47,-1
-0.2,-0.15,0.55,90.0,0.0,0.0,0,119.979,700,27.12,-1
-0.2,-0.15,0.65,90.0,0.0,0.0,0,177.395,700,26.54,-1
-0.2,-0.15,0.75,90.0,0.0,0.0,0,191.343,700,27.03,-1
-0.2,-0.15,0.85,90.0,0.0,0.0,0,105.558,700,27.59,-1
-0.2,-0.05,0.35,90.0,0.0,0.0,0,179.626,700,27.11,-1
-0.2,-0.05,0.45,90.0,0.0,0.0,0,154.073,700,27.1,-1
-0.2,-0.05,0.55,90.0,0.0,0.0,0,162.488,700,27.7,-1
-0.2,-0.05,0.65,90.0,0.0,0.0,0,215.8,700,27.63,-1
-0.2,-0.05,0.75,90.0,0.0,0.0,0,269.746,700,27.6,-1
-0.2,-0.05,0.85,90.0,0.0,0.0,0,149.763,700,27.59,-1
-0.1,-0.55,0.35,90.0,0.0,0.0,0,107.395,700,25.51,-1
-0.1,-0.55,0.45,90.0,0.0,0.0,0,49.444,700,25.37,-1
-0.1,-0.55,0.55,90.0,0.0,0.0,1,2.056,9,0.35,0
-0.1,-0.55,0.65,90.0,0.0,0.0,1,1.57,16,0.63,0
-0.1,-0.55,0.75,90.0,0.0,0.0,1,1.31,518,19.54,5
-0.1,-0.55,0.85,90.0,0.0,0.0,1,1.654,226,8.71,2
-0.1,-0.45,0.35,90.0,0.0,0.0,0,36.686,700,25.53,-1
-0.1,-0.45,0.45,90.0,0.0,0.0,1,0.314,8,0.31,0
-0.1,-0.45,0.55,90.0,0.0,0.0,1,1.58,5,0.21,0
-0.1,-0.45,0.65,90.0,0.0,0.0,1,1.145,6,0.25,0
-0.1,-0.45,0.75,90.0,0.0,0.0,1,0.974,211,7.99,2
-0.1,-0.45,0.85,90.0,0.0,0.0,1,1.686,10,0.4,0
-0.1,-0.35,0.35,90.0,0.0,0.0,1,2.987,6,0.25,0
-0.1,-0.35,0.45,90.0,0.0,0.0,1,2.919,5,0.2,0
-0.1,-0.35,0.55,90.0,0.0,0.0,1,1.083,5,0.21,0
-0.1,-0.35,0.65,90.0,0.0,0.0,1,0.923,5,0.21,0
-0.1,-0.35,0.75,90.0,0.0,0.0,1,1.415,212,8.03,2
-0.1,-0.35,0.85,90.0,0.0,0.0,0,167.058,700,26.46,-1
-0.1,-0.25,0.35,90.0,0.0,0.0,0,16.711,700,26.38,-1
-0.1,-0.25,0.45,90.0,0.0,0.0,1,0.792,5,0.21,0
-0.1,-0.25,0.55,90.0,0.0,0.0,1,8.23,100,3.78,0
-0.1,-0.25,0.65,90.0,0.0,0.0,0,39.649,700,26.46,-1
-0.1,-0.25,0.75,90.0,0.0,0.0,1,2.269,212,8.37,2
-0.1,-0.25,0.85,90.0,0.0,0.0,1,1.422,207,8.2,2
-0.1,-0.15,0.35,90.0,0.0,0.0,0,83.391,700,26.59,-1
-0.1,-0.15,0.45,90.0,0.0,0.0,0,42.617,700,26.6,-1
-0.1,-0.15,0.55,90.0,0.0,0.0,0,54.056,700,26.56,-1
-0.1,-0.15,0.65,90.0,0.0,0.0,0,117.171,700,27.16,-1
-0.1,-0.15,0.75,90.0,0.0,0.0,0,148.111,700,27.72,-1
-0.1,-0.15,0.85,90.0,0.0,0.0,0,212.226,700,27.71,-1
-0.1,-0.05,0.35,90.0,0.0,0.0,0,118.366,700,27.12,-1
-0.1,-0.05,0.45,90.0,0.0,0.0,0,93.286,700,27.14,-1
-0.1,-0.05,0.55,90.0,0.0,0.0,0,101.364,700,27.57,-1
-0.1,-0.05,0.65,90.0,0.0,0.0,0,152.719,700,27.63,-1
-0.1,-0.05,0.75,90.0,0.0,0.0,0,229.957,700,27.67,-1
-0.1,-0.05,0.85,90.0,0.0,0.0,0,284.943,700,27.66,-1
0.0,-0.55,0.35,90.0,0.0,0.0,0,99.287,700,25.46,-1
0.0,-0.55,0.45,90.0,0.0,0.0,0,41.645,700,25.47,-1
0.0,-0.55,0.55,90.0,0.0,0.0,1,2.246,9,0.36,0
0.0,-0.55,0.65,90.0,0.0,0.0,1,1.903,8,0.32,0
0.0,-0.55,0.75,90.0,0.0,0.0,1,0.897,9,0.37,0
0.0,-0.55,0.85,90.0,0.0,0.0,1,2.254,10,0.41,0
0.0,-0.45,0.35,90.0,0.0,0.0,0,32.003,700,25.61,-1
0.0,-0.45,0.45,90.0,0.0,0.0,1,0.596,6,0.24,0
0.0,-0.45,0.55,90.0,0.0,0.0,1,0.518,7,0.28,0
0.0,-0.45,0.65,90.0,0.0,0.0,1,0.823,7,0.28,0
0.0,-0.45,0.75,90.0,0.0,0.0,1,1.108,216,8.21,2
0.0,-0.45,0.85,90.0,0.0,0.0,1,2.161,7,0.29,0
0.0,-0.35,0.35,90.0,0.0,0.0,1,1.542,5,0.21,0
0.0,-0.35,0.45,90.0,0.0,0.0,1,0.482,6,0.25,0
0.0,-0.35,0.55,90.0,0.0,0.0,1,1.914,5,0.2,0
0.0,-0.35,0.65,90.0,0.0,0.0,1,0.955,5,0.2,0
0.0,-0.35,0.75,90.0,0.0,0.0,1,1.671,213,8.06,2
0.0,-0.35,0.85,90.0,0.0,0.0,1,2.889,213,8.08,2
0.0,-0.25,0.35,90.0,0.0,0.0,1,1.145,5,0.21,0
0.0,-0.25,0.45,90.0,0.0,0.0,1,0.955,5,0.2,0
0.0,-0.25,0.55,90.0,0.0,0.0,1,0.919,5,0.21,0
0.0,-0.25,0.65,90.0,0.0,0.0,0,41.393,700,25.79,-1
0.0,-0.25,0.75,90.0,0.0,0.0,0,39.571,700,27.42,-1
0.0,-0.25,0.85,90.0,0.0,0.0,1,2.369,206,8.0,2
0.0,-0.15,0.35,90.0,0.0,0.0,0,24.864,700,27.08,-1
0.0,-0.15,0.45,90.0,0.0,0.0,1,2.996,5,0.21,0
0.0,-0.15,0.55,90.0,0.0,0.0,1,3.596,100,3.88,0
0.0,-0.15,0.65,90.0,0.0,0.0,0,101.233,700,27.1,-1
0.0,-0.15,0.75,90.0,0.0,0.0,0,149.169,700,27.68,-1
0.0,-0.15,0.85,90.0,0.0,0.0,0,185.372,700,27.66,-1
0.0,-0.05,0.35,90.0,0.0,0.0,0,80.002,700,27.06,-1
0.0,-0.05,0.45,90.0,0.0,0.0,0,84.82,700,26.46,-1
0.0,-0.05,0.55,90.0,0.0,0.0,0,94.992,700,26.45,-1
0.0,-0.05,0.65,90.0,0.0,0.0,0,137.179,700,27.17,-1
0.0,-0.05,0.75,90.0,0.0,0.0,0,201.592,700,27.64,-1
0.0,-0.05,0.85,90.0,0.0,0.0,0,267.812,700,27.71,-1
0.1,-0.55,0.35,90.0,0.0,0.0,0,110.99,700,25.55,-1
0.1,-0.55,0.45,90.0,0.0,0.0,0,57.915,700,25.36,-1
0.1,-0.55,0.55,90.0,0.0,0.0,1,4.184,100,3.59,0
0.1,-0.55,0.65,90.0,0.0,0.0,1,1.5,6,0.24,0
0.1,-0.55,0.75,90.0,0.0,0.0,1,1.846,106,4.06,1
0.1,-0.55,0.85,90.0,0.0,0.0,1,5.309,100,3.61,0
0.1,-0.45,0.35,90.0,0.0,0.0,0,35.681,700,25.56,-1
0.1,-0.45,0.45,90.0,0.0,0.0,1,0.568,4,0.18,0
0.1,-0.45,0.55,90.0,0.0,0.0,1,1.294,4,0.16,0
0.1,-0.45,0.65,90.0,0.0,0.0,1,2.412,5,0.2,0
0.1,-0.45,0.75,90.0,0.0,0.0,1,1.046,5,0.21,0
0.1,-0.45,0.85,90.0,0.0,0.0,1,2.024,208,7.9,2
0.1,-0.35,0.35,90.0,0.0,0.0,1,1.365,4,0.17,0
0.1,-0.35,0.45,90.0,0.0,0.0,1,0.495,4,0.17,0
0.1,-0.35,0.55,90.0,0.0,0.0,1,0.986,4,0.17,0
0.1,-0.35,0.65,90.0,0.0,0.0,1,0.768,5,0.2,0
0.1,-0.35,0.75,90.0,0.0,0.0,1,2.993,4,0.17,0
0.1,-0.35,0.85,90.0,0.0,0.0,1,1.282,208,8.04,2
0.1,-0.25,0.35,90.0,0.0,0.0,1,1.044,4,0.17,0
0.1,-0.25,0.45,90.0,0.0,0.0,1,0.952,4,0.17,0
0.1,-0.25,0.55,90.0,0.0,0.0,1,1.246,4,0.17,0
0.1,-0.25,0.65,90.0,0.0,0.0,1,2.21,4,0.17,0
0.1,-0.25,0.75,90.0,0.0,0.0,0,66.008,700,26.5,-1
0.1,-0.25,0.85,90.0,0.0,0.0,0,108.242,700,27.14,-1
0.1,-0.15,0.35,90.0,0.0,0.0,1,2.604,4,0.18,0
0.1,-0.15,0.45,90.0,0.0,0.0,1,2.876,4,0.17,0
0.1,-0.15,0.55,90.0,0.0,0.0,1,3.23,100,3.76,0
0.1,-0.15,0.65,90.0,0.0,0.0,0,38.422,700,27.62,-1
0.1,-0.15,0.75,90.0,0.0,0.0,0,118.283,700,27.61,-1
0.1,-0.15,0.85,90.0,0.0,0.0,0,187.879,700,27.7,-1
0.1,-0.05,0.35,90.0,0.0,0.0,0,71.413,700,26.45,-1
0.1,-0.05,0.45,90.0,0.0,0.0,0,82.963,700,26.36,-1
0.1,-0.05,0.55,90.0,0.0,0.0,0,93.117,700,26.38,-1
0.1,-0.05,0.65,90.0,0.0,0.0,0,103.519,700,27.52,-1
0.1,-0.05,0.75,90.0,0.0,0.0,0,152.277,700,27.69,-1
0.1,-0.05,0.85,90.0,0.0,0.0,0,230.805,700,27.72,-1
0.2,-0.55,0.35,90.0,0.0,0.0,0,139.323,700,25.45,-1
0.2,-0.55,0.45,90.0,0.0,0.0,0,94.377,700,25.42,-1
0.2,-0.55,0.55,90.0,0.0,0.0,0,33.833,700,25.28,-1
0.2,-0.55,0.65,90.0,0.0,0.0,0,12.027,700,24.97,-1
0.2,-0.55,0.75,90.0,0.0,0.0,0,12.362,700,24.95,-1
0.2,-0.55,0.85,90.0,0.0,0.0,0,40.786,700,25.42,-1
0.2,-0.45,0.35,90.0,0.0,0.0,0,90.666,700,25.27,-1
0.2,-0.45,0.45,90.0,0.0,0.0,1,4.151,100,3.56,0
0.2,-0.45,0.55,90.0,0.0,0.0,1,0.539,3,0.13,0
0.2,-0.45,0.65,90.0,0.0,0.0,1,2.861,3,0.13,0
0.2,-0.45,0.75,90.0,0.0,0.0,1,2.834,6,0.24,0
0.2,-0.45,0.85,90.0,0.0,0.0,1,1.285,5,0.2,0
0.2,-0.35,0.35,90.0,0.0,0.0,0,14.827,700,25.59,-1
0.2,-0.35,0.45,90.0,0.0,0.0,1,2.815,2,0.09,0
0.2,-0.35,0.55,90.0,0.0,0.0,1,1.662,2,0.09,0
0.2,-0.35,0.65,90.0,0.0,0.0,1,1.247,2,0.09,0
0.2,-0.35,0.75,90.0,0.0,0.0,1,2.135,3,0.13,0
0.2,-0.35,0.85,90.0,0.0,0.0,1,1.543,5,0.2,0
0.2,-0.25,0.35,90.0,0.0,0.0,1,1.796,4,0.16,0
0.2,-0.25,0.45,90.0,0.0,0.0,1,0.872,4,0.16,0
0.2,-0.25,0.55,90.0,0.0,0.0,1,0.785,4,0.17,0
0.2,-0.25,0.65,90.0,0.0,0.0,1,1.027,4,0.17,0
0.2,-0.25,0.75,90.0,0.0,0.0,0,63.602,700,26.3,-1
0.2,-0.25,0.85,90.0,0.0,0.0,1,1.633,411,15.45,4
0.2,-0.15,0.35,90.0,0.0,0.0,1,2.654,4,0.18,0
0.2,-0.15,0.45,90.0,0.0,0.0,1,2.644,3,0.13,0
0.2,-0.15,0.55,90.0,0.0,0.0,1,2.988,4,0.17,0
0.2,-0.15,0.65,90.0,0.0,0.0,0,12.782,700,26.88,-1
0.2,-0.15,0.75,90.0,0.0,0.0,0,95.797,700,26.84,-1
0.2,-0.15,0.85,90.0,0.0,0.0,1,2.843,413,15.78,4
0.2,-0.05,0.35,90.0,0.0,0.0,0,66.827,700,26.21,-1
0.2,-0.05,0.45,90.0,0.0,0.0,0,76.691,700,26.34,-1
0.2,-0.05,0.55,90.0,0.0,0.0,0,85.202,700,26.22,-1
0.2,-0.05,0.65,90.0,0.0,0.0,0,90.469,700,26.92,-1
0.2,-0.05,0.75,90.0,0.0,0.0,0,127.726,700,26.97,-1
0.2,-0.05,0.85,90.0,0.0,0.0,0,168.175,700,26.89,-1
0.3,-0.55,0.35,90.0,0.0,0.0,0,180.523,700,25.35,-1
0.3,-0.55,0.45,90.0,0.0,0.0,0,135.611,700,25.4,-1
0.3,-0.55,0.55,90.0,0.0,0.0,0,84.293,700,25.38,-1
0.3,-0.55,0.65,90.0,0.0,0.0,0,68.623,700,25.65,-1
0.3,-0.55,0.75,90.0,0.0,0.0,0,66.372,700,25.26,-1
0.3,-0.55,0.85,90.0,0.0,0.0,0,84.729,700,25.51,-1
0.3,-0.45,0.35,90.0,0.0,0.0,0,129.463,700,25.41,-1
0.3,-0.45,0.45,90.0,0.0,0.0,0,54.29,700,25.26,-1
0.3,-0.45,0.55,90.0,0.0,0.0,0,12.215,700,25.07,-1
0.3,-0.45,0.65,90.0,0.0,0.0,1,3.103,100,3.58,0
0.3,-0.45,0.75,90.0,0.0,0.0,1,3.612,100,3.58,0
0.3,-0.45,0.85,90.0,0.0,0.0,0,12.402,700,25.04,-1
0.3,-0.35,0.35,90.0,0.0,0.0,0,79.359,700,25.29,-1
0.3,-0.35,0.45,90.0,0.0,0.0,1,4.464,100,3.57,0
0.3,-0.35,0.55,90.0,0.0,0.0,1,1.63,2,0.09,0
0.3,-0.35,0.65,90.0,0.0,0.0,1,1.322,3,0.13,0
0.3,-0.35,0.75,90.0,0.0,0.0,1,1.366,4,0.17,0
0.3,-0.35,0.85,90.0,0.0,0.0,1,2.841,5,0.2,0
0.3,-0.25,0.35,90.0,0.0,0.0,0,34.219,700,26.52,-1
0.3,-0.25,0.45,90.0,0.0,0.0,1,1.247,4,0.17,0
0.3,-0.25,0.55,90.0,0.0,0.0,1,0.727,4,0.17,0
0.3,-0.25,0.65,90.0,0.0,0.0,1,1.22,4,0.17,0
0.3,-0.25,0.75,90.0,0.0,0.0,0,14.893,700,26.36,-1
0.3,-0.25,0.85,90.0,0.0,0.0,1,2.623,405,15.29,4
0.3,-0.15,0.35,90.0,0.0,0.0,0,24.936,700,27.12,-1
0.3,-0.15,0.45,90.0,0.0,0.0,1,2.564,5,0.21,0
0.3,-0.15,0.55,90.0,0.0,0.0,1,2.699,4,0.17,0
0.3,-0.15,0.65,90.0,0.0,0.0,1,2.749,5,0.21,0
0.3,-0.15,0.75,90.0,0.0,0.0,0,36.184,700,27.02,-1
0.3,-0.15,0.85,90.0,0.0,0.0,0,66.823,700,26.84,-1
0.3,-0.05,0.35,90.0,0.0,0.0,0,69.715,700,27.74,-1
0.3,-0.05,0.45,90.0,0.0,0.0,0,68.211,700,26.38,-1
0.3,-0.05,0.55,90.0,0.0,0.0,0,74.742,700,26.35,-1
0.3,-0.05,0.65,90.0,0.0,0.0,0,78.504,700,26.38,-1
0.3,-0.05,0.75,90.0,0.0,0.0,0,83.035,700,26.98,-1
0.3,-0.05,0.85,90.0,0.0,0.0,0,93.235,700,27.32,-1
0.4,-0.55,0.35,90.0,0.0,0.0,0,310.522,700,25.51,-1
0.4,-0.55,0.45,90.0,0.0,0.0,0,189.766,700,25.39,-1
0.4,-0.55,0.55,90.0,0.0,0.0,0,162.778,700,25.33,-1
0.4,-0.55,0.65,90.0,0.0,0.0,0,151.503,700,25.32,-1
0.4,-0.55,0.75,90.0,0.0,0.0,0,129.861,700,25.81,-1
0.4,-0.55,0.85,90.0,0.0,0.0,0,154.055,700,25.5,-1
0.4,-0.45,0.35,90.0,0.0,0.0,0,182.279,700,25.33,-1
0.4,-0.45,0.45,90.0,0.0,0.0,0,135.524,700,25.29,-1
0.4,-0.45,0.55,90.0,0.0,0.0,0,192.529,700,25.24,-1
0.4,-0.45,0.65,90.0,0.0,0.0,0,110.637,700,25.24,-1
0.4,-0.45,0.75,90.0,0.0,0.0,0,65.0,700,25.37,-1
0.4,-0.45,0.85,90.0,0.0,0.0,0,92.605,700,25.73,-1
0.4,-0.35,0.35,90.0,0.0,0.0,0,147.862,700,25.42,-1
0.4,-0.35,0.45,90.0,0.0,0.0,0,76.04,700,25.32,-1
0.4,-0.35,0.55,90.0,0.0,0.0,0,40.077,700,25.31,-1
0.4,-0.35,0.65,90.0,0.0,0.0,0,13.461,700,25.06,-1
0.4,-0.35,0.75,90.0,0.0,0.0,0,14.849,700,25.16,-1
0.4,-0.35,0.85,90.0,0.0,0.0,0,36.702,700,25.55,-1
0.4,-0.25,0.35,90.0,0.0,0.0,0,123.82,700,25.69,-1
0.4,-0.25,0.45,90.0,0.0,0.0,0,63.689,700,25.68,-1
0.4,-0.25,0.55,90.0,0.0,0.0,1,5.219,100,3.58,0
0.4,-0.25,0.65,90.0,0.0,0.0,1,1.788,4,0.18,0
0.4,-0.25,0.75,90.0,0.0,0.0,1,2.44,4,0.17,0
0.4,-0.25,0.85,90.0,0.0,0.0,1,6.24,100,3.58,0
0.4,-0.15,0.35,90.0,0.0,0.0,0,94.222,700,26.36,-1
0.4,-0.15,0.45,90.0,0.0,0.0,0,34.716,700,26.35,-1
0.4,-0.15,0.55,90.0,0.0,0.0,1,3.856,100,3.76,0
0.4,-0.15,0.65,90.0,0.0,0.0,1,2.763,3,0.13,0
0.4,-0.15,0.75,90.0,0.0,0.0,1,2.737,4,0.17,0
0.4,-0.15,0.85,90.0,0.0,0.0,1,4.06,100,3.77,0
0.4,-0.05,0.35,90.0,0.0,0.0,0,106.138,700,26.21,-1
0.4,-0.05,0.45,90.0,0.0,0.0,0,52.692,700,26.51,-1
0.4,-0.05,0.55,90.0,0.0,0.0,0,64.285,700,26.39,-1
0.4,-0.05,0.65,90.0,0.0,0.0,0,66.658,700,26.48,-1
0.4,-0.05,0.75,90.0,0.0,0.0,0,66.602,700,26.4,-1
0.4,-0.05,0.85,90.0,0.0,0.0,0,64.192,700,26.42,-1
-0.2,-0.55,0.35,180.0,0.0,0.0,0,130.227,700,25.77,-1
-0.2,-0.55,0.45,180.0,0.0,0.0,0,94.052,700,25.95,-1
-0.2,-0.55,0.55,180.0,0.0,0.0,0,61.458,700,26.34,-1
-0.2,-0.55,0.65,180.0,0.0,0.0,0,28.325,700,26.55,-1
-0.2,-0.55,0.75,180.0,0.0,0.0,0,89.502,700,28.44,-1
-0.2,-0.55,0.85,180.0,0.0,0.0,0,66.599,700,27.9,-1
-0.2,-0.45,0.35,180.0,0.0,0.0,0,67.524,700,25.42,-1
-0.2,-0.45,0.45,180.0,0.0,0.0,1,3.36,100,3.58,0
-0.2,-0.45,0.55,180.0,0.0,0.0,0,25.452,700,26.47,-1
-0.2,-0.45,0.65,180.0,0.0,0.0,1,1.373,25,0.97,0
-0.2,-0.45,0.75,180.0,0.0,0.0,1,3.642,100,3.63,0
-0.2,-0.45,0.85,180.0,0.0,0.0,1,4.035,300,11.86,2
-0.2,-0.35,0.35,180.0,0.0,0.0,0,11.042,700,25.46,-1
-0.2,-0.35,0.45,180.0,0.0,0.0,1,0.458,6,0.25,0
-0.2,-0.35,0.55,180.0,0.0,0.0,1,1.316,310,11.75,3
-0.2,-0.35,0.65,180.0,0.0,0.0,0,123.598,700,26.46,-1
-0.2,-0.35,0.75,180.0,0.0,0.0,0,147.774,700,27.19,-1
-0.2,-0.35,0.85,180.0,0.0,0.0,0,184.423,700,27.76,-1
-0.2,-0.25,0.35,180.0,0.0,0.0,1,1.034,5,0.2,0
-0.2,-0.25,0.45,180.0,0.0,0.0,1,2.331,6,0.25,0
-0.2,-0.25,0.55,180.0,0.0,0.0,1,1.72,110,4.26,1
-0.2,-0.25,0.65,180.0,0.0,0.0,1,1.781,405,15.61,4
-0.2,-0.25,0.75,180.0,0.0,0.0,0,153.222,700,28.36,-1
-0.2,-0.25,0.85,180.0,0.0,0.0,0,199.707,700,28.8,-1
-0.2,-0.15,0.35,180.0,0.0,0.0,1,2.629,5,0.21,0
-0.2,-0.15,0.45,180.0,0.0,0.0,1,2.118,5,0.21,0
-0.2,-0.15,0.55,180.0,0.0,0.0,0,20.391,700,26.44,-1
-0.2,-0.15,0.65,180.0,0.0,0.0,0,54.723,700,26.67,-1
-0.2,-0.15,0.75,180.0,0.0,0.0,0,197.824,700,28.97,-1
-0.2,-0.15,0.85,180.0,0.0,0.0,0,244.901,700,30.04,-1
-0.2,-0.05,0.35,180.0,0.0,0.0,1,2.916,5,0.21,0
-0.2,-0.05,0.45,180.0,0.0,0.0,1,0.854,5,0.22,0
-0.2,-0.05,0.55,180.0,0.0,0.0,0,38.255,700,26.44,-1
-0.2,-0.05,0.65,180.0,0.0,0.0,0,127.745,700,26.42,-1
-0.2,-0.05,0.75,180.0,0.0,0.0,0,151.987,700,28.39,-1
-0.2,-0.05,0.85,180.0,0.0,0.0,0,209.877,700,29.42,-1
-0.1,-0.55,0.35,180.0,0.0,0.0,0,108.274,700,25.78,-1
-0.1,-0.55,0.45,180.0,0.0,0.0,0,74.796,700,26.07,-1
-0.1,-0.55,0.55,180.0,0.0,0.0,0,24.358,700,25.83,-1
-0.1,-0.55,0.65,180.0,0.0,0.0,0,112.556,700,26.64,-1
-0.1,-0.55,0.75,180.0,0.0,0.0,0,133.936,700,28.17,-1
-0.1,-0.55,0.85,180.0,0.0,0.0,0,64.661,700,27.61,-1
-0.1,-0.45,0.35,180.0,0.0,0.0,0,41.476,700,25.5,-1
-0.1,-0.45,0.45,180.0,0.0,0.0,1,2.155,5,0.21,0
-0.1,-0.45,0.55,180.0,0.0,0.0,1,1.665,308,11.71,3
-0.1,-0.45,0.65,180.0,0.0,0.0,0,63.18,700,26.5,-1
-0.1,-0.45,0.75,180.0,0.0,0.0,0,97.682,700,27.29,-1
-0.1,-0.45,0.85,180.0,0.0,0.0,1,2.311,215,8.21,2
-0.1,-0.35,0.35,180.0,0.0,0.0,1,2.967,4,0.17,0
-0.1,-0.35,0.45,180.0,0.0,0.0,1,0.669,5,0.21,0
-0.1,-0.35,0.55,180.0,0.0,0.0,1,1.392,5,0.21,0
-0.1,-0.35,0.65,180.0,0.0,0.0,0,35.743,700,26.5,-1
-0.1,-0.35,0.75,180.0,0.0,0.0,0,85.566,700,27.02,-1
-0.1,-0.35,0.85,180.0,0.0,0.0,0,132.456,700,27.35,-1
-0.1,-0.25,0.35,180.0,0.0,0.0,1,0.946,4,0.17,0
-0.1,-0.25,0.45,180.0,0.0,0.0,1,0.646,5,0.21,0
-0.1,-0.25,0.55,180.0,0.0,0.0,1,8.296,100,3.76,0
-0.1,-0.25,0.65,180.0,0.0,0.0,0,43.398,700,27.61,-1
-0.1,-0.25,0.75,180.0,0.0,0.0,0,92.26,700,29.29,-1
-0.1,-0.25,0.85,180.0,0.0,0.0,0,128.839,700,28.69,-1
-0.1,-0.15,0.35,180.0,0.0,0.0,1,1.823,4,0.17,0
-0.1,-0.15,0.45,180.0,0.0,0.0,1,1.438,4,0.18,0
-0.1,-0.15,0.55,180.0,0.0,0.0,0,17.686,700,26.42,-1
-0.1,-0.15,0.65,180.0,0.0,0.0,0,117.163,700,27.05,-1
-0.1,-0.15,0.75,180.0,0.0,0.0,0,158.513,700,28.45,-1
-0.1,-0.15,0.85,180.0,0.0,0.0,0,215.086,700,29.28,-1
-0.1,-0.05,0.35,180.0,0.0,0.0,1,0.358,5,0.21,0
-0.1,-0.05,0.45,180.0,0.0,0.0,1,0.682,5,0.2,0
-0.1,-0.05,0.55,180.0,0.0,0.0,1,2.416,4,0.17,0
-0.1,-0.05,0.65,180.0,0.0,0.0,0,40.165,700,27.09,-1
-0.1,-0.05,0.75,180.0,0.0,0.0,0,89.831,700,28.47,-1
-0.1,-0.05,0.85,180.0,0.0,0.0,0,170.39,700,28.79,-1
0.0,-0.55,0.35,180.0,0.0,0.0,0,102.941,700,25.78,-1
0.0,-0.55,0.45,180.0,0.0,0.0,0,97.104,700,25.94,-1
0.0,-0.55,0.55,180.0,0.0,0.0,0,22.089,700,26.39,-1
0.0,-0.55,0.65,180.0,0.0,0.0,0,40.064,700,27.78,-1
0.0,-0.55,0.75,180.0,0.0,0.0,0,69.887,700,27.32,-1
0.0,-0.55,0.85,180.0,0.0,0.0,0,92.0,700,26.9,-1
0.0,-0.45,0.35,180.0,0.0,0.0,0,21.205,700,25.22,-1
0.0,-0.45,0.45,180.0,0.0,0.0,1,0.681,5,0.21,0
0.0,-0.45,0.55,180.0,0.0,0.0,1,1.812,8,0.31,0
0.0,-0.45,0.65,180.0,0.0,0.0,1,2.172,6,0.25,0
0.0,-0.45,0.75,180.0,0.0,0.0,0,26.221,700,26.52,-1
0.0,-0.45,0.85,180.0,0.0,0.0,0,140.42,700,26.81,-1
0.0,-0.35,0.35,180.0,0.0,0.0,1,1.1,4,0.17,0
0.0,-0.35,0.45,180.0,0.0,0.0,1,1.05,4,0.16,0
0.0,-0.35,0.55,180.0,0.0,0.0,1,2.759,5,0.2,0
0.0,-0.35,0.65,180.0,0.0,0.0,1,2.399,4,0.17,0
0.0,-0.35,0.75,180.0,0.0,0.0,1,1.608,209,8.17,2
0.0,-0.35,0.85,180.0,0.0,0.0,0,89.229,700,27.26,-1
0.0,-0.25,0.35,180.0,0.0,0.0,1,0.218,4,0.17,0
0.0,-0.25,0.45,180.0,0.0,0.0,1,0.688,4,0.17,0
0.0,-0.25,0.55,180.0,0.0,0.0,1,1.48,3,0.14,0
0.0,-0.25,0.65,180.0,0.0,0.0,0,41.47,700,26.38,-1
0.0,-0.25,0.75,180.0,0.0,0.0,0,92.109,700,27.74,-1
0.0,-0.25,0.85,180.0,0.0,0.0,0,150.559,700,27.77,-1
0.0,-0.15,0.35,180.0,0.0,0.0,1,0.522,4,0.17,0
0.0,-0.15,0.45,180.0,0.0,0.0,1,0.852,4,0.17,0
0.0,-0.15,0.55,180.0,0.0,0.0,1,1.166,3,0.13,0
0.0,-0.15,0.65,180.0,0.0,0.0,0,101.044,700,25.69,-1
0.0,-0.15,0.75,180.0,0.0,0.0,0,158.645,700,28.18,-1
0.0,-0.15,0.85,180.0,0.0,0.0,0,204.782,700,28.68,-1
0.0,-0.05,0.35,180.0,0.0,0.0,1,1.073,4,0.17,0
0.0,-0.05,0.45,180.0,0.0,0.0,1,1.959,4,0.17,0
0.0,-0.05,0.55,180.0,0.0,0.0,1,1.645,4,0.17,0
0.0,-0.05,0.65,180.0,0.0,0.0,0,36.853,700,27.01,-1
0.0,-0.05,0.75,180.0,0.0,0.0,0,92.761,700,27.68,-1
0.0,-0.05,0.85,180.0,0.0,0.0,0,254.256,700,28.52,-1
0.1,-0.55,0.35,180.0,0.0,0.0,0,108.967,700,25.79,-1
0.1,-0.55,0.45,180.0,0.0,0.0,0,55.831,700,26.01,-1
0.1,-0.55,0.55,180.0,0.0,0.0,0,24.937,700,25.74,-1
0.1,-0.55,0.65,180.0,0.0,0.0,0,24.901,700,26.38,-1
0.1,-0.55,0.75,180.0,0.0,0.0,0,43.328,700,27.03,-1
0.1,-0.55,0.85,180.0,0.0,0.0,0,105.65,700,27.08,-1
0.1,-0.45,0.35,180.0,0.0,0.0,0,46.505,700,25.36,-1
0.1,-0.45,0.45,180.0,0.0,0.0,1,0.59,4,0.17,0
0.1,-0.45,0.55,180.0,0.0,0.0,1,2.358,3,0.13,0
0.1,-0.45,0.65,180.0,0.0,0.0,1,2.554,5,0.21,0
0.1,-0.45,0.75,180.0,0.0,0.0,0,38.648,700,26.39,-1
0.1,-0.45,0.85,180.0,0.0,0.0,0,111.857,700,26.44,-1
0.1,-0.35,0.35,180.0,0.0,0.0,1,0.889,4,0.17,0
0.1,-0.35,0.45,180.0,0.0,0.0,1,2.67,2,0.09,0
0.1,-0.35,0.55,180.0,0.0,0.0,1,2.112,4,0.17,0
0.1,-0.35,0.65,180.0,0.0,0.0,1,2.511,4,0.17,0
0.1,-0.35,0.75,180.0,0.0,0.0,0,44.411,700,26.5,-1
0.1,-0.35,0.85,180.0,0.0,0.0,0,128.673,700,26.42,-1
0.1,-0.25,0.35,180.0,0.0,0.0,1,1.426,3,0.13,0
0.1,-0.25,0.45,180.0,0.0,0.0,1,2.626,2,0.09,0
0.1,-0.25,0.55,180.0,0.0,0.0,1,1.61,2,0.09,0
0.1,-0.25,0.65,180.0,0.0,0.0,1,3.451,100,3.78,0
0.1,-0.25,0.75,180.0,0.0,0.0,0,49.26,700,27.48,-1
0.1,-0.25,0.85,180.0,0.0,0.0,0,141.554,700,27.37,-1
0.1,-0.15,0.35,180.0,0.0,0.0,1,1.971,3,0.13,0
0.1,-0.15,0.45,180.0,0.0,0.0,1,2.254,3,0.13,0
0.1,-0.15,0.55,180.0,0.0,0.0,1,2.835,3,0.13,0
0.1,-0.15,0.65,180.0,0.0,0.0,0,61.393,700,26.97,-1
0.1,-0.15,0.75,180.0,0.0,0.0,0,82.596,700,28.08,-1
0.1,-0.15,0.85,180.0,0.0,0.0,0,159.376,700,28.61,-1
0.1,-0.05,0.35,180.0,0.0,0.0,1,0.391,4,0.19,0
0.1,-0.05,0.45,180.0,0.0,0.0,1,0.845,4,0.17,0
0.1,-0.05,0.55,180.0,0.0,0.0,0,31.09,700,26.48,-1
0.1,-0.05,0.65,180.0,0.0,0.0,0,97.026,700,27.06,-1
0.1,-0.05,0.75,180.0,0.0,0.0,0,170.391,700,28.27,-1
0.1,-0.05,0.85,180.0,0.0,0.0,0,216.328,700,28.5,-1
0.2,-0.55,0.35,180.0,0.0,0.0,0,131.683,700,25.48,-1
0.2,-0.55,0.45,180.0,0.0,0.0,0,100.139,700,25.88,-1
0.2,-0.55,0.55,180.0,0.0,0.0,0,83.156,700,26.05,-1
0.2,-0.55,0.65,180.0,0.0,0.0,0,64.009,700,25.89,-1
0.2,-0.55,0.75,180.0,0.0,0.0,0,42.516,700,27.12,-1
0.2,-0.55,0.85,180.0,0.0,0.0,0,101.7,700,27.23,-1
0.2,-0.45,0.35,180.0,0.0,0.0,0,73.538,700,25.59,-1
0.2,-0.45,0.45,180.0,0.0,0.0,1,3.402,100,3.65,0
0.2,-0.45,0.55,180.0,0.0,0.0,1,0.798,4,0.17,0
0.2,-0.45,0.65,180.0,0.0,0.0,1,2.144,4,0.17,0
0.2,-0.45,0.75,180.0,0.0,0.0,0,36.433,700,26.62,-1
0.2,-0.45,0.85,180.0,0.0,0.0,0,104.561,700,26.61,-1
0.2,-0.35,0.35,180.0,0.0,0.0,0,12.515,700,25.4,-1
0.2,-0.35,0.45,180.0,0.0,0.0,1,1.454,2,0.1,0
0.2,-0.35,0.55,180.0,0.0,0.0,1,0.988,3,0.13,0
0.2,-0.35,0.65,180.0,0.0,0.0,1,1.518,5,0.21,0
0.2,-0.35,0.75,180.0,0.0,0.0,0,41.874,700,26.52,-1
0.2,-0.35,0.85,180.0,0.0,0.0,0,118.223,700,26.53,-1
0.2,-0.25,0.35,180.0,0.0,0.0,1,1.572,3,0.13,0
0.2,-0.25,0.45,180.0,0.0,0.0,1,0.712,2,0.09,0
0.2,-0.25,0.55,180.0,0.0,0.0,1,0.798,4,0.17,0
0.2,-0.25,0.65,180.0,0.0,0.0,1,2.258,4,0.17,0
0.2,-0.25,0.75,180.0,0.0,0.0,0,47.926,700,26.62,-1
0.2,-0.25,0.85,180.0,0.0,0.0,0,128.441,700,27.44,-1
0.2,-0.15,0.35,180.0,0.0,0.0,1,1.877,3,0.14,0
0.2,-0.15,0.45,180.0,0.0,0.0,1,0.727,3,0.13,0
0.2,-0.15,0.55,180.0,0.0,0.0,1,4.102,100,3.79,0
0.2,-0.15,0.65,180.0,0.0,0.0,0,50.181,700,26.49,-1
0.2,-0.15,0.75,180.0,0.0,0.0,0,70.89,700,27.62,-1
0.2,-0.15,0.85,180.0,0.0,0.0,0,139.286,700,27.7,-1
0.2,-0.05,0.35,180.0,0.0,0.0,1,1.502,4,0.17,0
0.2,-0.05,0.45,180.0,0.0,0.0,1,1.527,3,0.13,0
0.2,-0.05,0.55,180.0,0.0,0.0,0,49.363,700,26.38,-1
0.2,-0.05,0.65,180.0,0.0,0.0,0,118.305,700,26.4,-1
0.2,-0.05,0.75,180.0,0.0,0.0,0,136.097,700,27.23,-1
0.2,-0.05,0.85,180.0,0.0,0.0,0,167.853,700,27.68,-1
0.3,-0.55,0.35,180.0,0.0,0.0,0,174.248,700,25.53,-1
0.3,-0.55,0.45,180.0,0.0,0.0,0,124.708,700,25.55,-1
0.3,-0.55,0.55,180.0,0.0,0.0,0,102.928,700,25.85,-1
0.3,-0.55,0.65,180.0,0.0,0.0,0,80.63,700,26.46,-1
0.3,-0.55,0.75,180.0,0.0,0.0,0,69.449,700,28.36,-1
0.3,-0.55,0.85,180.0,0.0,0.0,0,118.173,700,27.92,-1
0.3,-0.45,0.35,180.0,0.0,0.0,0,117.558,700,25.55,-1
0.3,-0.45,0.45,180.0,0.0,0.0,0,69.309,700,25.61,-1
0.3,-0.45,0.55,180.0,0.0,0.0,0,11.304,700,25.3,-1
0.3,-0.45,0.65,180.0,0.0,0.0,1,3.712,100,3.71,0
0.3,-0.45,0.75,180.0,0.0,0.0,0,27.217,700,26.83,-1
0.3,-0.45,0.85,180.0,0.0,0.0,0,93.729,700,26.58,-1
0.3,-0.35,0.35,180.0,0.0,0.0,0,75.017,700,25.46,-1
0.3,-0.35,0.45,180.0,0.0,0.0,1,3.926,100,3.59,0
0.3,-0.35,0.55,180.0,0.0,0.0,1,2.518,2,0.1,0
0.3,-0.35,0.65,180.0,0.0,0.0,1,2.771,5,0.21,0
0.3,-0.35,0.75,180.0,0.0,0.0,0,30.68,700,27.17,-1
0.3,-0.35,0.85,180.0,0.0,0.0,0,103.922,700,26.51,-1
0.3,-0.25,0.35,180.0,0.0,0.0,0,34.033,700,25.41,-1
0.3,-0.25,0.45,180.0,0.0,0.0,1,0.98,3,0.13,0
0.3,-0.25,0.55,180.0,0.0,0.0,1,0.886,4,0.17,0
0.3,-0.25,0.65,180.0,0.0,0.0,1,2.49,5,0.22,0
0.3,-0.25,0.75,180.0,0.0,0.0,0,40.033,700,27.2,-1
0.3,-0.25,0.85,180.0,0.0,0.0,0,111.783,700,27.1,-1
0.3,-0.15,0.35,180.0,0.0,0.0,0,24.199,700,25.48,-1
0.3,-0.15,0.45,180.0,0.0,0.0,1,1.952,3,0.13,0
0.3,-0.15,0.55,180.0,0.0,0.0,1,1.111,4,0.17,0
0.3,-0.15,0.65,180.0,0.0,0.0,1,4.692,100,3.79,0
0.3,-0.15,0.75,180.0,0.0,0.0,0,40.628,700,27.08,-1
0.3,-0.15,0.85,180.0,0.0,0.0,0,107.282,700,26.79,-1
0.3,-0.05,0.35,180.0,0.0,0.0,0,40.793,700,25.76,-1
0.3,-0.05,0.45,180.0,0.0,0.0,1,0.895,4,0.17,0
0.3,-0.05,0.55,180.0,0.0,0.0,1,4.876,100,3.78,0
0.3,-0.05,0.65,180.0,0.0,0.0,0,50.766,700,26.43,-1
0.3,-0.05,0.75,180.0,0.0,0.0,0,67.258,700,27.17,-1
0.3,-0.05,0.85,180.0,0.0,0.0,0,105.087,700,27.38,-1
0.4,-0.55,0.35,180.0,0.0,0.0,0,260.414,700,25.54,-1
0.4,-0.55,0.45,180.0,0.0,0.0,0,183.527,700,25.5,-1
0.4,-0.55,0.55,180.0,0.0,0.0,0,149.046,700,25.9,-1
0.4,-0.55,0.65,180.0,0.0,0.0,0,129.286,700,26.38,-1
0.4,-0.55,0.75,180.0,0.0,0.0,0,132.059,700,26.95,-1
0.4,-0.55,0.85,180.0,0.0,0.0,0,164.112,700,26.64,-1
0.4,-0.45,0.35,180.0,0.0,0.0,0,175.097,700,25.51,-1
0.4,-0.45,0.45,180.0,0.0,0.0,0,127.733,700,25.55,-1
0.4,-0.45,0.55,180.0,0.0,0.0,0,88.526,700,25.85,-1
0.4,-0.45,0.65,180.0,0.0,0.0,0,64.288,700,25.87,-1
0.4,-0.45,0.75,180.0,0.0,0.0,0,70.168,700,26.62,-1
0.4,-0.45,0.85,180.0,0.0,0.0,0,112.302,700,26.86,-1
0.4,-0.35,0.35,180.0,0.0,0.0,0,133.673,700,25.47,-1
0.4,-0.35,0.45,180.0,0.0,0.0,0,85.011,700,25.49,-1
0.4,-0.35,0.55,180.0,0.0,0.0,0,43.837,700,25.83,-1
0.4,-0.35,0.65,180.0,0.0,0.0,0,12.645,700,25.99,-1
0.4,-0.35,0.75,180.0,0.0,0.0,0,33.738,700,26.54,-1
0.4,-0.35,0.85,180.0,0.0,0.0,0,87.376,700,26.73,-1
0.4,-0.25,0.35,180.0,0.0,0.0,0,106.08,700,25.57,-1
0.4,-0.25,0.45,180.0,0.0,0.0,0,44.718,700,25.43,-1
0.4,-0.25,0.55,180.0,0.0,0.0,1,4.555,100,3.61,0
0.4,-0.25,0.65,180.0,0.0,0.0,1,2.879,4,0.18,0
0.4,-0.25,0.75,180.0,0.0,0.0,0,34.029,700,27.18,-1
0.4,-0.25,0.85,180.0,0.0,0.0,0,94.802,700,26.58,-1
0.4,-0.15,0.35,180.0,0.0,0.0,0,95.246,700,25.54,-1
0.4,-0.15,0.45,180.0,0.0,0.0,0,34.982,700,25.4,-1
0.4,-0.15,0.55,180.0,0.0,0.0,1,2.51,4,0.17,0
0.4,-0.15,0.65,180.0,0.0,0.0,1,2.835,5,0.21,0
0.4,-0.15,0.75,180.0,0.0,0.0,0,33.999,700,26.54,-1
0.4,-0.15,0.85,180.0,0.0,0.0,0,97.215,700,26.63,-1
0.4,-0.05,0.35,180.0,0.0,0.0,0,104.584,700,25.87,-1
0.4,-0.05,0.45,180.0,0.0,0.0,0,50.179,700,25.88,-1
0.4,-0.05,0.55,180.0,0.0,0.0,1,7.736,100,3.69,0
0.4,-0.05,0.65,180.0,0.0,0.0,1,2.732,7,0.29,0
0.4,-0.05,0.75,180.0,0.0,0.0,0,33.227,700,26.69,-1
0.4,-0.05,0.85,180.0,0.0,0.0,0,95.118,700,26.92,-1
