run,seed_idx,dt,target_x,target_y,target_z,success,pos_err_mm,robot_ms,setup_ms,loop_ms,solve_ms,iterations,iter_ms,cpu_time_ms,mem_kb,j1,j2,j3,j4,j5,j6,j7
1,0,0.01,0.216,-0.2952,0.5297,1,0.0002,4.886,0.047,0.142,5.075,1,0.14203,0.0,115152,-0.0,0.699916,-0.000111,1.570759,-0.000216,-0.000184,6e-05
2,0,0.01,0.216,-0.2952,0.5297,1,0.0002,5.004,0.04,0.126,5.17,1,0.12574,10.0,118196,-0.0,0.699916,-0.000111,1.570759,-0.000216,-0.000184,6e-05
3,0,0.01,0.216,-0.2952,0.5297,1,0.0002,4.691,0.051,0.158,4.9,1,0.15772,0.0,121244,-0.0,0.699916,-0.000111,1.570759,-0.000216,-0.000184,6e-05
4,0,0.01,0.216,-0.2952,0.5297,1,0.0002,4.977,0.045,0.131,5.154,1,0.13135,0.0,124284,-0.0,0.699916,-0.000111,1.570759,-0.000216,-0.000184,6e-05
5,0,0.01,0.216,-0.2952,0.5297,1,0.0002,4.724,0.055,0.158,4.937,1,0.15797,10.0,127328,-0.0,0.699916,-0.000111,1.570759,-0.000216,-0.000184,6e-05
6,0,0.01,0.216,-0.2952,0.5297,1,0.0002,4.914,0.039,0.122,5.075,1,0.12227,0.0,130368,-0.0,0.699916,-0.000111,1.570759,-0.000216,-0.000184,6e-05
7,0,0.01,0.216,-0.2952,0.5297,1,0.0002,4.912,0.039,0.124,5.075,1,0.124,10.0,133420,-0.0,0.699916,-0.000111,1.570759,-0.000216,-0.000184,6e-05
8,0,0.01,0.216,-0.2952,0.5297,1,0.0002,4.87,0.044,0.138,5.052,1,0.13814,10.0,136456,-0.0,0.699916,-0.000111,1.570759,-0.000216,-0.000184,6e-05
9,0,0.01,0.216,-0.2952,0.5297,1,0.0002,4.693,0.047,0.152,4.892,1,0.15162,10.0,139496,-0.0,0.699916,-0.000111,1.570759,-0.000216,-0.000184,6e-05
10,0,0.01,0.216,-0.2952,0.5297,1,0.0002,5.092,0.052,0.14,5.284,1,0.1403,0.0,142536,-0.0,0.699916,-0.000111,1.570759,-0.000216,-0.000184,6e-05
11,0,0.01,0.216,-0.2952,0.5297,1,0.0002,4.959,0.055,0.17,5.183,1,0.16961,10.0,145572,-0.0,0.699916,-0.000111,1.570759,-0.000216,-0.000184,6e-05
12,0,0.01,0.216,-0.2952,0.5297,1,0.0002,5.291,0.049,0.141,5.481,1,0.14067,0.0,148620,-0.0,0.699916,-0.000111,1.570759,-0.000216,-0.000184,6e-05
13,0,0.01,0.216,-0.2952,0.5297,1,0.0002,4.568,0.041,0.128,4.736,1,0.12787,0.0,151660,-0.0,0.699916,-0.000111,1.570759,-0.000216,-0.000184,6e-05
14,0,0.01,0.216,-0.2952,0.5297,1,0.0002,4.91,0.048,0.15,5.108,1,0.1503,10.0,154708,-0.0,0.699916,-0.000111,1.570759,-0.000216,-0.000184,6e-05
15,0,0.01,0.216,-0.2952,0.5297,1,0.0002,4.964,0.041,0.132,5.136,1,0.13165,0.0,157760,-0.0,0.699916,-0.000111,1.570759,-0.000216,-0.000184,6e-05
16,0,0.01,0.216,-0.2952,0.5297,1,0.0002,5.219,0.056,0.15,5.424,1,0.14991,10.0,160796,-0.0,0.699916,-0.000111,1.570759,-0.000216,-0.000184,6e-05
17,0,0.01,0.216,-0.2952,0.5297,1,0.0002,4.763,0.037,0.119,4.919,1,0.11919,0.0,163840,-0.0,0.699916,-0.000111,1.570759,-0.000216,-0.000184,6e-05
18,0,0.01,0.216,-0.2952,0.5297,1,0.0002,4.82,0.049,0.152,5.021,1,0.15185,0.0,166888,-0.0,0.699916,-0.000111,1.570759,-0.000216,-0.000184,6e-05
19,0,0.01,0.216,-0.2952,0.5297,1,0.0002,4.908,0.037,0.118,5.063,1,0.11799,10.0,169932,-0.0,0.699916,-0.000111,1.570759,-0.000216,-0.000184,6e-05
20,0,0.01,0.216,-0.2952,0.5297,1,0.0002,5.226,0.045,0.152,5.422,1,0.1519,10.0,172972,-0.0,0.699916,-0.000111,1.570759,-0.000216,-0.000184,6e-05
21,0,0.01,0.216,-0.2952,0.5297,1,0.0002,5.019,0.039,0.119,5.178,1,0.11913,10.0,176016,-0.0,0.699916,-0.000111,1.570759,-0.000216,-0.000184,6e-05
22,0,0.01,0.216,-0.2952,0.5297,1,0.0002,4.912,0.05,0.22,5.182,1,0.21978,0.0,179056,-0.0,0.699916,-0.000111,1.570759,-0.000216,-0.000184,6e-05
23,0,0.01,0.216,-0.2952,0.5297,1,0.0002,5.046,0.043,0.133,5.222,1,0.13268,0.0,182104,-0.0,0.699916,-0.000111,1.570759,-0.000216,-0.000184,6e-05
24,0,0.01,0.216,-0.2952,0.5297,1,0.0002,4.873,0.052,0.151,5.076,1,0.15147,10.0,185148,-0.0,0.699916,-0.000111,1.570759,-0.000216,-0.000184,6e-05
25,0,0.01,0.216,-0.2952,0.5297,1,0.0002,5.046,0.043,0.136,5.226,1,0.13616,10.0,188188,-0.0,0.699916,-0.000111,1.570759,-0.000216,-0.000184,6e-05
26,0,0.01,0.216,-0.2952,0.5297,1,0.0002,4.762,0.047,0.156,4.965,1,0.1557,0.0,191228,-0.0,0.699916,-0.000111,1.570759,-0.000216,-0.000184,6e-05
27,0,0.01,0.216,-0.2952,0.5297,1,0.0002,4.878,0.038,0.124,5.04,1,0.12369,10.0,194268,-0.0,0.699916,-0.000111,1.570759,-0.000216,-0.000184,6e-05
28,0,0.01,0.216,-0.2952,0.5297,1,0.0002,4.941,0.043,0.135,5.119,1,0.13507,0.0,197312,-0.0,0.699916,-0.000111,1.570759,-0.000216,-0.000184,6e-05
29,0,0.01,0.216,-0.2952,0.5297,1,0.0002,4.921,0.038,0.119,5.078,1,0.11904,10.0,200356,-0.0,0.699916,-0.000111,1.570759,-0.000216,-0.000184,6e-05
30,0,0.01,0.216,-0.2952,0.5297,1,0.0002,4.8,0.046,0.141,4.987,1,0.14111,0.0,203412,-0.0,0.699916,-0.000111,1.570759,-0.000216,-0.000184,6e-05
31,0,0.01,0.216,-0.2952,0.5297,1,0.0002,5.302,0.043,0.132,5.478,1,0.13238,10.0,206452,-0.0,0.699916,-0.000111,1.570759,-0.000216,-0.000184,6e-05
32,0,0.01,0.216,-0.2952,0.5297,1,0.0002,4.903,0.039,0.126,5.068,1,0.12582,0.0,209488,-0.0,0.699916,-0.000111,1.570759,-0.000216,-0.000184,6e-05
33,0,0.01,0.216,-0.2952,0.5297,1,0.0002,4.775,0.04,0.127,4.941,1,0.12695,0.0,212536,-0.0,0.699916,-0.000111,1.570759,-0.000216,-0.000184,6e-05
34,0,0.01,0.216,-0.2952,0.5297,1,0.0002,4.96,0.057,0.154,5.17,1,0.15359,10.0,215580,-0.0,0.699916,-0.000111,1.570759,-0.000216,-0.000184,6e-05
35,0,0.01,0.216,-0.2952,0.5297,1,0.0002,4.79,0.042,0.125,4.957,1,0.1246,0.0,218624,-0.0,0.699916,-0.000111,1.570759,-0.000216,-0.000184,6e-05
36,0,0.01,0.216,-0.2952,0.5297,1,0.0002,5.002,0.044,0.142,5.189,1,0.14228,20.0,221664,-0.0,0.699916,-0.000111,1.570759,-0.000216,-0.000184,6e-05
37,0,0.01,0.216,-0.2952,0.5297,1,0.0002,4.589,0.047,0.142,4.779,1,0.14181,0.0,224708,-0.0,0.699916,-0.000111,1.570759,-0.000216,-0.000184,6e-05
38,0,0.01,0.216,-0.2952,0.5297,1,0.0002,5.218,0.039,0.119,5.376,1,0.11937,10.0,227748,-0.0,0.699916,-0.000111,1.570759,-0.000216,-0.000184,6e-05
39,0,0.01,0.216,-0.2952,0.5297,1,0.0002,4.859,0.049,0.14,5.048,1,0.13974,0.0,230788,-0.0,0.699916,-0.000111,1.570759,-0.000216,-0.000184,6e-05
40,0,0.01,0.216,-0.2952,0.5297,1,0.0002,4.843,0.038,0.121,5.003,1,0.12122,0.0,233824,-0.0,0.699916,-0.000111,1.570759,-0.000216,-0.000184,6e-05
41,0,0.01,0.216,-0.2952,0.5297,1,0.0002,4.878,0.047,0.145,5.07,1,0.14546,10.0,236868,-0.0,0.699916,-0.000111,1.570759,-0.000216,-0.000184,6e-05
42,0,0.01,0.216,-0.2952,0.5297,1,0.0002,4.666,0.094,0.13,4.889,1,0.12982,0.0,239916,-0.0,0.699916,-0.000111,1.570759,-0.000216,-0.000184,6e-05
43,0,0.01,0.216,-0.2952,0.5297,1,0.0002,4.797,0.045,0.141,4.983,1,0.1412,0.0,242960,-0.0,0.699916,-0.000111,1.570759,-0.000216,-0.000184,6e-05
44,0,0.01,0.216,-0.2952,0.5297,1,0.0002,4.998,0.044,0.131,5.174,1,0.1315,20.0,246004,-0.0,0.699916,-0.000111,1.570759,-0.000216,-0.000184,6e-05
45,0,0.01,0.216,-0.2952,0.5297,1,0.0002,4.649,0.05,0.149,4.848,1,0.14925,0.0,249052,-0.0,0.699916,-0.000111,1.570759,-0.000216,-0.000184,6e-05
46,0,0.01,0.216,-0.2952,0.5297,1,0.0002,5.057,0.125,0.162,5.344,1,0.16162,10.0,252092,-0.0,0.699916,-0.000111,1.570759,-0.000216,-0.000184,6e-05
47,0,0.01,0.216,-0.2952,0.5297,1,0.0002,4.566,0.043,0.131,4.74,1,0.13098,0.0,255140,-0.0,0.699916,-0.000111,1.570759,-0.000216,-0.000184,6e-05
48,0,0.01,0.216,-0.2952,0.5297,1,0.0002,4.89,0.047,0.156,5.092,1,0.15571,10.0,258184,-0.0,0.699916,-0.000111,1.570759,-0.000216,-0.000184,6e-05
49,0,0.01,0.216,-0.2952,0.5297,1,0.0002,4.917,0.043,0.139,5.1,1,0.13947,0.0,261216,-0.0,0.699916,-0.000111,1.570759,-0.000216,-0.000184,6e-05
50,0,0.01,0.216,-0.2952,0.5297,1,0.0002,4.595,0.047,0.145,4.787,1,0.1454,0.0,264256,-0.0,0.699916,-0.000111,1.570759,-0.000216,-0.000184,6e-05
51,0,0.01,0.216,-0.2952,0.5297,1,0.0002,5.161,0.069,0.18,5.41,1,0.17985,0.0,268772,-0.0,0.699916,-0.000111,1.570759,-0.000216,-0.000184,6e-05
52,0,0.01,0.216,-0.2952,0.5297,1,0.0002,4.702,0.043,0.122,4.867,1,0.12169,10.0,272016,-0.0,0.699916,-0.000111,1.570759,-0.000216,-0.000184,6e-05
53,0,0.01,0.216,-0.2952,0.5297,1,0.0002,4.745,0.049,0.154,4.948,1,0.15402,0.0,275064,-0.0,0.699916,-0.000111,1.570759,-0.000216,-0.000184,6e-05
54,0,0.01,0.216,-0.2952,0.5297,1,0.0002,4.885,0.04,0.128,5.053,1,0.12754,10.0,278108,-0.0,0.699916,-0.000111,1.570759,-0.000216,-0.000184,6e-05
55,0,0.01,0.216,-0.2952,0.5297,1,0.0002,4.923,0.051,0.156,5.13,1,0.15568,10.0,281152,-0.0,0.699916,-0.000111,1.570759,-0.000216,-0.000184,6e-05
56,0,0.01,0.216,-0.2952,0.5297,1,0.0002,4.889,0.039,0.123,5.051,1,0.12279,0.0,284196,-0.0,0.699916,-0.000111,1.570759,-0.000216,-0.000184,6e-05
57,0,0.01,0.216,-0.2952,0.5297,1,0.0002,4.69,0.04,0.127,4.856,1,0.12667,10.0,287236,-0.0,0.699916,-0.000111,1.570759,-0.000216,-0.000184,6e-05
58,0,0.01,0.216,-0.2952,0.5297,1,0.0002,4.927,0.061,0.158,5.146,1,0.15812,0.0,290280,-0.0,0.699916,-0.000111,1.570759,-0.000216,-0.000184,6e-05
59,0,0.01,0.216,-0.2952,0.5297,1,0.0002,4.958,0.042,0.127,5.127,1,0.12678,0.0,293324,-0.0,0.699916,-0.000111,1.570759,-0.000216,-0.000184,6e-05
60,0,0.01,0.216,-0.2952,0.5297,1,0.0002,4.701,0.049,0.159,4.909,1,0.15867,10.0,296372,-0.0,0.699916,-0.000111,1.570759,-0.000216,-0.000184,6e-05
61,0,0.01,0.216,-0.2952,0.5297,1,0.0002,4.73,0.039,0.123,4.892,1,0.12283,0.0,299416,-0.0,0.699916,-0.000111,1.570759,-0.000216,-0.000184,6e-05
62,0,0.01,0.216,-0.2952,0.5297,1,0.0002,4.818,0.051,0.164,5.033,1,0.16427,10.0,302460,-0.0,0.699916,-0.000111,1.570759,-0.000216,-0.000184,6e-05
63,0,0.01,0.216,-0.2952,0.5297,1,0.0002,4.937,0.042,0.184,5.163,1,0.18429,10.0,305500,-0.0,0.699916,-0.000111,1.570759,-0.000216,-0.000184,6e-05
64,0,0.01,0.216,-0.2952,0.5297,1,0.0002,4.585,0.047,0.133,4.765,1,0.13269,0.0,308548,-0.0,0.699916,-0.000111,1.570759,-0.000216,-0.000184,6e-05
65,0,0.01,0.216,-0.2952,0.5297,1,0.0002,4.921,0.039,0.124,5.084,1,0.12441,10.0,311592,-0.0,0.699916,-0.000111,1.570759,-0.000216,-0.000184,6e-05
66,0,0.01,0.216,-0.2952,0.5297,1,0.0002,4.771,0.046,0.141,4.957,1,0.14057,0.0,314636,-0.0,0.699916,-0.000111,1.570759,-0.000216,-0.000184,6e-05
67,0,0.01,0.216,-0.2952,0.5297,1,0.0002,4.876,0.039,0.116,5.031,1,0.11577,10.0,317680,-0.0,0.699916,-0.000111,1.570759,-0.000216,-0.000184,6e-05
68,0,0.01,0.216,-0.2952,0.5297,1,0.0002,4.697,0.04,0.123,4.86,1,0.12261,0.0,320728,-0.0,0.699916,-0.000111,1.570759,-0.000216,-0.000184,6e-05
69,0,0.01,0.216,-0.2952,0.5297,1,0.0002,4.699,0.049,0.147,4.895,1,0.14732,10.0,323768,-0.0,0.699916,-0.000111,1.570759,-0.000216,-0.000184,6e-05
70,0,0.01,0.216,-0.2952,0.5297,1,0.0002,5.046,0.056,0.146,5.248,1,0.14561,0.0,326808,-0.0,0.699916,-0.000111,1.570759,-0.000216,-0.000184,6e-05
71,0,0.01,0.216,-0.2952,0.5297,1,0.0002,4.998,0.044,0.103,5.145,1,0.10306,0.0,329856,-0.0,0.699916,-0.000111,1.570759,-0.000216,-0.000184,6e-05
72,0,0.01,0.216,-0.2952,0.5297,1,0.0002,4.591,0.096,0.134,4.82,1,0.13353,20.0,333284,-0.0,0.699916,-0.000111,1.570759,-0.000216,-0.000184,6e-05
73,0,0.01,0.216,-0.2952,0.5297,1,0.0002,4.77,0.039,0.134,4.943,1,0.13382,0.0,335972,-0.0,0.699916,-0.000111,1.570759,-0.000216,-0.000184,6e-05
74,0,0.01,0.216,-0.2952,0.5297,1,0.0002,4.799,0.04,0.126,4.965,1,0.12645,0.0,339012,-0.0,0.699916,-0.000111,1.570759,-0.000216,-0.000184,6e-05
75,0,0.01,0.216,-0.2952,0.5297,1,0.0002,4.738,0.04,0.123,4.902,1,0.12295,10.0,342060,-0.0,0.699916,-0.000111,1.570759,-0.000216,-0.000184,6e-05
76,0,0.01,0.216,-0.2952,0.5297,1,0.0002,4.827,0.052,0.153,5.031,1,0.15288,0.0,345096,-0.0,0.699916,-0.000111,1.570759,-0.000216,-0.000184,6e-05
77,0,0.01,0.216,-0.2952,0.5297,1,0.0002,4.791,0.037,0.118,4.946,1,0.11824,10.0,348148,-0.0,0.699916,-0.000111,1.570759,-0.000216,-0.000184,6e-05
78,0,0.01,0.216,-0.2952,0.5297,1,0.0002,5.176,0.049,0.153,5.378,1,0.15304,0.0,351184,-0.0,0.699916,-0.000111,1.570759,-0.000216,-0.000184,6e-05
79,0,0.01,0.216,-0.2952,0.5297,1,0.0002,4.969,0.037,0.124,5.13,1,0.12391,10.0,354232,-0.0,0.699916,-0.000111,1.570759,-0.000216,-0.000184,6e-05
80,0,0.01,0.216,-0.2952,0.5297,1,0.0002,4.572,0.041,0.133,4.746,1,0.13282,0.0,357276,-0.0,0.699916,-0.000111,1.570759,-0.000216,-0.000184,6e-05
81,0,0.01,0.216,-0.2952,0.5297,1,0.0002,4.911,0.056,0.17,5.136,1,0.16995,0.0,360320,-0.0,0.699916,-0.000111,1.570759,-0.000216,-0.000184,6e-05
82,0,0.01,0.216,-0.2952,0.5297,1,0.0002,4.838,0.062,0.176,5.076,1,0.17558,20.0,363364,-0.0,0.699916,-0.000111,1.570759,-0.000216,-0.000184,6e-05
83,0,0.01,0.216,-0.2952,0.5297,1,0.0002,5.042,0.051,0.144,5.237,1,0.14372,0.0,366400,-0.0,0.699916,-0.000111,1.570759,-0.000216,-0.000184,6e-05
84,0,0.01,0.216,-0.2952,0.5297,1,0.0002,4.743,0.052,0.155,4.95,1,0.15468,10.0,369444,-0.0,0.699916,-0.000111,1.570759,-0.000216,-0.000184,6e-05
85,0,0.01,0.216,-0.2952,0.5297,1,0.0002,4.861,0.039,0.123,5.023,1,0.12256,0.0,372488,-0.0,0.699916,-0.000111,1.570759,-0.000216,-0.000184,6e-05
86,0,0.01,0.216,-0.2952,0.5297,1,0.0002,4.878,0.048,0.15,5.075,1,0.14988,10.0,375528,-0.0,0.699916,-0.000111,1.570759,-0.000216,-0.000184,6e-05
87,0,0.01,0.216,-0.2952,0.5297,1,0.0002,4.773,0.04,0.126,4.939,1,0.12573,0.0,378572,-0.0,0.699916,-0.000111,1.570759,-0.000216,-0.000184,6e-05
88,0,0.01,0.216,-0.2952,0.5297,1,0.0002,4.852,0.047,0.144,5.043,1,0.14357,0.0,381612,-0.0,0.699916,-0.000111,1.570759,-0.000216,-0.000184,6e-05
89,0,0.01,0.216,-0.2952,0.5297,1,0.0002,4.657,0.045,0.145,4.847,1,0.14501,10.0,384656,-0.0,0.699916,-0.000111,1.570759,-0.000216,-0.000184,6e-05
90,0,0.01,0.216,-0.2952,0.5297,1,0.0002,4.813,0.041,0.129,4.983,1,0.12942,0.0,387700,-0.0,0.699916,-0.000111,1.570759,-0.000216,-0.000184,6e-05
91,0,0.01,0.216,-0.2952,0.5297,1,0.0002,4.857,0.042,0.132,5.031,1,0.1322,10.0,390744,-0.0,0.699916,-0.000111,1.570759,-0.000216,-0.000184,6e-05
92,0,0.01,0.216,-0.2952,0.5297,1,0.0002,5.16,0.049,0.157,5.366,1,0.15713,10.0,393792,-0.0,0.699916,-0.000111,1.570759,-0.000216,-0.000184,6e-05
93,0,0.01,0.216,-0.2952,0.5297,1,0.0002,4.849,0.037,0.125,5.012,1,0.12521,0.0,396836,-0.0,0.699916,-0.000111,1.570759,-0.000216,-0.000184,6e-05
94,0,0.01,0.216,-0.2952,0.5297,1,0.0002,4.914,0.048,0.15,5.112,1,0.15011,10.0,399876,-0.0,0.699916,-0.000111,1.570759,-0.000216,-0.000184,6e-05
95,0,0.01,0.216,-0.2952,0.5297,1,0.0002,4.806,0.047,0.136,4.989,1,0.13599,0.0,402912,-0.0,0.699916,-0.000111,1.570759,-0.000216,-0.000184,6e-05
96,0,0.01,0.216,-0.2952,0.5297,1,0.0002,4.999,0.043,0.129,5.171,1,0.1288,0.0,405960,-0.0,0.699916,-0.000111,1.570759,-0.000216,-0.000184,6e-05
97,0,0.01,0.216,-0.2952,0.5297,1,0.0002,5.213,0.05,0.151,5.414,1,0.15104,10.0,408996,-0.0,0.699916,-0.000111,1.570759,-0.000216,-0.000184,6e-05
98,0,0.01,0.216,-0.2952,0.5297,1,0.0002,4.678,0.044,0.137,4.859,1,0.13718,0.0,412040,-0.0,0.699916,-0.000111,1.570759,-0.000216,-0.000184,6e-05
99,0,0.01,0.216,-0.2952,0.5297,1,0.0002,4.853,0.042,0.129,5.023,1,0.12907,10.0,415092,-0.0,0.699916,-0.000111,1.570759,-0.000216,-0.000184,6e-05
100,0,0.01,0.216,-0.2952,0.5297,1,0.0002,4.859,0.043,0.136,5.037,1,0.13554,10.0,418140,-0.0,0.699916,-0.000111,1.570759,-0.000216,-0.000184,6e-05
101,0,0.01,0.216,-0.2952,0.5297,1,0.0002,4.655,0.04,0.124,4.819,1,0.12434,10.0,421188,-0.0,0.699916,-0.000111,1.570759,-0.000216,-0.000184,6e-05
102,0,0.01,0.216,-0.2952,0.5297,1,0.0002,4.998,0.044,0.131,5.173,1,0.13093,0.0,424236,-0.0,0.699916,-0.000111,1.570759,-0.000216,-0.000184,6e-05
103,0,0.01,0.216,-0.2952,0.5297,1,0.0002,4.824,0.046,0.143,5.013,1,0.1432,0.0,427280,-0.0,0.699916,-0.000111,1.570759,-0.000216,-0.000184,6e-05
104,0,0.01,0.216,-0.2952,0.5297,1,0.0002,5.094,0.042,0.135,5.27,1,0.13481,10.0,430316,-0.0,0.699916,-0.000111,1.570759,-0.000216,-0.000184,6e-05
105,0,0.01,0.216,-0.2952,0.5297,1,0.0002,5.06,0.045,0.132,5.237,1,0.13195,0.0,433368,-0.0,0.699916,-0.000111,1.570759,-0.000216,-0.000184,6e-05
106,0,0.01,0.216,-0.2952,0.5297,1,0.0002,4.811,0.048,0.146,5.005,1,0.14628,10.0,436404,-0.0,0.699916,-0.000111,1.570759,-0.000216,-0.000184,6e-05
107,0,0.01,0.216,-0.2952,0.5297,1,0.0002,4.933,0.053,0.142,5.127,1,0.14152,0.0,439444,-0.0,0.699916,-0.000111,1.570759,-0.000216,-0.000184,6e-05
108,0,0.01,0.216,-0.2952,0.5297,1,0.0002,4.877,0.054,0.16,5.091,1,0.1601,0.0,442488,-0.0,0.699916,-0.000111,1.570759,-0.000216,-0.000184,6e-05
109,0,0.01,0.216,-0.2952,0.5297,1,0.0002,4.927,0.041,0.128,5.096,1,0.12785,10.0,445528,-0.0,0.699916,-0.000111,1.570759,-0.000216,-0.000184,6e-05
110,0,0.01,0.216,-0.2952,0.5297,1,0.0002,4.804,0.055,0.155,5.014,1,0.15539,0.0,448568,-0.0,0.699916,-0.000111,1.570759,-0.000216,-0.000184,6e-05
111,0,0.01,0.216,-0.2952,0.5297,1,0.0002,4.752,0.04,0.122,4.914,1,0.12222,10.0,451612,-0.0,0.699916,-0.000111,1.570759,-0.000216,-0.000184,6e-05
112,0,0.01,0.216,-0.2952,0.5297,1,0.0002,5.079,0.046,0.137,5.263,1,0.13728,0.0,454652,-0.0,0.699916,-0.000111,1.570759,-0.000216,-0.000184,6e-05
113,0,0.01,0.216,-0.2952,0.5297,1,0.0002,4.742,0.037,0.119,4.898,1,0.1187,10.0,457692,-0.0,0.699916,-0.000111,1.570759,-0.000216,-0.000184,6e-05
114,0,0.01,0.216,-0.2952,0.5297,1,0.0002,5.165,0.043,0.135,5.342,1,0.13457,0.0,460736,-0.0,0.699916,-0.000111,1.570759,-0.000216,-0.000184,6e-05
115,0,0.01,0.216,-0.2952,0.5297,1,0.0002,4.798,0.037,0.115,4.951,1,0.11537,0.0,463780,-0.0,0.699916,-0.000111,1.570759,-0.000216,-0.000184,6e-05
116,0,0.01,0.216,-0.2952,0.5297,1,0.0002,4.898,0.046,0.143,5.087,1,0.14254,10.0,466824,-0.0,0.699916,-0.000111,1.570759,-0.000216,-0.000184,6e-05
117,0,0.01,0.216,-0.2952,0.5297,1,0.0002,4.87,0.037,0.121,5.028,1,0.12063,10.0,469864,-0.0,0.699916,-0.000111,1.570759,-0.000216,-0.000184,6e-05
118,0,0.01,0.216,-0.2952,0.5297,1,0.0002,4.844,0.042,0.13,5.015,1,0.12965,0.0,472904,-0.0,0.699916,-0.000111,1.570759,-0.000216,-0.000184,6e-05
119,0,0.01,0.216,-0.2952,0.5297,1,0.0002,4.85,0.048,0.147,5.045,1,0.14695,10.0,475952,-0.0,0.699916,-0.000111,1.570759,-0.000216,-0.000184,6e-05
120,0,0.01,0.216,-0.2952,0.5297,1,0.0002,4.959,0.061,0.172,5.191,1,0.17153,0.0,478996,-0.0,0.699916,-0.000111,1.570759,-0.000216,-0.000184,6e-05
121,0,0.01,0.216,-0.2952,0.5297,1,0.0002,4.87,0.047,0.135,5.052,1,0.13488,10.0,482040,-0.0,0.699916,-0.000111,1.570759,-0.000216,-0.000184,6e-05
122,0,0.01,0.216,-0.2952,0.5297,1,0.0002,5.072,0.061,0.141,5.274,1,0.14056,0.0,485080,-0.0,0.699916,-0.000111,1.570759,-0.000216,-0.000184,6e-05
123,0,0.01,0.216,-0.2952,0.5297,1,0.0002,4.862,0.04,0.128,5.031,1,0.12834,0.0,488480,-0.0,0.699916,-0.000111,1.570759,-0.000216,-0.000184,6e-05
124,0,0.01,0.216,-0.2952,0.5297,1,0.0002,4.77,0.048,0.152,4.97,1,0.15235,20.0,491204,-0.0,0.699916,-0.000111,1.570759,-0.000216,-0.000184,6e-05
125,0,0.01,0.216,-0.2952,0.5297,1,0.0002,4.953,0.038,0.115,5.106,1,0.11531,0.0,494244,-0.0,0.699916,-0.000111,1.570759,-0.000216,-0.000184,6e-05
126,0,0.01,0.216,-0.2952,0.5297,1,0.0002,4.78,0.049,0.154,4.982,1,0.15378,10.0,497284,-0.0,0.699916,-0.000111,1.570759,-0.000216,-0.000184,6e-05
127,0,0.01,0.216,-0.2952,0.5297,1,0.0002,4.883,0.039,0.115,5.037,1,0.11499,0.0,500328,-0.0,0.699916,-0.000111,1.570759,-0.000216,-0.000184,6e-05
128,0,0.01,0.216,-0.2952,0.5297,1,0.0002,4.941,0.05,0.154,5.145,1,0.15381,0.0,503368,-0.0,0.699916,-0.000111,1.570759,-0.000216,-0.000184,6e-05
129,0,0.01,0.216,-0.2952,0.5297,1,0.0002,4.79,0.038,0.12,4.948,1,0.11989,10.0,506412,-0.0,0.699916,-0.000111,1.570759,-0.000216,-0.000184,6e-05
130,0,0.01,0.216,-0.2952,0.5297,1,0.0002,4.746,0.05,0.159,4.954,1,0.15898,0.0,509456,-0.0,0.699916,-0.000111,1.570759,-0.000216,-0.000184,6e-05
131,0,0.01,0.216,-0.2952,0.5297,1,0.0002,5.131,0.053,0.15,5.334,1,0.15019,10.0,512500,-0.0,0.699916,-0.000111,1.570759,-0.000216,-0.000184,6e-05
132,0,0.01,0.216,-0.2952,0.5297,1,0.0002,4.796,0.059,0.176,5.031,1,0.17567,0.0,515552,-0.0,0.699916,-0.000111,1.570759,-0.000216,-0.000184,6e-05
133,0,0.01,0.216,-0.2952,0.5297,1,0.0002,4.863,0.041,0.126,5.03,1,0.12592,10.0,518600,-0.0,0.699916,-0.000111,1.570759,-0.000216,-0.000184,6e-05
134,0,0.01,0.216,-0.2952,0.5297,1,0.0002,4.825,0.053,0.151,5.029,1,0.15098,0.0,521648,-0.0,0.699916,-0.000111,1.570759,-0.000216,-0.000184,6e-05
135,0,0.01,0.216,-0.2952,0.5297,1,0.0002,4.733,0.039,0.124,4.896,1,0.12402,10.0,524688,-0.0,0.699916,-0.000111,1.570759,-0.000216,-0.000184,6e-05
136,0,0.01,0.216,-0.2952,0.5297,1,0.0002,4.939,0.048,0.189,5.175,1,0.18893,10.0,527728,-0.0,0.699916,-0.000111,1.570759,-0.000216,-0.000184,6e-05
137,0,0.01,0.216,-0.2952,0.5297,1,0.0002,4.847,0.048,0.138,5.033,1,0.13821,0.0,530768,-0.0,0.699916,-0.000111,1.570759,-0.000216,-0.000184,6e-05
138,0,0.01,0.216,-0.2952,0.5297,1,0.0002,4.933,0.041,0.13,5.103,1,0.1295,10.0,533812,-0.0,0.699916,-0.000111,1.570759,-0.000216,-0.000184,6e-05
139,0,0.01,0.216,-0.2952,0.5297,1,0.0002,4.66,0.038,0.122,4.82,1,0.12205,0.0,536852,-0.0,0.699916,-0.000111,1.570759,-0.000216,-0.000184,6e-05
140,0,0.01,0.216,-0.2952,0.5297,1,0.0002,4.926,0.047,0.14,5.113,1,0.13999,0.0,539896,-0.0,0.699916,-0.000111,1.570759,-0.000216,-0.000184,6e-05
141,0,0.01,0.216,-0.2952,0.5297,1,0.0002,4.949,0.042,0.133,5.124,1,0.13281,10.0,542936,-0.0,0.699916,-0.000111,1.570759,-0.000216,-0.000184,6e-05
142,0,0.01,0.216,-0.2952,0.5297,1,0.0002,4.855,0.041,0.126,5.022,1,0.12587,0.0,545984,-0.0,0.699916,-0.000111,1.570759,-0.000216,-0.000184,6e-05
143,0,0.01,0.216,-0.2952,0.5297,1,0.0002,4.843,0.043,0.137,5.023,1,0.13659,10.0,549016,-0.0,0.699916,-0.000111,1.570759,-0.000216,-0.000184,6e-05
144,0,0.01,0.216,-0.2952,0.5297,1,0.0002,4.85,0.047,0.136,5.033,1,0.13574,10.0,552060,-0.0,0.699916,-0.000111,1.570759,-0.000216,-0.000184,6e-05
145,0,0.01,0.216,-0.2952,0.5297,1,0.0002,4.948,0.042,0.137,5.127,1,0.13708,0.0,555100,-0.0,0.699916,-0.000111,1.570759,-0.000216,-0.000184,6e-05
146,0,0.01,0.216,-0.2952,0.5297,1,0.0002,4.811,0.051,0.142,5.003,1,0.14174,10.0,558148,-0.0,0.699916,-0.000111,1.570759,-0.000216,-0.000184,6e-05
147,0,0.01,0.216,-0.2952,0.5297,1,0.0002,5.001,0.053,0.163,5.217,1,0.16281,0.0,561184,-0.0,0.699916,-0.000111,1.570759,-0.000216,-0.000184,6e-05
148,0,0.01,0.216,-0.2952,0.5297,1,0.0002,4.671,0.043,0.131,4.845,1,0.13142,10.0,564228,-0.0,0.699916,-0.000111,1.570759,-0.000216,-0.000184,6e-05
149,0,0.01,0.216,-0.2952,0.5297,1,0.0002,5.106,0.045,0.145,5.296,1,0.14473,0.0,567272,-0.0,0.699916,-0.000111,1.570759,-0.000216,-0.000184,6e-05
150,0,0.01,0.216,-0.2952,0.5297,1,0.0002,5.241,0.042,0.125,5.408,1,0.1251,0.0,570316,-0.0,0.699916,-0.000111,1.570759,-0.000216,-0.000184,6e-05
151,0,0.01,0.216,-0.2952,0.5297,1,0.0002,5.171,0.058,0.164,5.393,1,0.16361,20.0,573356,-0.0,0.699916,-0.000111,1.570759,-0.000216,-0.000184,6e-05
152,0,0.01,0.216,-0.2952,0.5297,1,0.0002,5.344,0.047,0.131,5.522,1,0.13076,0.0,576392,-0.0,0.699916,-0.000111,1.570759,-0.000216,-0.000184,6e-05
153,0,0.01,0.216,-0.2952,0.5297,1,0.0002,4.685,0.043,0.138,4.866,1,0.13823,10.0,579444,-0.0,0.699916,-0.000111,1.570759,-0.000216,-0.000184,6e-05
154,0,0.01,0.216,-0.2952,0.5297,1,0.0002,4.917,0.043,0.129,5.088,1,0.12912,0.0,582484,-0.0,0.699916,-0.000111,1.570759,-0.000216,-0.000184,6e-05
155,0,0.01,0.216,-0.2952,0.5297,1,0.0002,4.793,0.048,0.147,4.989,1,0.14747,10.0,585524,-0.0,0.699916,-0.000111,1.570759,-0.000216,-0.000184,6e-05
156,0,0.01,0.216,-0.2952,0.5297,1,0.0002,4.956,0.046,0.141,5.144,1,0.14123,0.0,588576,-0.0,0.699916,-0.000111,1.570759,-0.000216,-0.000184,6e-05
157,0,0.01,0.216,-0.2952,0.5297,1,0.0002,4.896,0.041,0.123,5.06,1,0.12303,0.0,591612,-0.0,0.699916,-0.000111,1.570759,-0.000216,-0.000184,6e-05
158,0,0.01,0.216,-0.2952,0.5297,1,0.0002,4.871,0.052,0.159,5.081,1,0.15861,10.0,594656,-0.0,0.699916,-0.000111,1.570759,-0.000216,-0.000184,6e-05
159,0,0.01,0.216,-0.2952,0.5297,1,0.0002,4.96,0.039,0.124,5.123,1,0.1242,0.0,597700,-0.0,0.699916,-0.000111,1.570759,-0.000216,-0.000184,6e-05
160,0,0.01,0.216,-0.2952,0.5297,1,0.0002,4.923,0.053,0.159,5.135,1,0.15899,20.0,600740,-0.0,0.699916,-0.000111,1.570759,-0.000216,-0.000184,6e-05
161,0,0.01,0.216,-0.2952,0.5297,1,0.0002,4.72,0.041,0.122,4.883,1,0.12247,0.0,603788,-0.0,0.699916,-0.000111,1.570759,-0.000216,-0.000184,6e-05
162,0,0.01,0.216,-0.2952,0.5297,1,0.0002,4.874,0.043,0.181,5.097,1,0.18054,0.0,606824,-0.0,0.699916,-0.000111,1.570759,-0.000216,-0.000184,6e-05
163,0,0.01,0.216,-0.2952,0.5297,1,0.0002,4.93,0.041,0.128,5.1,1,0.12844,10.0,609868,-0.0,0.699916,-0.000111,1.570759,-0.000216,-0.000184,6e-05
164,0,0.01,0.216,-0.2952,0.5297,1,0.0002,4.806,0.046,0.146,4.997,1,0.1458,0.0,612924,-0.0,0.699916,-0.000111,1.570759,-0.000216,-0.000184,6e-05
165,0,0.01,0.216,-0.2952,0.5297,1,0.0002,4.792,0.044,0.146,4.982,1,0.14643,0.0,615960,-0.0,0.699916,-0.000111,1.570759,-0.000216,-0.000184,6e-05
166,0,0.01,0.216,-0.2952,0.5297,1,0.0002,4.862,0.044,0.129,5.035,1,0.12882,10.0,619004,-0.0,0.699916,-0.000111,1.570759,-0.000216,-0.000184,6e-05
167,0,0.01,0.216,-0.2952,0.5297,1,0.0002,4.837,0.053,0.166,5.056,1,0.16607,10.0,622052,-0.0,0.699916,-0.000111,1.570759,-0.000216,-0.000184,6e-05
168,0,0.01,0.216,-0.2952,0.5297,1,0.0002,4.753,0.047,0.15,4.95,1,0.1501,10.0,625096,-0.0,0.699916,-0.000111,1.570759,-0.000216,-0.000184,6e-05
169,0,0.01,0.216,-0.2952,0.5297,1,0.0002,4.755,0.043,0.136,4.934,1,0.1361,0.0,628140,-0.0,0.699916,-0.000111,1.570759,-0.000216,-0.000184,6e-05
170,0,0.01,0.216,-0.2952,0.5297,1,0.0002,4.997,0.067,0.162,5.225,1,0.16187,0.0,631184,-0.0,0.699916,-0.000111,1.570759,-0.000216,-0.000184,6e-05
171,0,0.01,0.216,-0.2952,0.5297,1,0.0002,4.79,0.046,0.137,4.974,1,0.13724,10.0,634224,-0.0,0.699916,-0.000111,1.570759,-0.000216,-0.000184,6e-05
172,0,0.01,0.216,-0.2952,0.5297,1,0.0002,5.033,0.043,0.137,5.213,1,0.13727,0.0,637268,-0.0,0.699916,-0.000111,1.570759,-0.000216,-0.000184,6e-05
173,0,0.01,0.216,-0.2952,0.5297,1,0.0002,4.836,0.038,0.115,4.989,1,0.11541,10.0,640308,-0.0,0.699916,-0.000111,1.570759,-0.000216,-0.000184,6e-05
174,0,0.01,0.216,-0.2952,0.5297,1,0.0002,4.972,0.049,0.144,5.166,1,0.14438,0.0,643348,-0.0,0.699916,-0.000111,1.570759,-0.000216,-0.000184,6e-05
175,0,0.01,0.216,-0.2952,0.5297,1,0.0002,5.004,0.038,0.121,5.163,1,0.1213,10.0,646392,-0.0,0.699916,-0.000111,1.570759,-0.000216,-0.000184,6e-05
176,0,0.01,0.216,-0.2952,0.5297,1,0.0002,4.769,0.048,0.148,4.964,1,0.1481,10.0,649444,-0.0,0.699916,-0.000111,1.570759,-0.000216,-0.000184,6e-05
177,0,0.01,0.216,-0.2952,0.5297,1,0.0002,4.811,0.039,0.12,4.97,1,0.11985,0.0,652480,-0.0,0.699916,-0.000111,1.570759,-0.000216,-0.000184,6e-05
178,0,0.01,0.216,-0.2952,0.5297,1,0.0002,4.936,0.043,0.136,5.115,1,0.13601,10.0,655524,-0.0,0.699916,-0.000111,1.570759,-0.000216,-0.000184,6e-05
179,0,0.01,0.216,-0.2952,0.5297,1,0.0002,4.911,0.043,0.141,5.095,1,0.14069,0.0,658564,-0.0,0.699916,-0.000111,1.570759,-0.000216,-0.000184,6e-05
180,0,0.01,0.216,-0.2952,0.5297,1,0.0002,4.838,0.06,0.18,5.077,1,0.17972,0.0,661612,-0.0,0.699916,-0.000111,1.570759,-0.000216,-0.000184,6e-05
181,0,0.01,0.216,-0.2952,0.5297,1,0.0002,4.958,0.045,0.14,5.142,1,0.13958,10.0,664660,-0.0,0.699916,-0.000111,1.570759,-0.000216,-0.000184,6e-05
182,0,0.01,0.216,-0.2952,0.5297,1,0.0002,4.818,0.044,0.138,4.999,1,0.13767,10.0,667700,-0.0,0.699916,-0.000111,1.570759,-0.000216,-0.000184,6e-05
183,0,0.01,0.216,-0.2952,0.5297,1,0.0002,5.207,0.046,0.15,5.402,1,0.14979,0.0,670740,-0.0,0.699916,-0.000111,1.570759,-0.000216,-0.000184,6e-05
184,0,0.01,0.216,-0.2952,0.5297,1,0.0002,5.152,0.046,0.143,5.34,1,0.14268,10.0,673784,-0.0,0.699916,-0.000111,1.570759,-0.000216,-0.000184,6e-05
185,0,0.01,0.216,-0.2952,0.5297,1,0.0002,4.739,0.04,0.135,4.914,1,0.13506,0.0,676832,-0.0,0.699916,-0.000111,1.570759,-0.000216,-0.000184,6e-05
186,0,0.01,0.216,-0.2952,0.5297,1,0.0002,5.214,0.042,0.179,5.435,1,0.17859,10.0,679876,-0.0,0.699916,-0.000111,1.570759,-0.000216,-0.000184,6e-05
187,0,0.01,0.216,-0.2952,0.5297,1,0.0002,5.191,0.047,0.148,5.387,1,0.14803,0.0,682912,-0.0,0.699916,-0.000111,1.570759,-0.000216,-0.000184,6e-05
188,0,0.01,0.216,-0.2952,0.5297,1,0.0002,4.758,0.04,0.12,4.918,1,0.12033,10.0,685960,-0.0,0.699916,-0.000111,1.570759,-0.000216,-0.000184,6e-05
189,0,0.01,0.216,-0.2952,0.5297,1,0.0002,5.287,0.042,0.13,5.459,1,0.13027,0.0,689000,-0.0,0.699916,-0.000111,1.570759,-0.000216,-0.000184,6e-05
190,0,0.01,0.216,-0.2952,0.5297,1,0.0002,4.881,0.039,0.124,5.043,1,0.12355,10.0,692048,-0.0,0.699916,-0.000111,1.570759,-0.000216,-0.000184,6e-05
191,0,0.01,0.216,-0.2952,0.5297,1,0.0002,5.25,0.069,0.19,5.509,1,0.18986,0.0,695092,-0.0,0.699916,-0.000111,1.570759,-0.000216,-0.000184,6e-05
192,0,0.01,0.216,-0.2952,0.5297,1,0.0002,4.77,0.045,0.131,4.946,1,0.13099,10.0,698132,-0.0,0.699916,-0.000111,1.570759,-0.000216,-0.000184,6e-05
193,0,0.01,0.216,-0.2952,0.5297,1,0.0002,4.896,0.057,0.159,5.113,1,0.15946,10.0,701176,-0.0,0.699916,-0.000111,1.570759,-0.000216,-0.000184,6e-05
194,0,0.01,0.216,-0.2952,0.5297,1,0.0002,4.819,0.043,0.136,4.998,1,0.1362,0.0,704212,-0.0,0.699916,-0.000111,1.570759,-0.000216,-0.000184,6e-05
195,0,0.01,0.216,-0.2952,0.5297,1,0.0002,4.903,0.045,0.146,5.094,1,0.14581,0.0,707260,-0.0,0.699916,-0.000111,1.570759,-0.000216,-0.000184,6e-05
196,0,0.01,0.216,-0.2952,0.5297,1,0.0002,4.727,0.04,0.135,4.902,1,0.1355,10.0,710304,-0.0,0.699916,-0.000111,1.570759,-0.000216,-0.000184,6e-05
197,0,0.01,0.216,-0.2952,0.5297,1,0.0002,5.191,0.048,0.213,5.452,1,0.21344,0.0,713340,-0.0,0.699916,-0.000111,1.570759,-0.000216,-0.000184,6e-05
198,0,0.01,0.216,-0.2952,0.5297,1,0.0002,5.212,0.055,0.16,5.427,1,0.15951,10.0,716380,-0.0,0.699916,-0.000111,1.570759,-0.000216,-0.000184,6e-05
199,0,0.01,0.216,-0.2952,0.5297,1,0.0002,5.499,0.066,0.186,5.75,1,0.1856,10.0,719420,-0.0,0.699916,-0.000111,1.570759,-0.000216,-0.000184,6e-05
200,0,0.01,0.216,-0.2952,0.5297,1,0.0002,5.409,0.054,0.157,5.621,1,0.15748,10.0,722460,-0.0,0.699916,-0.000111,1.570759,-0.000216,-0.000184,6e-05
201,0,0.01,0.216,-0.2952,0.5297,1,0.0002,5.478,0.053,0.142,5.673,1,0.14236,0.0,725512,-0.0,0.699916,-0.000111,1.570759,-0.000216,-0.000184,6e-05
202,0,0.01,0.216,-0.2952,0.5297,1,0.0002,5.452,0.059,0.161,5.672,1,0.16117,10.0,728552,-0.0,0.699916,-0.000111,1.570759,-0.000216,-0.000184,6e-05
203,0,0.01,0.216,-0.2952,0.5297,1,0.0002,5.507,0.053,0.162,5.722,1,0.16166,0.0,731592,-0.0,0.699916,-0.000111,1.570759,-0.000216,-0.000184,6e-05
204,0,0.01,0.216,-0.2952,0.5297,1,0.0002,5.484,0.051,0.154,5.689,1,0.15404,0.0,734644,-0.0,0.699916,-0.000111,1.570759,-0.000216,-0.000184,6e-05
205,0,0.01,0.216,-0.2952,0.5297,1,0.0002,5.443,0.055,0.167,5.665,1,0.16692,10.0,737676,-0.0,0.699916,-0.000111,1.570759,-0.000216,-0.000184,6e-05
206,0,0.01,0.216,-0.2952,0.5297,1,0.0002,5.543,0.049,0.147,5.739,1,0.14744,0.0,740720,-0.0,0.699916,-0.000111,1.570759,-0.000216,-0.000184,6e-05
207,0,0.01,0.216,-0.2952,0.5297,1,0.0002,5.454,0.052,0.163,5.669,1,0.16267,10.0,743760,-0.0,0.699916,-0.000111,1.570759,-0.000216,-0.000184,6e-05
208,0,0.01,0.216,-0.2952,0.5297,1,0.0002,5.345,0.046,0.142,5.533,1,0.14193,10.0,746808,-0.0,0.699916,-0.000111,1.570759,-0.000216,-0.000184,6e-05
209,0,0.01,0.216,-0.2952,0.5297,1,0.0002,5.395,0.054,0.206,5.654,1,0.20567,10.0,749852,-0.0,0.699916,-0.000111,1.570759,-0.000216,-0.000184,6e-05
210,0,0.01,0.216,-0.2952,0.5297,1,0.0002,5.788,0.055,0.147,5.99,1,0.14705,0.0,752892,-0.0,0.699916,-0.000111,1.570759,-0.000216,-0.000184,6e-05
211,0,0.01,0.216,-0.2952,0.5297,1,0.0002,5.783,0.05,0.146,5.98,1,0.14622,10.0,755936,-0.0,0.699916,-0.000111,1.570759,-0.000216,-0.000184,6e-05
212,0,0.01,0.216,-0.2952,0.5297,1,0.0002,5.426,0.051,0.156,5.633,1,0.15605,0.0,758984,-0.0,0.699916,-0.000111,1.570759,-0.000216,-0.000184,6e-05
213,0,0.01,0.216,-0.2952,0.5297,1,0.0002,5.652,0.068,0.149,5.869,1,0.14933,10.0,762024,-0.0,0.699916,-0.000111,1.570759,-0.000216,-0.000184,6e-05
214,0,0.01,0.216,-0.2952,0.5297,1,0.0002,5.484,0.053,0.196,5.732,1,0.19583,10.0,765400,-0.0,0.699916,-0.000111,1.570759,-0.000216,-0.000184,6e-05
215,0,0.01,0.216,-0.2952,0.5297,1,0.0002,5.749,0.054,0.15,5.953,1,0.15023,0.0,768140,-0.0,0.699916,-0.000111,1.570759,-0.000216,-0.000184,6e-05
216,0,0.01,0.216,-0.2952,0.5297,1,0.0002,5.443,0.052,0.163,5.658,1,0.16294,0.0,771180,-0.0,0.699916,-0.000111,1.570759,-0.000216,-0.000184,6e-05
217,0,0.01,0.216,-0.2952,0.5297,1,0.0002,5.845,0.055,0.163,6.063,1,0.16327,0.0,774220,-0.0,0.699916,-0.000111,1.570759,-0.000216,-0.000184,6e-05
218,0,0.01,0.216,-0.2952,0.5297,1,0.0002,5.74,0.052,0.208,6.0,1,0.2075,0.0,777260,-0.0,0.699916,-0.000111,1.570759,-0.000216,-0.000184,6e-05
219,0,0.01,0.216,-0.2952,0.5297,1,0.0002,5.779,0.051,0.157,5.987,1,0.15701,0.0,780304,-0.0,0.699916,-0.000111,1.570759,-0.000216,-0.000184,6e-05
220,0,0.01,0.216,-0.2952,0.5297,1,0.0002,5.526,0.05,0.162,5.739,1,0.16248,10.0,783344,-0.0,0.699916,-0.000111,1.570759,-0.000216,-0.000184,6e-05
221,0,0.01,0.216,-0.2952,0.5297,1,0.0002,5.394,0.052,0.161,5.606,1,0.16073,0.0,786396,-0.0,0.699916,-0.000111,1.570759,-0.000216,-0.000184,6e-05
222,0,0.01,0.216,-0.2952,0.5297,1,0.0002,5.467,0.051,0.155,5.673,1,0.15523,20.0,789432,-0.0,0.699916,-0.000111,1.570759,-0.000216,-0.000184,6e-05
223,0,0.01,0.216,-0.2952,0.5297,1,0.0002,5.556,0.056,0.163,5.775,1,0.16253,0.0,792484,-0.0,0.699916,-0.000111,1.570759,-0.000216,-0.000184,6e-05
224,0,0.01,0.216,-0.2952,0.5297,1,0.0002,5.841,0.067,0.169,6.077,1,0.16941,0.0,795516,-0.0,0.699916,-0.000111,1.570759,-0.000216,-0.000184,6e-05
225,0,0.01,0.216,-0.2952,0.5297,1,0.0002,5.499,0.107,0.175,5.78,1,0.17477,0.0,798564,-0.0,0.699916,-0.000111,1.570759,-0.000216,-0.000184,6e-05
226,0,0.01,0.216,-0.2952,0.5297,1,0.0002,5.758,0.056,0.169,5.983,1,0.16874,0.0,801608,-0.0,0.699916,-0.000111,1.570759,-0.000216,-0.000184,6e-05
227,0,0.01,0.216,-0.2952,0.5297,1,0.0002,5.429,0.05,0.159,5.639,1,0.1595,20.0,804656,-0.0,0.699916,-0.000111,1.570759,-0.000216,-0.000184,6e-05
228,0,0.01,0.216,-0.2952,0.5297,1,0.0002,5.451,0.052,0.163,5.666,1,0.1634,0.0,807696,-0.0,0.699916,-0.000111,1.570759,-0.000216,-0.000184,6e-05
229,0,0.01,0.216,-0.2952,0.5297,1,0.0002,5.788,0.051,0.154,5.993,1,0.15388,10.0,810740,-0.0,0.699916,-0.000111,1.570759,-0.000216,-0.000184,6e-05
230,0,0.01,0.216,-0.2952,0.5297,1,0.0002,5.818,0.052,0.144,6.014,1,0.14419,0.0,813784,-0.0,0.699916,-0.000111,1.570759,-0.000216,-0.000184,6e-05
231,0,0.01,0.216,-0.2952,0.5297,1,0.0002,5.804,0.054,0.163,6.021,1,0.163,10.0,816824,-0.0,0.699916,-0.000111,1.570759,-0.000216,-0.000184,6e-05
232,0,0.01,0.216,-0.2952,0.5297,1,0.0002,5.439,0.049,0.161,5.649,1,0.16099,0.0,819868,-0.0,0.699916,-0.000111,1.570759,-0.000216,-0.000184,6e-05
233,0,0.01,0.216,-0.2952,0.5297,1,0.0002,5.448,0.082,0.148,5.679,1,0.14841,10.0,822908,-0.0,0.699916,-0.000111,1.570759,-0.000216,-0.000184,6e-05
234,0,0.01,0.216,-0.2952,0.5297,1,0.0002,5.957,0.068,0.194,6.219,1,0.19393,10.0,825948,-0.0,0.699916,-0.000111,1.570759,-0.000216,-0.000184,6e-05
235,0,0.01,0.216,-0.2952,0.5297,1,0.0002,5.468,0.068,0.187,5.723,1,0.18677,0.0,828996,-0.0,0.699916,-0.000111,1.570759,-0.000216,-0.000184,6e-05
236,0,0.01,0.216,-0.2952,0.5297,1,0.0002,5.367,0.059,0.171,5.596,1,0.1707,10.0,832036,-0.0,0.699916,-0.000111,1.570759,-0.000216,-0.000184,6e-05
237,0,0.01,0.216,-0.2952,0.5297,1,0.0002,5.506,0.053,0.155,5.713,1,0.1551,0.0,835080,-0.0,0.699916,-0.000111,1.570759,-0.000216,-0.000184,6e-05
238,0,0.01,0.216,-0.2952,0.5297,1,0.0002,5.458,0.052,0.161,5.671,1,0.16076,10.0,838128,-0.0,0.699916,-0.000111,1.570759,-0.000216,-0.000184,6e-05
239,0,0.01,0.216,-0.2952,0.5297,1,0.0002,5.489,0.045,0.141,5.675,1,0.14101,0.0,841168,-0.0,0.699916,-0.000111,1.570759,-0.000216,-0.000184,6e-05
240,0,0.01,0.216,-0.2952,0.5297,1,0.0002,5.47,0.051,0.163,5.684,1,0.16282,10.0,844212,-0.0,0.699916,-0.000111,1.570759,-0.000216,-0.000184,6e-05
241,0,0.01,0.216,-0.2952,0.5297,1,0.0002,5.458,0.052,0.141,5.651,1,0.14096,0.0,847252,-0.0,0.699916,-0.000111,1.570759,-0.000216,-0.000184,6e-05
242,0,0.01,0.216,-0.2952,0.5297,1,0.0002,5.478,0.05,0.15,5.678,1,0.15002,10.0,850292,-0.0,0.699916,-0.000111,1.570759,-0.000216,-0.000184,6e-05
243,0,0.01,0.216,-0.2952,0.5297,1,0.0002,5.411,0.052,0.146,5.61,1,0.14646,10.0,853336,-0.0,0.699916,-0.000111,1.570759,-0.000216,-0.000184,6e-05
244,0,0.01,0.216,-0.2952,0.5297,1,0.0002,5.841,0.047,0.141,6.029,1,0.14136,10.0,856384,-0.0,0.699916,-0.000111,1.570759,-0.000216,-0.000184,6e-05
245,0,0.01,0.216,-0.2952,0.5297,1,0.0002,5.868,0.073,0.177,6.117,1,0.17672,0.0,859424,-0.0,0.699916,-0.000111,1.570759,-0.000216,-0.000184,6e-05
246,0,0.01,0.216,-0.2952,0.5297,1,0.0002,5.552,0.063,0.187,5.801,1,0.18659,10.0,862468,-0.0,0.699916,-0.000111,1.570759,-0.000216,-0.000184,6e-05
247,0,0.01,0.216,-0.2952,0.5297,1,0.0002,5.407,0.057,0.169,5.633,1,0.16933,0.0,865512,-0.0,0.699916,-0.000111,1.570759,-0.000216,-0.000184,6e-05
248,0,0.01,0.216,-0.2952,0.5297,1,0.0002,5.478,0.052,0.144,5.674,1,0.14373,10.0,868556,-0.0,0.699916,-0.000111,1.570759,-0.000216,-0.000184,6e-05
249,0,0.01,0.216,-0.2952,0.5297,1,0.0002,5.542,0.049,0.152,5.743,1,0.15235,10.0,871596,-0.0,0.699916,-0.000111,1.570759,-0.000216,-0.000184,6e-05
250,0,0.01,0.216,-0.2952,0.5297,1,0.0002,5.364,0.05,0.164,5.578,1,0.16435,0.0,874636,-0.0,0.699916,-0.000111,1.570759,-0.000216,-0.000184,6e-05
251,0,0.01,0.216,-0.2952,0.5297,1,0.0002,5.548,0.066,0.173,5.787,1,0.17309,10.0,877680,-0.0,0.699916,-0.000111,1.570759,-0.000216,-0.000184,6e-05
252,0,0.01,0.216,-0.2952,0.5297,1,0.0002,5.363,0.048,0.144,5.554,1,0.14363,0.0,880728,-0.0,0.699916,-0.000111,1.570759,-0.000216,-0.000184,6e-05
253,0,0.01,0.216,-0.2952,0.5297,1,0.0002,5.599,0.051,0.145,5.795,1,0.14455,10.0,883768,-0.0,0.699916,-0.000111,1.570759,-0.000216,-0.000184,6e-05
254,0,0.01,0.216,-0.2952,0.5297,1,0.0002,5.33,0.052,0.143,5.526,1,0.14334,0.0,886812,-0.0,0.699916,-0.000111,1.570759,-0.000216,-0.000184,6e-05
255,0,0.01,0.216,-0.2952,0.5297,1,0.0002,5.351,0.059,0.171,5.581,1,0.17129,10.0,889856,-0.0,0.699916,-0.000111,1.570759,-0.000216,-0.000184,6e-05
256,0,0.01,0.216,-0.2952,0.5297,1,0.0002,5.673,0.061,0.177,5.912,1,0.17721,10.0,892900,-0.0,0.699916,-0.000111,1.570759,-0.000216,-0.000184,6e-05
257,0,0.01,0.216,-0.2952,0.5297,1,0.0002,5.401,0.053,0.156,5.61,1,0.15609,10.0,895940,-0.0,0.699916,-0.000111,1.570759,-0.000216,-0.000184,6e-05
258,0,0.01,0.216,-0.2952,0.5297,1,0.0002,5.407,0.052,0.146,5.605,1,0.1464,0.0,898984,-0.0,0.699916,-0.000111,1.570759,-0.000216,-0.000184,6e-05
259,0,0.01,0.216,-0.2952,0.5297,1,0.0002,5.548,0.047,0.144,5.739,1,0.1441,10.0,902024,-0.0,0.699916,-0.000111,1.570759,-0.000216,-0.000184,6e-05
260,0,0.01,0.216,-0.2952,0.5297,1,0.0002,5.573,0.053,0.215,5.842,1,0.21544,0.0,905068,-0.0,0.699916,-0.000111,1.570759,-0.000216,-0.000184,6e-05
261,0,0.01,0.216,-0.2952,0.5297,1,0.0002,5.719,0.053,0.147,5.919,1,0.1469,0.0,908112,-0.0,0.699916,-0.000111,1.570759,-0.000216,-0.000184,6e-05
262,0,0.01,0.216,-0.2952,0.5297,1,0.0002,5.985,0.056,0.145,6.186,1,0.14496,20.0,911156,-0.0,0.699916,-0.000111,1.570759,-0.000216,-0.000184,6e-05
263,0,0.01,0.216,-0.2952,0.5297,1,0.0002,5.542,0.047,0.143,5.732,1,0.14322,0.0,914204,-0.0,0.699916,-0.000111,1.570759,-0.000216,-0.000184,6e-05
264,0,0.01,0.216,-0.2952,0.5297,1,0.0002,5.566,0.047,0.139,5.752,1,0.13924,10.0,917240,-0.0,0.699916,-0.000111,1.570759,-0.000216,-0.000184,6e-05
265,0,0.01,0.216,-0.2952,0.5297,1,0.0002,5.711,0.046,0.145,5.902,1,0.14452,0.0,920284,-0.0,0.699916,-0.000111,1.570759,-0.000216,-0.000184,6e-05
266,0,0.01,0.216,-0.2952,0.5297,1,0.0002,5.596,0.075,0.22,5.891,1,0.2203,10.0,923328,-0.0,0.699916,-0.000111,1.570759,-0.000216,-0.000184,6e-05
267,0,0.01,0.216,-0.2952,0.5297,1,0.0002,5.942,0.066,0.151,6.159,1,0.15056,0.0,926372,-0.0,0.699916,-0.000111,1.570759,-0.000216,-0.000184,6e-05
268,0,0.01,0.216,-0.2952,0.5297,1,0.0002,5.655,0.066,0.185,5.906,1,0.18528,10.0,929740,-0.0,0.699916,-0.000111,1.570759,-0.000216,-0.000184,6e-05
269,0,0.01,0.216,-0.2952,0.5297,1,0.0002,5.97,0.05,0.128,6.148,1,0.12788,10.0,932492,-0.0,0.699916,-0.000111,1.570759,-0.000216,-0.000184,6e-05
270,0,0.01,0.216,-0.2952,0.5297,1,0.0002,5.572,0.052,0.154,5.778,1,0.15431,0.0,935860,-0.0,0.699916,-0.000111,1.570759,-0.000216,-0.000184,6e-05
271,0,0.01,0.216,-0.2952,0.5297,1,0.0002,6.031,0.054,0.169,6.254,1,0.16868,0.0,938608,-0.0,0.699916,-0.000111,1.570759,-0.000216,-0.000184,6e-05
272,0,0.01,0.216,-0.2952,0.5297,1,0.0002,5.614,0.055,0.161,5.831,1,0.16145,10.0,941652,-0.0,0.699916,-0.000111,1.570759,-0.000216,-0.000184,6e-05
273,0,0.01,0.216,-0.2952,0.5297,1,0.0002,5.618,0.097,0.143,5.859,1,0.14299,10.0,944696,-0.0,0.699916,-0.000111,1.570759,-0.000216,-0.000184,6e-05
274,0,0.01,0.216,-0.2952,0.5297,1,0.0002,5.579,0.046,0.14,5.766,1,0.14002,10.0,947736,-0.0,0.699916,-0.000111,1.570759,-0.000216,-0.000184,6e-05
275,0,0.01,0.216,-0.2952,0.5297,1,0.0002,6.007,0.053,0.147,6.207,1,0.14735,0.0,950780,-0.0,0.699916,-0.000111,1.570759,-0.000216,-0.000184,6e-05
276,0,0.01,0.216,-0.2952,0.5297,1,0.0002,5.833,0.073,0.168,6.073,1,0.16763,10.0,953832,-0.0,0.699916,-0.000111,1.570759,-0.000216,-0.000184,6e-05
277,0,0.01,0.216,-0.2952,0.5297,1,0.0002,5.491,0.062,0.169,5.723,1,0.16916,0.0,957196,-0.0,0.699916,-0.000111,1.570759,-0.000216,-0.000184,6e-05
278,0,0.01,0.216,-0.2952,0.5297,1,0.0002,5.735,0.054,0.163,5.952,1,0.16309,10.0,959948,-0.0,0.699916,-0.000111,1.570759,-0.000216,-0.000184,6e-05
279,0,0.01,0.216,-0.2952,0.5297,1,0.0002,5.932,0.055,0.168,6.156,1,0.16829,0.0,962988,-0.0,0.699916,-0.000111,1.570759,-0.000216,-0.000184,6e-05
280,0,0.01,0.216,-0.2952,0.5297,1,0.0002,5.653,0.047,0.143,5.844,1,0.143,10.0,966028,-0.0,0.699916,-0.000111,1.570759,-0.000216,-0.000184,6e-05
281,0,0.01,0.216,-0.2952,0.5297,1,0.0002,5.651,0.05,0.146,5.846,1,0.14575,0.0,969072,-0.0,0.699916,-0.000111,1.570759,-0.000216,-0.000184,6e-05
282,0,0.01,0.216,-0.2952,0.5297,1,0.0002,5.682,0.049,0.15,5.881,1,0.15029,10.0,972112,-0.0,0.699916,-0.000111,1.570759,-0.000216,-0.000184,6e-05
283,0,0.01,0.216,-0.2952,0.5297,1,0.0002,5.62,0.047,0.147,5.814,1,0.14682,20.0,975160,-0.0,0.699916,-0.000111,1.570759,-0.000216,-0.000184,6e-05
284,0,0.01,0.216,-0.2952,0.5297,1,0.0002,6.0,0.053,0.17,6.223,1,0.17025,0.0,978204,-0.0,0.699916,-0.000111,1.570759,-0.000216,-0.000184,6e-05
285,0,0.01,0.216,-0.2952,0.5297,1,0.0002,5.981,0.055,0.153,6.19,1,0.1532,0.0,981244,-0.0,0.699916,-0.000111,1.570759,-0.000216,-0.000184,6e-05
286,0,0.01,0.216,-0.2952,0.5297,1,0.0002,6.254,0.071,0.21,6.535,1,0.20952,10.0,984284,-0.0,0.699916,-0.000111,1.570759,-0.000216,-0.000184,6e-05
287,0,0.01,0.216,-0.2952,0.5297,1,0.0002,5.93,0.065,0.157,6.152,1,0.15706,0.0,987328,-0.0,0.699916,-0.000111,1.570759,-0.000216,-0.000184,6e-05
288,0,0.01,0.216,-0.2952,0.5297,1,0.0002,5.767,0.058,0.13,5.955,1,0.12954,10.0,990692,-0.0,0.699916,-0.000111,1.570759,-0.000216,-0.000184,6e-05
289,0,0.01,0.216,-0.2952,0.5297,1,0.0002,5.589,0.058,0.151,5.798,1,0.15066,10.0,993768,-0.0,0.699916,-0.000111,1.570759,-0.000216,-0.000184,6e-05
290,0,0.01,0.216,-0.2952,0.5297,1,0.0002,5.618,0.047,0.147,5.812,1,0.14709,0.0,996520,-0.0,0.699916,-0.000111,1.570759,-0.000216,-0.000184,6e-05
291,0,0.01,0.216,-0.2952,0.5297,1,0.0002,5.793,0.053,0.135,5.981,1,0.13463,10.0,999560,-0.0,0.699916,-0.000111,1.570759,-0.000216,-0.000184,6e-05
292,0,0.01,0.216,-0.2952,0.5297,1,0.0002,5.631,0.053,0.16,5.845,1,0.16033,0.0,1002924,-0.0,0.699916,-0.000111,1.570759,-0.000216,-0.000184,6e-05
293,0,0.01,0.216,-0.2952,0.5297,1,0.0002,6.011,0.048,0.145,6.204,1,0.14472,10.0,1005688,-0.0,0.699916,-0.000111,1.570759,-0.000216,-0.000184,6e-05
294,0,0.01,0.216,-0.2952,0.5297,1,0.0002,6.038,0.047,0.145,6.23,1,0.14521,0.0,1008724,-0.0,0.699916,-0.000111,1.570759,-0.000216,-0.000184,6e-05
295,0,0.01,0.216,-0.2952,0.5297,1,0.0002,5.651,0.048,0.145,5.844,1,0.14499,10.0,1011764,-0.0,0.699916,-0.000111,1.570759,-0.000216,-0.000184,6e-05
296,0,0.01,0.216,-0.2952,0.5297,1,0.0002,5.576,0.061,0.182,5.818,1,0.18216,0.0,1014804,-0.0,0.699916,-0.000111,1.570759,-0.000216,-0.000184,6e-05
297,0,0.01,0.216,-0.2952,0.5297,1,0.0002,6.31,0.066,0.179,6.554,1,0.17867,10.0,1017844,-0.0,0.699916,-0.000111,1.570759,-0.000216,-0.000184,6e-05
298,0,0.01,0.216,-0.2952,0.5297,1,0.0002,5.709,0.067,0.188,5.964,1,0.18813,0.0,1020884,-0.0,0.699916,-0.000111,1.570759,-0.000216,-0.000184,6e-05
299,0,0.01,0.216,-0.2952,0.5297,1,0.0002,6.025,0.066,0.184,6.275,1,0.18425,10.0,1023928,-0.0,0.699916,-0.000111,1.570759,-0.000216,-0.000184,6e-05
300,0,0.01,0.216,-0.2952,0.5297,1,0.0002,5.765,0.06,0.15,5.975,1,0.15015,10.0,1026972,-0.0,0.699916,-0.000111,1.570759,-0.000216,-0.000184,6e-05
