x,y,z,success,ompl_ms,planned_duration_ms,motion_ms,total_ms,n_waypoints,joint_path_len
0.1025,-0.2858,0.4256,1,6.32,0.00,1364.00,1370.32,0,2.0279
0.1025,-0.2859,0.4256,1,4.10,0.00,162.79,166.89,0,0.0000
0.1025,-0.2859,0.4256,1,3.83,0.00,164.41,168.24,0,0.0000
0.1025,-0.2859,0.4256,1,4.68,0.00,163.22,167.90,0,0.0000
0.1025,-0.2859,0.4256,1,3.64,0.00,164.94,168.58,0,0.0000
0.1025,-0.2859,0.4256,1,3.79,0.00,163.66,167.45,0,0.0000
0.1025,-0.2860,0.4257,1,3.91,0.00,165.70,169.60,0,0.0000
0.1025,-0.2860,0.4257,1,3.82,0.00,163.45,167.27,0,0.0000
0.1025,-0.2860,0.4257,1,4.25,0.00,164.01,168.27,0,0.0000
0.1025,-0.2860,0.4257,1,3.89,0.00,165.16,169.05,0,0.0000
0.1025,-0.2860,0.4257,1,3.74,0.00,164.24,167.98,0,0.0000
0.1026,-0.2859,0.4257,1,3.70,0.00,164.16,167.86,0,0.0000
0.1026,-0.2859,0.4257,1,3.77,0.00,165.02,168.80,0,0.0000
0.1026,-0.2859,0.4257,1,3.91,0.00,164.28,168.19,0,0.0000
0.1026,-0.2859,0.4257,1,3.88,0.00,164.36,168.24,0,0.0000
0.1026,-0.2860,0.4257,1,3.62,0.00,163.98,167.60,0,0.0000
0.1026,-0.2860,0.4257,1,4.49,0.00,163.65,168.13,0,0.0000
0.1026,-0.2860,0.4257,1,3.85,0.00,164.53,168.38,0,0.0000
0.1026,-0.2860,0.4257,1,4.55,0.00,163.94,168.49,0,0.0000
0.1026,-0.2860,0.4257,1,3.95,0.00,164.67,168.62,0,0.0000
0.1027,-0.2859,0.4257,1,4.63,0.00,163.39,168.01,0,0.0000
0.1027,-0.2860,0.4258,1,3.96,0.00,165.11,169.07,0,0.0000
0.1024,-0.2865,0.4259,1,3.68,0.00,144.45,148.13,0,0.0051
0.1032,-0.2859,0.4259,1,3.56,0.00,144.00,147.56,0,0.0060
0.1035,-0.2860,0.4261,1,3.67,0.00,164.56,168.24,0,0.0000
0.1021,-0.2877,0.4264,1,4.54,0.00,204.07,208.62,0,0.0184
0.1021,-0.2894,0.4272,1,4.28,0.00,224.41,228.70,0,0.0200
0.1046,-0.2857,0.4283,1,5.58,0.00,302.33,307.90,0,0.0558
0.1020,-0.2916,0.4283,1,3.75,0.00,325.31,329.06,0,0.0718
0.2505,-0.1510,0.4291,1,5.15,0.00,1343.25,1348.40,0,2.1422
0.1013,-0.2938,0.4292,1,5.29,0.00,1362.39,1367.67,0,2.1572
0.2511,-0.1508,0.4297,1,4.77,0.00,1364.50,1369.26,0,2.1585
0.2512,-0.1498,0.4298,1,3.32,0.00,164.67,167.99,0,0.0080
0.2513,-0.1510,0.4299,1,3.80,0.00,184.34,188.13,0,0.0092
0.2513,-0.1510,0.4299,1,3.25,0.00,165.18,168.43,0,0.0000
0.2513,-0.1510,0.4299,1,3.51,0.00,164.60,168.11,0,0.0000
0.2513,-0.1510,0.4299,1,3.30,0.00,165.39,168.69,0,0.0000
0.2513,-0.1508,0.4299,1,3.55,0.00,165.39,168.95,0,0.0000
0.2513,-0.1508,0.4299,1,3.76,0.00,163.81,167.57,0,0.0000
0.2513,-0.1508,0.4299,1,3.50,0.00,165.38,168.87,0,0.0000
0.2513,-0.1508,0.4299,1,3.68,0.00,164.07,167.76,0,0.0000
0.2513,-0.1508,0.4299,1,3.43,0.00,165.05,168.48,0,0.0000
0.2513,-0.1508,0.4299,1,3.39,0.00,165.26,168.64,0,0.0000
0.2355,-0.2925,0.4300,1,5.09,0.00,1083.05,1088.14,0,1.1167
0.0356,-0.2784,0.4302,1,5.18,0.00,1702.79,1707.97,0,2.3815
0.2376,-0.2928,0.4302,1,5.14,0.00,1724.22,1729.36,0,2.3705
0.1010,-0.2959,0.4302,1,4.70,0.00,1402.90,1407.60,0,1.6849
0.0384,-0.3475,0.4303,0,12.17,0.00,0.00,12.17,0,0.0000
0.0707,-0.2575,0.4305,1,3.58,0.00,781.71,785.29,0,0.5713
0.2519,-0.1510,0.4305,1,4.90,0.00,1523.33,1528.23,0,2.3037
0.0705,-0.2580,0.4306,1,4.75,0.00,1544.00,1548.75,0,2.3150
0.1029,-0.2474,0.4307,1,4.53,0.00,663.90,668.43,0,0.3529
0.1029,-0.2474,0.4307,1,3.53,0.00,164.30,167.83,0,0.0000
0.0715,-0.2576,0.4307,1,3.95,0.00,664.63,668.57,0,0.3487
0.1031,-0.2474,0.4307,1,3.96,0.00,665.05,669.01,0,0.3471
0.2514,-0.1476,0.4307,1,5.32,0.00,1403.06,1408.38,0,1.9731
0.1028,-0.2481,0.4308,1,4.97,0.00,1402.90,1407.86,0,1.9836
0.0364,-0.2812,0.4309,1,4.54,0.00,924.00,928.53,0,0.7725
0.0993,-0.2984,0.4309,1,4.45,0.00,1024.91,1029.36,0,0.6868
0.0898,-0.3046,0.4310,1,3.87,0.00,404.60,408.47,0,0.1426
0.0659,-0.2073,0.4310,1,4.47,0.00,1002.15,1006.62,0,1.4964
0.0874,-0.3061,0.4310,1,5.38,0.00,1004.87,1010.25,0,1.5031
0.0927,-0.3030,0.4311,1,4.15,0.00,322.76,326.91,0,0.0518
0.0684,-0.2046,0.4311,1,4.49,0.00,1024.17,1028.66,0,1.5272
0.0820,-0.3092,0.4311,1,5.18,0.00,1023.74,1028.92,0,1.4763
0.1363,-0.1317,0.4311,1,4.82,0.00,1483.26,1488.08,0,1.8677
0.1042,-0.2474,0.4311,1,4.22,0.00,1143.13,1147.34,0,1.2286
0.0638,-0.2106,0.4311,1,4.36,0.00,864.17,868.53,0,0.8571
0.2330,-0.2919,0.4312,1,4.77,0.00,1703.48,1708.26,0,1.9856
0.0956,-0.1447,0.4312,1,6.13,0.00,1622.74,1628.86,0,2.3496
0.2538,-0.1595,0.4312,1,4.99,0.00,1602.77,1607.76,0,1.6699
0.0682,-0.2610,0.4312,1,5.36,0.00,1644.29,1649.66,0,2.2837
0.0696,-0.2038,0.4312,1,4.17,0.00,923.54,927.71,0,0.8251
0.0697,-0.2038,0.4313,1,3.20,0.00,165.78,168.98,0,0.0000
0.0850,-0.3079,0.4313,1,4.68,0.00,1023.56,1028.24,0,1.4256
0.2539,-0.1597,0.4313,1,4.42,0.00,1502.90,1507.32,0,2.3231
0.2539,-0.1597,0.4313,1,3.87,0.00,164.44,168.31,0,0.0039
0.2539,-0.1597,0.4313,1,3.37,0.00,164.83,168.20,0,0.0000
0.2539,-0.1598,0.4313,1,3.59,0.00,166.09,169.68,0,0.0042
0.2539,-0.1598,0.4313,1,3.32,0.00,162.10,165.42,0,0.0035
0.2539,-0.1598,0.4313,1,3.72,0.00,167.39,171.11,0,0.0000
0.2539,-0.1598,0.4313,1,3.16,0.00,164.04,167.19,0,0.0000
0.2539,-0.1598,0.4313,1,3.44,0.00,165.36,168.80,0,0.0000
0.2539,-0.1598,0.4313,1,3.33,0.00,164.66,167.99,0,0.0000
0.2539,-0.1598,0.4313,1,3.64,0.00,164.76,168.41,0,0.0000
0.2539,-0.1593,0.4313,1,3.89,0.00,144.93,148.83,0,0.0042
0.2539,-0.1584,0.4313,1,3.47,0.00,165.60,169.07,0,0.0066
0.2539,-0.1584,0.4313,1,3.71,0.00,163.44,167.15,0,0.0000
0.0738,-0.2575,0.4313,1,4.80,0.00,1643.41,1648.21,0,2.2939
0.1024,-0.2499,0.4313,1,4.57,0.00,683.92,688.49,0,0.3059
0.0775,-0.3119,0.4314,1,2.45,0.00,766.28,768.73,0,0.7305
0.2540,-0.1597,0.4314,1,6.14,0.00,1582.27,1588.41,0,2.4832
0.0366,-0.2769,0.4314,1,5.09,0.00,1824.26,1829.35,0,2.8017
0.2540,-0.1598,0.4314,1,5.03,0.00,1841.63,1846.66,0,2.8137
0.2540,-0.1598,0.4314,1,3.54,0.00,164.32,167.86,0,0.0000
0.2540,-0.1598,0.4314,1,3.77,0.00,164.62,168.39,0,0.0000
0.2540,-0.1598,0.4314,1,3.14,0.00,125.84,128.98,0,0.0018
0.2540,-0.1598,0.4314,1,3.56,0.00,144.79,148.35,0,0.0024
0.2391,-0.2925,0.4314,1,4.25,0.00,1024.74,1028.98,0,1.0005
0.2391,-0.2925,0.4314,1,3.53,0.00,164.38,167.92,0,0.0000
0.2391,-0.2925,0.4314,1,3.09,0.00,165.27,168.36,0,0.0000
0.2391,-0.2925,0.4314,1,3.77,0.00,124.28,128.06,0,0.0018
0.2391,-0.2925,0.4314,1,3.38,0.00,165.26,168.64,0,0.0000
0.2391,-0.2925,0.4314,1,3.58,0.00,164.74,168.32,0,0.0000
0.2391,-0.2925,0.4314,1,3.70,0.00,164.91,168.61,0,0.0000
0.2391,-0.2925,0.4314,1,3.93,0.00,143.68,147.60,0,0.0026
0.2391,-0.2925,0.4314,1,3.58,0.00,164.79,168.37,0,0.0000
0.2391,-0.2925,0.4314,1,3.49,0.00,165.40,168.88,0,0.0000
0.2391,-0.2925,0.4314,1,3.68,0.00,163.94,167.62,0,0.0000
0.2391,-0.2925,0.4314,1,3.93,0.00,164.56,168.49,0,0.0000
0.2391,-0.2925,0.4314,1,3.51,0.00,164.59,168.09,0,0.0000
0.2391,-0.2925,0.4314,1,3.47,0.00,164.84,168.32,0,0.0000
0.2391,-0.2925,0.4314,1,3.55,0.00,165.20,168.75,0,0.0000
0.2391,-0.2925,0.4314,1,3.69,0.00,163.98,167.67,0,0.0000
0.2391,-0.2925,0.4314,1,3.35,0.00,165.12,168.47,0,0.0000
0.2391,-0.2925,0.4314,1,3.43,0.00,166.16,169.59,0,0.0000
0.2391,-0.2925,0.4314,1,3.12,0.00,163.36,166.48,0,0.0000
0.2391,-0.2925,0.4314,1,3.67,0.00,164.55,168.22,0,0.0000
0.2391,-0.2925,0.4314,1,3.49,0.00,164.61,168.09,0,0.0000
0.2391,-0.2925,0.4314,1,3.18,0.00,165.65,168.82,0,0.0000
0.0614,-0.2147,0.4315,1,5.21,0.00,1762.97,1768.18,0,1.9956
0.2391,-0.2925,0.4315,1,5.46,0.00,1763.98,1769.44,0,1.9939
0.0589,-0.2171,0.4315,1,5.35,0.00,1763.31,1768.66,0,1.9893
0.2392,-0.2925,0.4315,1,5.29,0.00,1781.36,1786.66,0,1.9487
0.1002,-0.2629,0.4315,1,4.58,0.00,1565.07,1569.64,0,1.6361
0.0961,-0.1406,0.4316,1,4.68,0.00,1102.27,1106.95,0,1.3866
0.1021,-0.2511,0.4316,1,4.62,0.00,1043.40,1048.02,0,1.2447
0.0747,-0.2575,0.4316,1,4.39,0.00,685.26,689.64,0,0.2447
0.0386,-0.3548,0.4316,1,4.82,0.00,1023.02,1027.84,0,1.3940
0.2393,-0.2925,0.4316,1,4.33,0.00,1763.35,1767.68,0,2.4838
0.0961,-0.3018,0.4316,1,5.39,0.00,1582.66,1588.05,0,1.7223
0.0748,-0.2575,0.4316,1,4.04,0.00,784.88,788.91,0,0.5503
0.0748,-0.2575,0.4316,1,3.18,0.00,125.14,128.32,0,0.0021
0.0748,-0.2575,0.4316,1,3.73,0.00,384.84,388.57,0,0.0446
0.0748,-0.2575,0.4316,1,3.30,0.00,165.43,168.73,0,0.0000
0.0748,-0.2575,0.4316,1,3.04,0.00,164.11,167.16,0,0.0000
0.0748,-0.2575,0.4316,1,3.33,0.00,165.54,168.87,0,0.0000
0.0748,-0.2575,0.4316,1,3.92,0.00,164.87,168.80,0,0.0000
0.0748,-0.2576,0.4316,1,3.92,0.00,184.79,188.71,0,0.0063
0.0748,-0.2576,0.4316,1,4.09,0.00,183.67,187.76,0,0.0063
0.0748,-0.2576,0.4316,1,3.60,0.00,164.81,168.41,0,0.0000
0.0748,-0.2576,0.4316,1,3.64,0.00,164.54,168.18,0,0.0000
0.0748,-0.2576,0.4316,1,3.34,0.00,183.02,186.36,0,0.0000
0.0748,-0.2576,0.4316,1,3.64,0.00,167.57,171.21,0,0.0000
0.1366,-0.1277,0.4317,1,4.92,0.00,1263.43,1268.35,0,1.8050
0.0401,-0.3426,0.4317,1,4.87,0.00,1402.98,1407.85,0,3.1290
0.0749,-0.2576,0.4317,1,4.39,0.00,1043.90,1048.29,0,1.3261
0.0748,-0.2577,0.4317,1,4.37,0.00,164.36,168.73,0,0.0000
0.0748,-0.2577,0.4317,1,3.36,0.00,164.22,167.58,0,0.0000
0.0748,-0.2577,0.4317,1,3.61,0.00,165.59,169.20,0,0.0000
0.0748,-0.2577,0.4317,1,3.24,0.00,164.34,167.58,0,0.0000
0.0748,-0.2577,0.4317,1,3.69,0.00,164.76,168.45,0,0.0000
0.1056,-0.2474,0.4317,1,4.47,0.00,744.15,748.63,0,0.3606
0.0750,-0.2576,0.4317,1,4.40,0.00,743.45,747.85,0,0.3946
0.0242,-0.3173,0.4317,1,4.57,0.00,924.07,928.64,0,1.0544
0.0787,-0.2912,0.4318,1,4.35,0.00,925.54,929.88,0,0.7371
0.1363,-0.1346,0.4318,1,4.09,0.00,1362.93,1367.02,0,2.1638
0.0715,-0.2042,0.4318,1,4.80,0.00,1143.13,1147.93,0,1.3346
0.0987,-0.2661,0.4318,1,4.60,0.00,944.16,948.76,0,0.9578
0.0960,-0.1510,0.4319,1,4.90,0.00,1083.24,1088.14,0,1.4781
0.0572,-0.2204,0.4319,1,3.88,0.00,944.21,948.09,0,1.1347
0.0969,-0.1376,0.4320,1,4.61,0.00,983.45,988.07,0,1.2732
0.1021,-0.2525,0.4320,1,4.93,0.00,1063.49,1068.42,0,1.4510
0.1018,-0.2597,0.4321,1,3.91,0.00,303.06,306.97,0,0.0803
0.1066,-0.2474,0.4321,1,4.13,0.00,504.43,508.56,0,0.2129
0.1066,-0.2474,0.4321,1,3.60,0.00,164.52,168.13,0,0.0000
0.1067,-0.2474,0.4321,1,2.99,0.00,165.41,168.40,0,0.0000
0.1067,-0.2474,0.4321,1,4.13,0.00,164.17,168.30,0,0.0000
0.1067,-0.2474,0.4321,1,3.47,0.00,165.02,168.48,0,0.0000
0.1067,-0.2474,0.4321,1,3.93,0.00,164.07,168.00,0,0.0000
0.1067,-0.2474,0.4321,1,3.63,0.00,164.62,168.25,0,0.0000
0.1067,-0.2474,0.4321,1,3.27,0.00,165.23,168.49,0,0.0000
0.1067,-0.2474,0.4321,1,5.55,0.00,162.52,168.07,0,0.0000
0.1067,-0.2474,0.4321,1,3.86,0.00,165.17,169.03,0,0.0000
0.1067,-0.2474,0.4321,1,3.41,0.00,164.23,167.65,0,0.0000
0.1067,-0.2474,0.4321,1,3.52,0.00,164.57,168.09,0,0.0000
0.1067,-0.2474,0.4321,1,3.75,0.00,164.29,168.04,0,0.0000
0.0751,-0.2575,0.4322,1,4.55,0.00,784.09,788.64,0,0.3911
0.1067,-0.2475,0.4322,1,3.67,0.00,784.55,788.22,0,0.3892
0.1370,-0.1167,0.4322,1,4.06,0.00,1244.21,1248.28,0,1.7610
0.2530,-0.1507,0.4322,1,5.14,0.00,1323.11,1328.25,0,1.5006
0.0729,-0.2041,0.4322,1,4.95,0.00,1723.60,1728.55,0,2.4565
0.0729,-0.2041,0.4322,1,3.17,0.00,165.47,168.64,0,0.0000
0.2530,-0.1508,0.4322,1,3.73,0.00,1744.57,1748.30,0,2.3955
0.2530,-0.1508,0.4322,1,3.60,0.00,364.08,367.68,0,0.0339
0.2530,-0.1512,0.4322,1,4.40,0.00,384.39,388.79,0,0.0398
0.2530,-0.1512,0.4322,1,4.53,0.00,122.85,127.37,0,0.0015
0.2530,-0.1511,0.4322,1,3.88,0.00,125.09,128.96,0,0.0025
0.0730,-0.2042,0.4322,1,5.31,0.00,1723.16,1728.46,0,2.4954
0.0730,-0.2042,0.4322,1,3.14,0.00,165.63,168.77,0,0.0000
0.0730,-0.2042,0.4322,1,4.04,0.00,163.84,167.87,0,0.0000
0.0730,-0.2042,0.4322,1,3.68,0.00,190.26,193.95,0,0.0000
0.0730,-0.2042,0.4322,1,3.31,0.00,170.40,173.71,0,0.0000
0.0730,-0.2042,0.4322,1,3.36,0.00,165.20,168.56,0,0.0000
0.0730,-0.2042,0.4322,1,3.74,0.00,164.70,168.44,0,0.0000
0.0730,-0.2042,0.4322,1,3.98,0.00,163.60,167.58,0,0.0000
0.0730,-0.2042,0.4322,1,3.84,0.00,164.53,168.37,0,0.0000
0.0730,-0.2042,0.4322,1,3.74,0.00,164.20,167.94,0,0.0000
0.0730,-0.2042,0.4322,1,4.00,0.00,165.08,169.08,0,0.0000
0.2530,-0.1517,0.4322,1,5.47,0.00,1742.93,1748.40,0,2.4449
