t,x,y,z,success,ik_ms,total_ms,dx,dy,dz
1777979226.8654017,0.23244147551726618,0.16748739356748227,0.4790357897233907,1,35.29047966003418,35.5381965637207,0.016441475518723325,0.013988201669439884,0.0010354462772294154
1777979226.9135716,0.2384186566099245,0.17241576182487117,0.48063421056198696,1,33.624887466430664,33.83231163024902,0.02241865661138165,0.018916569926828802,0.002633867115825611
1777979226.9557743,0.2452331891119151,0.17739445663843084,0.4825807172412028,1,25.415420532226562,25.852680206298828,0.02923318911337225,0.02389526474038846,0.0045803737950414584
1777979227.0098941,0.25217736986219225,0.1819970118938772,0.48519369487997677,1,27.880191802978516,28.0911922454834,0.03617736986364939,0.02849781999583484,0.007193351433815436
1777979227.0519476,0.2644581892362237,0.18895592659471946,0.4908197777897786,1,21.48294448852539,21.68869972229004,0.04845818923768086,0.035456734696677095,0.012819434343617275
1777979227.1046093,0.27035998714284004,0.1918060684016827,0.49383481026768755,1,24.120807647705078,24.351119995117188,0.054359987144297184,0.03830687650364034,0.01583446682152624
1777979227.1539526,0.27535868219654164,0.19334972553858795,0.49693466946091486,1,23.447275161743164,23.61273765563965,0.05935868219799878,0.03985053364054558,0.018934326014753533
1777979227.1946058,0.2852597463700719,0.19490941106145954,0.5032251963206182,1,13.84282112121582,14.01519775390625,0.06925974637152904,0.04141021916341718,0.025224852874456943
1777979227.2492685,0.29029018352901287,0.19521628213868572,0.5053099074589275,1,18.386363983154297,18.587112426757812,0.07429018353047001,0.04171709024064335,0.027309564012766123
1777979227.3049886,0.29490644522338005,0.1950899760313634,0.5068876450688207,1,23.85115623474121,24.17445182800293,0.07890644522483717,0.04159078413332104,0.028887301622659355
1777979227.3575382,0.2990215390899451,0.19394570872690978,0.5083013330133327,1,26.436567306518555,26.666879653930664,0.08302153909140222,0.04044651682886741,0.030300989567171404
1777979227.4100652,0.3,0.1897783643668289,0.5108915992141085,1,28.636455535888672,28.838157653808594,0.09048058382086027,0.036279172468786536,0.03289125576794724
1777979227.4485476,0.3,0.18680284928849342,0.511762394714147,1,16.576766967773438,16.776323318481445,0.09399637703834268,0.03330365739045105,0.03376205126798562
1777979227.4984035,0.3,0.18334112027712846,0.5126842914124977,1,16.3271427154541,16.4947509765625,0.0969380582087726,0.029841928379086086,0.03468394796633639
1777979227.5528371,0.3,0.17920280491332408,0.5134442128835329,1,20.65300941467285,20.870685577392578,0.09936891265596776,0.025703613015281707,0.0354438694373716
1777979227.599201,0.3,0.1706303878669911,0.5140163818156774,1,15.059947967529297,15.261650085449219,0.10321038378528269,0.017131195968948743,0.036016038369516154
1777979227.6649082,0.3,0.1661145875687396,0.5137931302184906,1,30.160903930664062,30.367374420166016,0.10503016775972107,0.012615395670697208,0.03579278677232923
1777979227.7094676,0.3,0.1612374003353999,0.5132725391398907,1,24.565696716308594,24.74498748779297,0.10673146712543743,0.007738208437357522,0.03527219569372934
1777979227.771815,0.3,0.15645505918807603,0.5123233439985202,1,36.70310974121094,37.0333194732666,0.10825728284806213,0.0029558672900336647,0.034323000552358825
1777979227.8102546,0.3,0.14642256369697987,0.5102191387156869,1,25.215864181518555,25.411605834960938,0.1097696128206232,-0.007076628201062515,0.03221879526952562
1777979227.8682387,0.3,0.14147984652820805,0.5090564246808749,1,33.10871124267578,33.31589698791504,0.10977386233728931,-0.01201934536983431,0.03105608123471358
1777979227.9055023,0.3,0.1370079737839821,0.5077183942560464,1,20.32637596130371,20.512819290161133,0.10987987221575929,-0.016491218114060256,0.029718050809885
1777979227.9646113,0.3,0.1326209418192678,0.5062512806193579,1,29.340505599975586,29.535770416259766,0.10973613402577889,-0.020878250078774557,0.028250937173196572
1777979228.007154,0.3,0.12497229162584536,0.5026830204386168,1,21.839380264282227,21.999359130859375,0.10898878444250665,-0.028526900272197012,0.024682676992455483
1777979228.0665014,0.3,0.12164225413360887,0.5007487238973387,1,30.979394912719727,31.291484832763672,0.10812383039730733,-0.031856937764433504,0.02274838045117735
1777979228.1126187,0.3,0.11867381773045058,0.49879464283311914,1,27.106523513793945,27.31156349182129,0.1068429255586201,-0.034825374167591794,0.02079429938695784
1777979228.1582904,0.3,0.11621437557395237,0.49699155135043943,1,22.712230682373047,22.910118103027344,0.1051783785920439,-0.03728481632409,0.018991207904278096
1777979228.1994836,0.3,0.11321890774739447,0.493634558289199,1,13.843297958374023,14.047861099243164,0.1002219349585543,-0.040280284150647896,0.015634214843037668
1777979228.2618773,0.3,0.1130247876354539,0.49247707971386917,1,25.7415771484375,26.01146697998047,0.0970644526757242,-0.04047440426258847,0.014476736267707863
1777979228.3061965,0.3,0.11389999626454578,0.4913496827452323,1,20.053625106811523,20.26057243347168,0.09395704673586514,-0.039599195633496585,0.013349339299070957
1777979228.3599107,0.3,0.11541783845003875,0.490054745750771,1,22.459030151367188,22.68671989440918,0.09173217413439,-0.038081353448003626,0.012054402304609697
1777979228.4113743,0.3,0.12047230272365,0.4874543684913624,1,23.80657196044922,24.07693862915039,0.08748489992585157,-0.03302688917439236,0.009454025045201094
1777979228.4757152,0.3,0.12310723540424275,0.48716439203509276,1,38.08712959289551,38.32578659057617,0.0842347086147634,-0.030391956493799624,0.009164048588931445
1777979228.5248606,0.29555202116059687,0.1260212614757305,0.48740788037502314,1,37.10770606994629,37.316322326660156,0.07955202116205398,-0.02747793042231186,0.009407536928861825
1777979228.561598,0.283583708586759,0.13095271131797662,0.4887287283064056,1,23.740768432617188,23.99754524230957,0.06758370858821616,-0.022546480580065753,0.010728384860244296
1777979228.6124117,0.27700085389667817,0.13337014093522512,0.48924759523446976,1,24.405956268310547,24.634838104248047,0.06100085389813531,-0.020129050962817252,0.011247251788308446
1777979228.6635375,0.27071064255844035,0.13575657013411535,0.4898512916372617,1,25.49910545349121,25.72464942932129,0.05471064255989749,-0.01774262176392702,0.011850948191100412
1777979228.7102463,0.26404545883696423,0.13832045556453496,0.49030422907614024,1,22.168636322021484,22.36008644104004,0.04804545883842137,-0.015178736333507421,0.012303885629978934
1777979228.7604897,0.2514809472571125,0.1432194108942507,0.4924616279209666,1,22.2320556640625,22.424936294555664,0.03548094725856965,-0.010279781003791677,0.014461284474805288
1777979228.813035,0.24595472345008096,0.14568405769879222,0.4933315656043144,1,24.658918380737305,24.859905242919922,0.0299547234515381,-0.007815134199250152,0.015331222158153053
1777979228.8538518,0.24040272543230956,0.1481296054966755,0.49433907536943966,1,15.180826187133789,15.394210815429688,0.024402725433766703,-0.005369586401366859,0.016338731923278345
1777979228.914179,0.23499261590506854,0.1501501881913213,0.49535131937984,1,25.09021759033203,25.335073471069336,0.01899261590652568,-0.00334900370672106,0.017350975933678698
1777979228.9639995,0.22445997366814605,0.15323268047496802,0.49638720353830085,1,24.878263473510742,25.090932846069336,0.008459973669603188,-0.00026651142307436426,0.018386860092139537
1777979229.0115638,0.2191537667961377,0.15444303494540718,0.4962469316417492,1,22.252321243286133,22.47929573059082,0.0031537667975948536,0.0009438430473648063,0.018246588195587905
1777979229.0732877,0.21409887089243912,0.1555037948064882,0.4958623671295195,1,33.90359878540039,34.15679931640625,-0.0019011291061037383,0.0020046029084458405,0.017862023683358135
1777979229.1189141,0.20951842353958466,0.15642898779774883,0.4956887734276521,1,29.401063919067383,29.6173095703125,-0.006481576458958194,0.002929795899706461,0.017688429981490804
1777979229.1620958,0.20117200604707383,0.15815071888217286,0.4954811179531484,1,22.50838279724121,22.74155616760254,-0.014827993951469026,0.004651526984130495,0.017480774506987085
1777979229.2049863,0.197232252961518,0.1588481935841701,0.4959657296555083,1,15.157461166381836,15.391826629638672,-0.018767747037024857,0.005349001686127737,0.017965386209346946
1777979229.2759795,0.19318486485846992,0.1593944431506837,0.49644325593136374,1,35.8736515045166,36.17596626281738,-0.022815135140072926,0.0058952512526413495,0.01844291248520242
1777979229.3154123,0.18910057363691926,0.15978020316177377,0.49747496112753725,1,25.31290054321289,25.531291961669922,-0.026899426361623596,0.006281011263731401,0.01947461768137591
1777979229.3678691,0.18212548838759787,0.15986853216075517,0.5001664089641349,1,27.637004852294922,27.933120727539062,-0.033874511610944985,0.006369340262712797,0.02216606551797357
1777979229.4082708,0.17927132018498532,0.159606592227423,0.5019401877855404,1,17.934083938598633,18.2647705078125,-0.03672867981355754,0.006107400329380626,0.023939844339379016
1777979229.4592366,0.17712790840546835,0.15956691011715463,0.5032409233085594,1,18.91946792602539,19.153356552124023,-0.038872091593074504,0.006067718219112242,0.025240579862398048
1777979229.5117216,0.17564204911856665,0.15993429988520907,0.5040790421667368,1,21.27671241760254,21.5609073638916,-0.04035795087997621,0.006435107987166705,0.02607869872057545
1777979229.565562,0.17462364963926835,0.16215718392915598,0.5046704840817635,1,25.114059448242188,25.341033935546875,-0.041376350359274505,0.008657992031113615,0.026670140635602163
1777979229.6054015,0.17505314418003684,0.16435499840604867,0.5041421443938293,1,14.862060546875,15.043258666992188,-0.04094685581850602,0.010855806508006306,0.026141800947667944
1777979229.6628525,0.17649038238060377,0.16740168342618028,0.5032208814089614,1,22.214889526367188,22.454261779785156,-0.039509617617939086,0.013902491528137911,0.025220537962800098
1777979229.7239542,0.1790259819791928,0.17155808738259923,0.5019623108410255,1,33.20956230163574,33.42008590698242,-0.03697401801935005,0.01805889548455686,0.02396196739486416
1777979229.764987,0.1867055133637199,0.1822327344526422,0.4998642991839362,1,24.19734001159668,24.380207061767578,-0.029294486634822953,0.02873354255459984,0.02186395573777487
1777979229.804827,0.1916245541455829,0.18841348246648493,0.49939353240667805,1,13.744831085205078,13.933181762695312,-0.024375445852959948,0.034914290568442544,0.021393188960516722
1777979229.8635473,0.19754248390503193,0.1948761689794794,0.49891431872184605,1,22.185087203979492,22.544384002685547,-0.01845751609351093,0.04137697708143705,0.02091397527568471
1777979229.9189367,0.20374409010586747,0.200492402423674,0.4987278048442454,1,27.69303321838379,27.934551239013672,-0.012255909892675401,0.04699321052563164,0.020727461398084096
1777979229.9670625,0.21904891705553942,0.20905435720144339,0.498252037428331,1,24.924516677856445,25.11906623840332,0.0030489170569965585,0.055555165303401016,0.020251693982169666
1777979230.0164943,0.22751000216568615,0.21143977533864047,0.49821196257760475,1,24.116992950439453,24.300575256347656,0.01151000216714329,0.057940583440598104,0.020211619131443436
1777979230.070587,0.23573946488612094,0.2125723779776543,0.4982834579866422,1,26.55172348022461,26.760339736938477,0.01973946488757808,0.05907318607961193,0.020283114540480846
1777979230.1117148,0.2439935517732544,0.21256981056972682,0.4987115335487493,1,17.587900161743164,17.83132553100586,0.02799355177471155,0.05907061867168445,0.02071119010258799
1777979230.170261,0.25891338755118465,0.20983766372418602,0.4993252229866053,1,26.047706604003906,26.29709243774414,0.04291338755264179,0.056338471826143655,0.021324879540444014
1777979230.2142787,0.2656177575005057,0.20663047629570266,0.500149243959189,1,20.015716552734375,20.233631134033203,0.049617757501962845,0.053131284397660294,0.022148900513027682
1777979230.2716427,0.27205657308266945,0.20306413212130328,0.4998754020852887,1,27.138233184814453,27.49800682067871,0.05605657308412659,0.04956494022326091,0.02187505863912736
1777979230.3135927,0.2786095404243163,0.1995013832918656,0.4992076103560772,1,19.174575805664062,19.387483596801758,0.06260954042577346,0.04600219139382322,0.021207266909915864
1777979230.3663979,0.2897559195144013,0.19140890465008145,0.4983258079023173,1,21.866559982299805,22.080183029174805,0.07375591951585844,0.03790971275203908,0.02032546445615597
1777979230.4172282,0.29462666578839236,0.18674203630541264,0.4982199247058041,1,22.667407989501953,22.86696434020996,0.07862666578984948,0.03324284440737027,0.020219581259642794
1777979230.469204,0.29907269252258295,0.18167268742230377,0.49818896018096165,1,24.49655532836914,24.753570556640625,0.08307269252404009,0.028173495524261405,0.02018861673480035
1777979230.5196052,0.3,0.176916122056804,0.49808269911705405,1,24.69038963317871,24.94025230407715,0.08626661561166477,0.023416930158761617,0.020082355670892726
1777979230.5656297,0.3,0.1691387350832419,0.49663478215314305,1,20.701885223388672,20.893096923828125,0.09065437355881067,0.015639543185199542,0.018634438706981733
1777979230.6183875,0.3,0.16659282120291644,0.49624807771545865,1,23.357868194580078,23.591041564941406,0.09090836487917558,0.013093629304874066,0.018247734269297333
1777979230.6605313,0.3,0.16508803296118038,0.4960333395097332,1,15.425443649291992,15.668153762817383,0.09051715458590115,0.011588841063138011,0.018032996063571893
1777979230.7166638,0.3,0.16523597351829616,0.4959772188839398,1,21.480321884155273,21.732091903686523,0.09035460137956583,0.011736781620253808,0.017976875437778483
1777979230.7637281,0.3,0.1666547554224082,0.49698640288145374,1,18.07093620300293,18.29838752746582,0.09021604302209826,0.013155563524365838,0.018986059435292402
1777979230.8149164,0.3,0.1670846397898046,0.4982696154572972,1,19.205331802368164,19.421815872192383,0.08934814746579528,0.01358544789176222,0.020269272011135892
1777979230.8671744,0.3,0.1673686313181043,0.49893607541468,1,21.369457244873047,21.593570709228516,0.08849009427726179,0.013869439420061927,0.020935731968518643
1777979230.9240558,0.3,0.1676894912349483,0.49876260975462333,1,27.79102325439453,28.029918670654297,0.08810364229148748,0.014190299336905951,0.020762266308462014
1777979230.9813461,0.3,0.16758993140301612,0.49636419213603716,1,35.05992889404297,35.26592254638672,0.08755601633269797,0.014090739504973748,0.018363848689875863
1777979231.019993,0.3,0.16712088027945762,0.4947287376463265,1,23.49257469177246,23.708105087280273,0.08731090782647394,0.013621688381415253,0.016728394200165194
1777979231.064066,0.3,0.16639858443284813,0.49346831058320106,1,17.47608184814453,17.719745635986328,0.08680572567286449,0.012899392534805765,0.015467967137039747
1777979231.1202414,0.3,0.16426343039668373,0.49341676997691286,1,23.558616638183594,23.827075958251953,0.0847776079464504,0.010764238498641367,0.015416426530751558
1777979231.1735024,0.2997139239054615,0.16306719834821837,0.49409406135246764,1,26.753664016723633,26.99732780456543,0.08371392390691859,0.009568006450176011,0.0160937179063063
1777979231.225951,0.2987380543367479,0.1619210148232884,0.4948534088824803,1,27.759790420532227,27.984619140625,0.08273805433820502,0.008421822925246028,0.016853065436318974
1777979231.273687,0.2977065330618356,0.16069181900757978,0.4955646337953284,1,24.674177169799805,24.9173641204834,0.08170653306329276,0.007192627109537421,0.017564290349167046
1777979231.3346767,0.2957393522793761,0.15852600000007566,0.49652406414635863,1,35.634517669677734,35.84861755371094,0.07973935228083323,0.005026808102033292,0.018523720700197335
1777979231.3801506,0.29541453357909075,0.15792603591030047,0.4965657162415932,1,31.061172485351562,31.24260902404785,0.0794145335805479,0.004426844012258083,0.018565372795431835
1777979231.4233348,0.29533375765754744,0.15748376223181645,0.4965774841030938,1,24.146556854248047,24.338722229003906,0.07933375765900458,0.0039845703337740845,0.018577140656932514
1777979231.470909,0.2953486909251222,0.15716326955566595,0.49638365134897283,1,21.0416316986084,21.221399307250977,0.07934869092657937,0.0036640776576235823,0.018383307902811518
1777979231.538543,0.2951483179852725,0.15637151204392286,0.4959456879896066,1,38.468360900878906,38.74683380126953,0.07914831798672967,0.0028723201458804998,0.017945344543445256
1777979231.5731843,0.29512426688794385,0.15595440038917077,0.49560299252653,1,23.065805435180664,23.282766342163086,0.079124266889401,0.0024552084911284022,0.01760264908036868
1777979231.6257894,0.2950066847841646,0.15541726444416312,0.49536177836702555,1,25.540590286254883,25.82573890686035,0.07900668478562176,0.0019180725461207457,0.01736143492086421
1777979231.6736362,0.29489662897744817,0.15494141745343365,0.49491282764205635,1,23.366212844848633,23.591041564941406,0.07889662897890531,0.001442225555391266,0.01691248419589502
1777979231.7214594,0.2944365903696627,0.15432202686573757,0.49399858693303084,1,20.975828170776367,21.198749542236328,0.07843659037111983,0.0008228349676951963,0.015998243486869512
1777979231.7739103,0.29415237063400457,0.15429245612239206,0.49372618303015264,1,23.344993591308594,23.566722869873047,0.07815237063546168,0.0007932642243496865,0.015725839583991333
1777979231.826125,0.29381584004810385,0.1543045085376929,0.49342611902829053,1,25.482892990112305,25.693416595458984,0.07781584004956099,0.0008053166396505135,0.015425775582129186
1777979231.871245,0.2935797718684465,0.1544134330545292,0.4930065465295602,1,20.2028751373291,20.624637603759766,0.07757977186990364,0.0009142411564868266,0.015006203083398893
1777979231.926223,0.29325239401977,0.15473897552301183,0.492167476951032,1,25.22897720336914,25.54178237915039,0.07725239402122716,0.0012397836249694663,0.01416713350487072
1777979231.9778988,0.2929412233125943,0.1548730559436459,0.4920574125465235,1,26.812314987182617,27.07505226135254,0.07694122331405145,0.0013738640456035234,0.014057069100362175
1777979232.0231225,0.2928139088842767,0.15514565481750492,0.49177441363185237,1,21.850109100341797,22.200584411621094,0.07681390888573386,0.0016464629194625352,0.01377407018569107
1777979232.0773883,0.29265382641662757,0.15546431289659696,0.4914165884978134,1,25.40898323059082,25.722503662109375,0.07665382641808471,0.00196512099855458,0.013416245051652068
1777979232.119741,0.2913938885659012,0.1558696527910759,0.49092309860571187,1,17.446517944335938,17.754554748535156,0.07539388856735837,0.002370460893033541,0.012922755159550554
1777979232.1748743,0.29060500908576403,0.15602488155703767,0.4907009023102346,1,22.390127182006836,22.800922393798828,0.07460500908722115,0.0025256896589952935,0.012700558864073312
1777979232.2275872,0.29015155823706346,0.15624926746018464,0.4903167740965763,1,25.210857391357422,25.447368621826172,0.0741515582385206,0.0027500755621422818,0.012316430650414977
1777979232.2693772,0.28989344970994313,0.15646751013705645,0.489916069253775,1,16.691923141479492,17.108678817749023,0.07389344971140027,0.002968318239014084,0.011915725807613672
1777979232.3303993,0.2893136265012582,0.1565488694225925,0.4894595882664224,1,27.332544326782227,27.584075927734375,0.07331362650271533,0.0030496775245501123,0.011459244820261057
1777979232.372916,0.2891885945112391,0.15650234741490063,0.48913599871727503,1,19.61231231689453,20.019054412841797,0.0731885945126963,0.003003155516858265,0.011135655271113723
1777979232.4298236,0.2891029769078788,0.15636780304441503,0.4886918079081023,1,26.601552963256836,26.833534240722656,0.07310297690933595,0.002868611146372657,0.01069146446194098
1777979232.475373,0.28902878422925876,0.15613460682431474,0.48816667060727953,1,22.083282470703125,22.298097610473633,0.0730287842307159,0.002635414926272367,0.010166327161118198
1777979232.5428598,0.28901299155608623,0.15560232381199118,0.4874309371535538,1,35.770416259765625,39.699554443359375,0.07301299155754337,0.0021031319139487997,0.009430593707392448
1777979232.6053534,0.2890499049181102,0.15536603831089305,0.48719084970938265,1,51.901817321777344,52.09541320800781,0.0730499049195674,0.0018668464128506757,0.009190506263221302
1777979232.6259196,0.2890547106050624,0.1551249381454005,0.48704041826399996,1,19.02318000793457,20.311594009399414,0.07305471060651952,0.0016257462473581244,0.009040074817838627
1777979232.6867893,0.28899406124722204,0.1550090734614064,0.48678221741610384,1,29.808521270751953,30.039548873901367,0.07299406124867916,0.0015098815633640267,0.008781873969942514
1777979232.7299922,0.28889406935314343,0.15509645289775897,0.48658063458644213,1,22.891998291015625,23.14472198486328,0.07289406935460058,0.0015972609997166043,0.008580291140280813
1777979232.7844906,0.2887299720466366,0.15514962168408158,0.48637884092067313,1,27.329206466674805,27.58193016052246,0.07272997204809373,0.0016504297860392286,0.008378497474511802
1777979232.8304443,0.28865749654434075,0.15516060978811164,0.4860737425308356,1,22.916555404663086,23.180723190307617,0.0726574965457979,0.0016614178900692736,0.008073399084674244
1777979232.8823493,0.28853798005290765,0.15487877726980154,0.48540454700152874,1,24.576187133789062,24.89781379699707,0.07253798005436482,0.0013795853717591539,0.007404203555367432
1777979232.9300165,0.2883229332274215,0.15459954016017166,0.48522972416195087,1,22.249698638916016,22.488832473754883,0.07232293322887862,0.0011003482621292984,0.007229380715789546
1777979232.983472,0.2879870535875208,0.1542831294794039,0.48518098011238436,1,25.633573532104492,25.873184204101562,0.07198705358897795,0.0007839375813615268,0.007180636666223032
1777979233.0268226,0.2878346658412474,0.15411195698250088,0.4850030954287475,1,18.81718635559082,19.158601760864258,0.07183466584270454,0.0006127650844585109,0.007002751982586146
1777979233.083673,0.28768648619266923,0.15400413377599287,0.4845530130182982,1,25.457382202148438,25.701045989990234,0.07168648619412638,0.0005049418779504988,0.0065526695721368315
1777979233.1290736,0.28759210400141755,0.15394856971046622,0.484300168952284,1,20.77484130859375,20.997285842895508,0.07159210400287469,0.0004493778124238512,0.006299825506122661
1777979233.180995,0.2875414674126119,0.15385950360826312,0.4839960409459658,1,22.604942321777344,22.845745086669922,0.07154146741406903,0.0003603117102207454,0.005995697499804494
1777979233.2321448,0.28745279575336047,0.15366120020614218,0.48381947029596695,1,23.4222412109375,23.667573928833008,0.07145279575481764,0.0001620083080998147,0.005819126849805609
1777979233.2893422,0.28734605247190725,0.1531857115108078,0.4836173842576555,1,30.52377700805664,30.78150749206543,0.07134605247336437,-0.0003134803872345687,0.005617040811494164
1777979233.3334024,0.28734813943746057,0.1529370688628251,0.4835061170268471,1,24.492740631103516,24.759292602539062,0.07134813943891771,-0.0005621230352172574,0.005505773580685769
1777979233.3818066,0.2873082218097408,0.1526577292657726,0.48347044800416544,1,22.871017456054688,23.082971572875977,0.07130822181119792,-0.0008414626322697794,0.005470104558004101
1777979233.4393582,0.28727786663761745,0.15250100834166985,0.483390761238785,1,30.28726577758789,30.56621551513672,0.07127786663907457,-0.0009981835563725172,0.005390417792623687
1777979233.480844,0.28728365585463916,0.15245008367378848,0.4831755060935506,1,21.726369857788086,21.982192993164062,0.0712836558560963,-0.0010491082242539002,0.005175162647389252
1777979233.530784,0.28728323861829175,0.15246383266840655,0.4830540576370774,1,21.58951759338379,21.844148635864258,0.07128323861974889,-0.0010353592296358238,0.0050537141909161205
1777979233.5809424,0.28727002021610915,0.1524547057130979,0.4828923870218669,1,21.650075912475586,21.884441375732422,0.07127002021756626,-0.0010444861849444667,0.004892043575705572
1777979233.633366,0.28729968948365503,0.1524393435541959,0.48271078650763477,1,23.97918701171875,24.225473403930664,0.07129968948511217,-0.0010598483438464743,0.004710443061473463
1777979233.6790154,0.2873216420856874,0.15230685349474152,0.48260429917046643,1,19.58608627319336,19.837379455566406,0.07132164208714453,-0.001192338403300859,0.00460395572430513
1777979233.730141,0.28725901247974206,0.1521642760048179,0.48262067174451057,1,20.62201499938965,20.85399627685547,0.0712590124811992,-0.0013349158932244726,0.004620328298349265
1777979233.7840166,0.28709063822936953,0.1519766084721353,0.4826662264316237,1,24.405241012573242,24.64604377746582,0.07109063823082667,-0.0015225834259070814,0.004665882985462395
1777979233.8363838,0.28695560390728686,0.1519224801684212,0.48273827358654287,1,26.629924774169922,26.864290237426758,0.070955603908744,-0.0015767117296211913,0.004737930140381569
1777979233.8851705,0.28664781334385514,0.15201661757980614,0.48283469525825995,1,25.370121002197266,25.61473846435547,0.07064781334531228,-0.0014825743182362294,0.004834351812098649
1777979233.9455364,0.28636488421685946,0.15213529986199734,0.4827544586278152,1,35.59756278991699,35.872697830200195,0.0703648842183166,-0.0013638920360450335,0.0047541151816538445
1777979233.9827,0.28603695945761987,0.15235706335476235,0.4825020597402884,1,22.704362869262695,22.981882095336914,0.07003695945907701,-0.0011421285432800243,0.0045017162941271265
1777979234.041964,0.28550144642107567,0.15262486677972173,0.48199298910072547,1,31.803607940673828,32.12237358093262,0.06950144642253281,-0.0008743251183206333,0.003992645654564152
1777979234.090077,0.2843657605186852,0.1529770363036803,0.4805918376604423,1,29.860496520996094,30.164480209350586,0.06836576052014232,-0.0005221555943620421,0.002591494214280978
1777979234.1346564,0.2839967682612594,0.1530387488719197,0.479935757308325,1,24.402618408203125,24.66106414794922,0.06799676826271656,-0.00046044302612265053,0.0019354138621636707
1777979234.191673,0.28375838714335344,0.15301436466403578,0.4792566939450412,1,31.28957748413086,31.584739685058594,0.06775838714481061,-0.0004848272340065851,0.0012563504988798713
1777979234.2314706,0.28360972879863006,0.15284112473502126,0.4784891743081191,1,20.96390724182129,21.2404727935791,0.0676097288000872,-0.0006580671630211088,0.0004888308619577925
1777979234.2886434,0.2836502536830886,0.15251218616865764,0.47623951549353855,1,28.019189834594727,28.304338455200195,0.06765025368454575,-0.0009870057293847323,-0.0017608279526227788
1777979234.340724,0.28377707575594263,0.15232525184852125,0.4746031560233521,1,29.92844581604004,30.332088470458984,0.06777707575739977,-0.0011739400495211216,-0.003397187422809228
1777979234.3838723,0.2839591938463375,0.15204722223413578,0.47301611402488636,1,23.040294647216797,23.322105407714844,0.06795919384779464,-0.0014519696639065938,-0.00498422942127499
1777979234.438593,0.2839230427210648,0.15154835861457744,0.4719323566327062,1,27.686595916748047,27.93097496032715,0.06792304272252192,-0.0019508332834649311,-0.006067986813455099
1777979234.483695,0.28474933289837046,0.15039745803926172,0.4726222067629133,1,22.714614868164062,22.975683212280273,0.06874933289982763,-0.003101733858780653,-0.005378136683248047
1777979234.539243,0.28586216684723287,0.149900313160617,0.47609997034591695,1,28.011322021484375,28.273344039916992,0.06986216684869001,-0.0035988787374253775,-0.0019003731002444034
1777979234.597606,0.28732097253331307,0.1494674174645715,0.48189945448578697,1,36.286354064941406,36.56911849975586,0.07132097253477021,-0.004031774433470858,0.0038991110396256363
1777979234.6384788,0.28946185032313415,0.14926713003239112,0.48956174261833624,1,27.07362174987793,27.362346649169922,0.0734618503245913,-0.004232061865651254,0.011561399172174887
1777979234.6869624,0.29297906081151853,0.1491028086502622,0.5117269547934356,1,25.318622589111328,25.546550750732422,0.07697906081297567,-0.004396383247780161,0.033726611347274234
1777979234.7264938,0.29361134001767986,0.14914217786522865,0.5251014201934708,1,14.488697052001953,14.71567153930664,0.077611340019137,-0.004357014032813716,0.04710107674730953
1777979234.7782729,0.29316921316953976,0.14912933972059336,0.5399454469230305,1,15.799283981323242,16.052961349487305,0.0771692131709969,-0.004369852177449007,0.06194510347686913
1777979234.832746,0.29167551287773935,0.14900936809311532,0.5548531158770932,1,20.207881927490234,20.45464515686035,0.0756755128791965,-0.0044898238049270525,0.07685277243093185
1777979234.8873188,0.28469915230592957,0.14760174301253087,0.5833231672994428,1,24.376869201660156,24.579763412475586,0.06869915230738674,-0.005897448885511483,0.10532282385328148
1777979234.9489312,0.2798065045201841,0.14682811515890243,0.5959003572249336,1,35.72249412536621,36.15260124206543,0.06380650452164122,-0.006671076739139942,0.1179000137787723
1777979234.991294,0.2751847277608761,0.14610782848180903,0.606358836260859,1,28.218746185302734,28.431415557861328,0.05918472776233327,-0.007391363416233324,0.12835849281469766
1777979235.0410361,0.27028736020173283,0.14559057220390922,0.6151813395646253,1,25.29740333557129,25.53534507751465,0.05428736020319,-0.007908619694133139,0.13718099611846396
1777979235.088692,0.2618936688649731,0.14496895352255396,0.6279634125258149,1,22.92466163635254,23.138999938964844,0.04589366886643026,-0.00853023837548842,0.14996306907965357
1777979235.1432502,0.2586451034711986,0.1450454691545727,0.6330875408082585,1,27.355194091796875,27.617454528808594,0.04264510347265579,-0.008453722743469665,0.15508719736209717
1777979235.1834497,0.25629558678077463,0.14525569063822885,0.6371044783258164,1,17.400503158569336,17.609357833862305,0.040295586782231774,-0.008243501259813511,0.15910413487965513
1777979235.239499,0.2545208084431903,0.14575680385770945,0.6402596017823103,1,22.867679595947266,23.12302589416504,0.03852080844464745,-0.00774238804033292,0.16225925833614896
1777979235.2900708,0.2532148230814209,0.1470708710114475,0.6436196587937543,1,23.392200469970703,23.613929748535156,0.037214823082878046,-0.006428320886594854,0.16561931534759294
1777979235.3424537,0.25389748858631533,0.1482085612516478,0.643856682995525,1,25.695323944091797,25.933027267456055,0.037897488587772504,-0.005290630646394574,0.16585633954936368
1777979235.3915677,0.2558604026500902,0.1494750010198484,0.6425699331136422,1,24.698257446289062,24.97243881225586,0.03986040265154733,-0.004024190878193987,0.1645695896674809
1777979235.4384727,0.2624213627644166,0.15302119856730498,0.6350055669542934,1,21.59261703491211,21.79574966430664,0.04642136276587372,-0.00047799333073738487,0.15700522350813215
1777979235.4863334,0.2672020622939531,0.15477693773559326,0.628743423645784,1,19.268512725830078,19.487380981445312,0.051202062295410244,0.0012777458375508935,0.15074308019962265
1777979235.5322878,0.2729374017625348,0.15661789943538612,0.6207690574548532,1,14.963388442993164,15.202045440673828,0.056937401763991896,0.003118707537343765,0.14276871400869184
1777979235.591016,0.2793106038036156,0.15844426640282389,0.6103760926776325,1,23.647785186767578,23.853778839111328,0.06331060380507275,0.004945074504781509,0.13237574923147116
1777979235.6408534,0.29104383225567726,0.1607059328411688,0.5837042553826216,1,23.392438888549805,23.63109588623047,0.0750438322571344,0.0072067409431264134,0.10570391193646025
1777979235.704353,0.29280222724957056,0.15959260185507362,0.5696863434833234,1,36.83590888977051,37.04833984375,0.0768022272510277,0.006093409957031254,0.09168600003716204
1777979235.7405133,0.2953050418849282,0.15828843839656437,0.5544258338703938,1,22.89295196533203,23.128986358642578,0.07930504188638532,0.0047892464985219915,0.07642549042423241
1777979235.7912242,0.29761802838066315,0.15630040360761843,0.537094688605925,1,23.287534713745117,23.51856231689453,0.08161802838212029,0.0028012117095760763,0.059094345159763695
1777979235.8450372,0.29891097468449834,0.15403125871032805,0.5211351238507724,1,26.372194290161133,26.581525802612305,0.08291097468595549,0.0005320668122856809,0.04313478040461109
1777979235.8892825,0.2976345127684669,0.1492144208971622,0.49365383183179845,1,20.45297622680664,20.69401741027832,0.08163451276992406,-0.004284771000880164,0.01565348838563712
1777979235.9348743,0.29489276642637197,0.14700478214158028,0.48330052255871564,1,15.989303588867188,16.195297241210938,0.07889276642782911,-0.006494409756462094,0.005300179112554301
1777979235.985811,0.29175890330838034,0.1450488632246688,0.4756652709297304,1,16.747474670410156,16.97993278503418,0.07575890330983748,-0.008450328673373565,-0.00233507251643094
1777979236.0407002,0.28627405516418414,0.14289996589768555,0.4666875087337789,1,21.615266799926758,21.828889846801758,0.07027405516564128,-0.010599226000356815,-0.011312834712382449
1777979236.0906336,0.2847707575158054,0.14284991980397804,0.464163582247698,1,21.332502365112305,21.688222885131836,0.0687707575172625,-0.010649272094064313,-0.013836761198463318
1777979236.1450408,0.28377031784991724,0.14332389297817144,0.4621520029090539,1,25.773286819458008,26.01146697998047,0.06777031785137436,-0.010175298919870929,-0.01584834053710745
1777979236.1955156,0.28315841362646976,0.1440768865463709,0.4606047130911465,1,26.183366775512695,26.41010284423828,0.0671584136279269,-0.009422305351671448,-0.01739563035501486
1777979236.242621,0.28299921382818904,0.14624075612166315,0.4600933003517034,1,23.192882537841797,23.451805114746094,0.06699921382964619,-0.0072584357763792184,-0.017907043094457897
1777979236.313045,0.28294723204780936,0.14717538968116037,0.4619534654109559,1,43.488264083862305,43.76697540283203,0.0669472320492665,-0.006323802216881995,-0.016046878035205443
1777979236.3401892,0.2842893658070935,0.14855659312057062,0.46457123739158324,1,20.16448974609375,20.40696144104004,0.06828936580855066,-0.004942598777471739,-0.013429106054578067
1777979236.3924117,0.28636211937988093,0.15003381158680532,0.4683575989212751,1,22.32050895690918,22.555828094482422,0.07036211938133807,-0.003465380311237047,-0.009642744524886233
1777979236.4397626,0.28970042274406077,0.15170754409983503,0.4819567001253364,1,19.074440002441406,19.847631454467773,0.07370042274551791,-0.001791647798207334,0.003956356679175118
1777979236.4960122,0.2911033627352604,0.1519065801738005,0.49083639472466717,1,25.777578353881836,26.004314422607422,0.0751033627367175,-0.0015926117242418686,0.012836051278505846
1777979236.543242,0.29306478903217764,0.15194262185503787,0.5008343639234976,1,22.945880889892578,23.148536682128906,0.07706478903363478,-0.001556570043004503,0.022834020477336292
1777979236.5935314,0.29442304829082305,0.15165521010107177,0.5113401193916296,1,23.14138412475586,23.354053497314453,0.0784230482922802,-0.001843981796970602,0.03333977594546828
1777979236.6530235,0.29332078603698925,0.14935181740302067,0.5354323706553331,1,32.541751861572266,32.77778625488281,0.07732078603844639,-0.0041473744950216995,0.057432027209171815
1777979236.700629,0.2915690155163485,0.14766123508168288,0.5472004983336425,1,29.9985408782959,30.31015396118164,0.07556901551780562,-0.005837956816359478,0.0692001548874811
1777979236.743387,0.28875867637043834,0.14573713121299006,0.5584361066677926,1,22.71580696105957,22.922754287719727,0.07275867637189548,-0.007762060685052301,0.08043576322163136
1777979236.7986474,0.28525342319095415,0.14399579448998673,0.5691840455773189,1,27.873992919921875,28.09929847717285,0.06925342319241129,-0.009503397408055655,0.09118370213115767
1777979236.842001,0.2770141953476334,0.14121668858579628,0.5887040852725073,1,21.080493927001953,21.28314971923828,0.0610141953490905,-0.012282503312246104,0.11070374182634599
1777979236.9094698,0.27269428196382284,0.1400686871294039,0.5968851054690013,1,38.187265396118164,38.495540618896484,0.05669428196528001,-0.013430504768638482,0.11888476202283996
1777979236.9476035,0.26809289980560347,0.13861324461948235,0.6046412335586504,1,25.824546813964844,26.037216186523438,0.05209289980706058,-0.014885947278560019,0.1266408901124891
1777979236.9884381,0.2634243931793341,0.13721945970394056,0.6116638948358281,1,16.405344009399414,16.648292541503906,0.04742439318079125,-0.016279732194101816,0.13366355138966676
1777979237.04568,0.2545895938998532,0.13568410622141047,0.6244708658171169,1,23.251056671142578,23.464202880859375,0.03858959390131034,-0.017815085676631884,0.14647052237095556
1777979237.107215,0.25075562234242876,0.13532208889050978,0.6298481859709733,1,34.708499908447266,34.90591049194336,0.034755622343885906,-0.01817710300753258,0.15184784252481195
1777979237.144002,0.24799596328528753,0.13522432251381677,0.6343770111921135,1,21.24953269958496,21.510839462280273,0.03199596328674467,-0.018274869384225588,0.1563766677459522
1777979237.195054,0.24577780068354332,0.13538238672800373,0.637837066592243,1,22.301673889160156,22.495031356811523,0.029777800685000466,-0.018116805170038636,0.15983672314608177
1777979237.2440093,0.24367531739060894,0.13587290603793054,0.6408963896524023,1,21.162748336791992,21.381139755249023,0.02767531739206608,-0.017626285860111827,0.16289604620624099
1777979237.2900848,0.24360849741155513,0.13622802006858806,0.6406464779961665,1,17.01831817626953,17.258405685424805,0.027608497413012273,-0.01727117182945432,0.16264613455000515
1777979237.3466187,0.24456018418125244,0.13672000859050665,0.6389845664651402,1,23.48160743713379,23.71954917907715,0.028560184182709586,-0.01677918330753573,0.16098422301897888
1777979237.4018493,0.24610144649221116,0.13750055592856336,0.6363822853989786,1,27.205705642700195,27.4503231048584,0.030101446493668305,-0.015998635969479008,0.1583819419528172
1777979237.448724,0.2528062243296195,0.13951404126850106,0.6270685990238851,1,24.0323543548584,24.268150329589844,0.03680622433107664,-0.013985150629541317,0.14906825557772385
1777979237.4972742,0.2582038955414258,0.1406867593812397,0.6202419118748316,1,22.373437881469727,22.624492645263672,0.04220389554288295,-0.012812432516802683,0.14224156842867028
1777979237.547683,0.26523337436991967,0.14219547721759196,0.6110646777878872,1,22.684097290039062,22.974729537963867,0.04923337437137679,-0.011303714680450425,0.13306433434172582
1777979237.6082976,0.2724386082588828,0.14387987276193315,0.6005381382169294,1,33.240318298339844,33.51092338562012,0.056438608260339945,-0.009619319136109222,0.12253779477076804
1777979237.644516,0.2849018922339864,0.14518985182600214,0.5742791673234067,1,19.430160522460938,19.659757614135742,0.06890189223544352,-0.008309340072040247,0.09627882387724529
1777979237.6974216,0.2912055417893574,0.14635008388233708,0.5585291828471735,1,22.239208221435547,22.476673126220703,0.07520554179081454,-0.0071491080157052855,0.08052883940101208
1777979237.746902,0.2961490816262395,0.1475318682045227,0.543057571910234,1,21.646738052368164,21.87514305114746,0.08014908162769663,-0.00596732369351969,0.06505722846407264
1777979237.7961082,0.29998023535013946,0.14909456348012298,0.5265222889145225,1,20.749568939208984,21.014928817749023,0.0839802353515966,-0.00440462841791938,0.04852194546836119
1777979237.8453546,0.3,0.15333408807960727,0.4954919316600724,1,19.959211349487305,20.183801651000977,0.08724115481044012,-0.0001651038184351042,0.017491588213911082
1777979237.9127417,0.3,0.15496887611672752,0.4833379444352327,1,37.05930709838867,37.31131553649902,0.08574213786165696,0.0014696842186851591,0.005337600989071364
1777979237.9679072,0.2991212885658683,0.1563756147815581,0.47401200573392455,1,42.092323303222656,42.403459548950195,0.08312128856732542,0.0028764228835157155,-0.003988337712236799
1777979237.998561,0.2960969372996244,0.15740959401807064,0.46766706750019815,1,22.626161575317383,22.900819778442383,0.08009693730108153,0.003910402120028272,-0.0103332759459632
1777979238.0503378,0.29157443146665396,0.1589411345615932,0.46163841811032724,1,24.227619171142578,24.462461471557617,0.0755744314681111,0.005441942663550817,-0.01636192533583409
1777979238.101293,0.29016328528382995,0.1596988475258099,0.4605985842617736,1,24.742841720581055,25.274276733398438,0.07416328528528707,0.006199655627767531,-0.01740175918438775
1777979238.1621714,0.2890414959202534,0.16012930686577528,0.46055598889819854,1,35.70103645324707,35.94350814819336,0.07304149592171055,0.006630114967732921,-0.01744435454796279
1777979238.1989586,0.28805152132470035,0.16039773140034005,0.4614450289906621,1,22.40157127380371,22.636890411376953,0.07205152132615752,0.006898539502297685,-0.016555314455499223
1777979238.2466516,0.28797491766877964,0.16095894702653468,0.4637886183803847,1,20.026206970214844,20.253419876098633,0.07197491767023678,0.007459755128492319,-0.014211725065776594
1777979238.2974236,0.2880731866810279,0.16080321816637771,0.46564210619350505,1,20.725488662719727,20.93672752380371,0.07207318668248505,0.007304026268335359,-0.012358237252656279
1777979238.3520854,0.2883935974097216,0.16057172698155725,0.467349834280538,1,25.324583053588867,25.524616241455078,0.07239359741117873,0.007072535083514887,-0.01065050916562331
1777979238.4058065,0.28776251876486647,0.15881165164156857,0.4718806243938692,1,28.090953826904297,28.328418731689453,0.07176251876632361,0.0053124597435261905,-0.006119719052292118
1777979238.4536707,0.28669227661136976,0.15755428058798293,0.47419270364968236,1,25.73108673095703,26.0164737701416,0.0706922766128269,0.004055088689940568,-0.00380763979647894
1777979238.5106633,0.28589777628139096,0.15652194619681226,0.475939122037592,1,32.454729080200195,32.85956382751465,0.0698977762828481,0.0030227542987699,-0.002061221408569368
1777979238.5552177,0.28487988294374345,0.1554585921741881,0.4773039461938815,1,27.193069458007812,27.41217613220215,0.06887988294520059,0.0019594002761457244,-0.0006963972522798477
1777979238.597136,0.2807265400411244,0.152819614948135,0.4819273189477018,1,19.030332565307617,19.25969123840332,0.06472654004258155,-0.0006795769499073762,0.003926975501540482
1777979238.6491625,0.27724279907455207,0.1510522750117425,0.4863717456190678,1,20.971059799194336,21.1944580078125,0.06124279907600924,-0.0024469168862998464,0.00837140217290648
1777979238.7079928,0.2726405794465453,0.14928206000723357,0.4924132200012628,1,29.736995697021484,29.9532413482666,0.056640579448002465,-0.004217131890808801,0.014412876555101475
1777979238.749773,0.2682959921583964,0.1486472455678038,0.4982056708719136,1,21.387100219726562,21.65079116821289,0.052295992159853505,-0.004851946330238596,0.020205327425752283
1777979238.7991855,0.2588171774664749,0.14831298911514085,0.5114470572302455,1,20.711183547973633,21.0263729095459,0.042817177467932066,-0.005186202782901515,0.03344671378408418
1777979238.865803,0.25389572491803053,0.14818938626692618,0.5173264095044232,1,37.09769248962402,37.326812744140625,0.03789572491948767,-0.005309805631116181,0.03932606605826184
1777979238.902978,0.2478815564778786,0.14781533966656027,0.5235643069296274,1,23.7882137298584,24.422883987426758,0.03188155647933574,-0.0056838522314820936,0.04556396348346611
1777979238.9470875,0.24189266122149644,0.1475750810676558,0.528825675432345,1,17.952680587768555,18.19777488708496,0.025892661222953584,-0.005924110830386582,0.05082533198618369
1777979238.9957354,0.23155943467666967,0.1476406737875728,0.5340835709032725,1,16.525983810424805,16.761302947998047,0.015559434678126816,-0.00585851811046955,0.056083227457111244
1777979239.0516667,0.2270423898289691,0.1478059209659029,0.5350877540735969,1,22.35102653503418,22.608041763305664,0.011042389830426241,-0.005693270932139477,0.057087410627435574
1777979239.0996478,0.2231381418838863,0.1480803425846541,0.5347627446405321,1,20.204544067382812,20.512819290161133,0.007138141885343452,-0.005418849313388263,0.05676240119437075
1777979239.1493871,0.21931241370579488,0.14827647424992113,0.5338227269449156,1,19.766807556152344,19.991397857666016,0.003312413707252021,-0.005222717648121253,0.05582238349875424
1777979239.1991029,0.21126946336575902,0.14930682193818617,0.5297602887225263,1,19.330263137817383,19.63639259338379,-0.004730536632783833,-0.004192369959856196,0.051759945276364995
1777979239.2458813,0.2072083358466989,0.1500622096666887,0.5275496287930965,1,16.081809997558594,16.322612762451172,-0.008791664151843959,-0.0034369822313536497,0.049549285346935236
1777979239.3015294,0.20307804937060364,0.15065970615017402,0.5251040179225694,1,21.58355712890625,21.895647048950195,-0.012921950627939202,-0.0028394857478683463,0.04710367447640813
1777979239.351232,0.1991088502205243,0.15108253304871744,0.522714120632181,1,21.204471588134766,21.442890167236328,-0.01689114977801856,-0.002416658849324925,0.04471377718601974
1777979239.40466,0.1906573264755293,0.1519610840969411,0.5187462991557369,1,24.590253829956055,24.8260498046875,-0.025342673523013545,-0.0015381078011012933,0.04074595570957559
1777979239.4507387,0.18692719351873927,0.1525184520699821,0.5177650043318412,1,20.455598831176758,20.683765411376953,-0.029072806479803592,-0.0009807398280602814,0.03976466088567993
1777979239.519526,0.18379909963186203,0.15329371828610205,0.5169471777312351,1,39.0622615814209,39.36266899108887,-0.03220090036668083,-0.00020547361194031555,0.03894683428507381
1777979239.5511618,0.18085984762945603,0.1538153212634631,0.5165691536215997,1,20.69830894470215,20.94411849975586,-0.035140152369086824,0.0003161293654207198,0.03856881017543839
1777979239.6188812,0.17584350746684146,0.1542407795231785,0.5166136049619602,1,37.893056869506836,38.29073905944824,-0.04015649253170141,0.0007415876251361322,0.03861326151579884
1777979239.6571782,0.1738271619111267,0.15451889406301467,0.5166121705879221,1,26.226043701171875,26.47876739501953,-0.04217283808741615,0.001019702164972311,0.03861182714176072
1777979239.6973453,0.1719091171079669,0.1543888252093539,0.516349147225937,1,16.3571834564209,16.605615615844727,-0.044090882890575944,0.0008896333113115329,0.038348803779775724
1777979239.7573578,0.16995533833584214,0.1534403747949234,0.5157485015401428,1,26.27849578857422,26.554584503173828,-0.046044661662700714,-5.881710311896049e-05,0.037748158093981514
1777979239.8036828,0.166360580716455,0.15050812650888348,0.5137512144812537,1,22.33600616455078,22.60446548461914,-0.049639419282087885,-0.00299106538915888,0.03575087103509234
1777979239.857347,0.1650513530154924,0.1490620300324023,0.5126166113948545,1,25.487184524536133,25.694847106933594,-0.05094864698305046,-0.004437161865640082,0.034616267948693144
1777979239.9154925,0.1639232582840286,0.14769462346809292,0.5115873334807536,1,32.656192779541016,32.96995162963867,-0.05207674171451426,-0.005804568429949461,0.033586990034592264
1777979239.9576828,0.1629910198349322,0.1464605381471007,0.5106654341578596,1,24.875402450561523,25.12502670288086,-0.05300898016361068,-0.007038653750941662,0.03266509071169829
1777979240.0063882,0.1619246748617811,0.14509719103006025,0.5078571289440661,1,23.372411727905273,23.583173751831055,-0.05407532513676175,-0.008402000867982137,0.029856785497904742
1777979240.0643592,0.16170905479361383,0.14502411792962344,0.5068238290899262,1,31.21495246887207,31.464815139770508,-0.054290945204929025,-0.008475073968418928,0.028823485643764857
1777979240.1042845,0.1615893478657156,0.14538863618640324,0.5064540761274818,1,21.069049835205078,21.34227752685547,-0.05441065213282727,-0.008110555711639142,0.02845373268132056
1777979240.155141,0.16190116252708234,0.14600496475382968,0.5061980988462349,1,21.82292938232422,22.10545539855957,-0.05409883747146052,-0.007494227144212683,0.028197755400073632
1777979240.205091,0.16272438062089964,0.14700575725162995,0.5057685858541344,1,21.077394485473633,21.381139755249023,-0.05327561937764322,-0.00649343464641243,0.027768242407973147
1777979240.2552009,0.16285859680495993,0.1471666309007053,0.5058340208883799,1,21.119117736816406,21.41880989074707,-0.05314140319358293,-0.006332560997337054,0.027833677442218582
1777979240.3059742,0.16309120730922416,0.14714206370633076,0.5057858204694656,1,21.823883056640625,22.101640701293945,-0.05290879268931871,-0.006357128191711595,0.027785477023304254
1777979240.3563545,0.16514841450946838,0.1468827962718045,0.5048305921998296,1,19.334793090820312,19.56915855407715,-0.050851585489074494,-0.00661639562623785,0.02683024875366832
1777979240.4184272,0.16729793191214887,0.1465758412621152,0.5045050925823668,1,30.71308135986328,31.10337257385254,-0.048702068086394004,-0.006923350635927167,0.02650474913620539
1777979240.476566,0.16998306805453156,0.14636582980606005,0.5045184413937793,1,38.91301155090332,39.166927337646484,-0.0460169319440113,-0.007133362091982329,0.026518097947618037
1777979240.5138354,0.17284212924601694,0.14616263522279405,0.5049948522051003,1,26.073932647705078,26.360034942626953,-0.04315787075252592,-0.00733655667524831,0.026994508758939044
1777979240.5673172,0.17563992599319164,0.14621329171977315,0.5057140991645181,1,28.49864959716797,28.787851333618164,-0.040360074005351215,-0.007285900178269231,0.02771375571835688
1777979240.6166449,0.18339220991389235,0.14709516808599918,0.5066891628987689,1,27.696847915649414,27.96173095703125,-0.032607790084650506,-0.006404023812043198,0.028688819452607487
1777979240.6547232,0.18841560856518444,0.14804504938531232,0.5075261982415277,1,15.753030776977539,16.011953353881836,-0.02758439143335842,-0.005454142512730048,0.029525854795366322
1777979240.7182412,0.19414713662915045,0.1492690643407883,0.5085585240755839,1,29.127120971679688,29.426097869873047,-0.021852863369392406,-0.004230127557254083,0.030558180629422546
1777979240.762333,0.20703770125500837,0.15237003369654872,0.5136308566119088,1,23.117780685424805,23.427724838256836,-0.008962298743534478,-0.0011291582014936463,0.03563051316574746
1777979240.8179712,0.21402994400346836,0.15417145522987846,0.5162320963620203,1,28.684616088867188,28.954267501831055,-0.0019700559950744934,0.0006722633318360857,0.03823175291585893
1777979240.8745406,0.22144695473526646,0.15619254727044116,0.5188157931576307,1,35.16697883605957,35.442352294921875,0.005446954736723603,0.002693355372398787,0.04081544971146938
1777979240.9160519,0.22891128784545017,0.15812828832907466,0.520817926013408,1,26.595354080200195,26.826858520507812,0.012911287846907316,0.004629096431032292,0.042817582567246715
1777979240.9658754,0.24324370601409206,0.16058274297973996,0.5240010707797367,1,26.29399299621582,26.592016220092773,0.027243706015549207,0.007083551081697587,0.04600072733357536
1777979241.0169008,0.2506093738874364,0.16088288425524644,0.5249528944251026,1,27.196407318115234,27.476072311401367,0.03460937388889357,0.007383692357204083,0.04695255097894127
1777979241.0624542,0.2575755992813482,0.16062102294375807,0.525506102043795,1,22.681474685668945,22.944927215576172,0.04157559928280535,0.007121831045715704,0.04750575859763371
1777979241.1174643,0.2644869190143009,0.15962577898633182,0.5255782268725137,1,27.463197708129883,27.712106704711914,0.048486919015757995,0.006126587088289448,0.047577883426352316
1777979241.1627662,0.2772489580990809,0.15709932788457132,0.5247306456582834,1,22.706985473632812,22.977828979492188,0.06124895810053804,0.0036001359865289323,0.04673030221212208
1777979241.2124913,0.28372958620442384,0.1558746859657496,0.5234024079692726,1,22.315263748168945,22.600173950195312,0.06772958620588099,0.0023754940677072484,0.04540206452311131
1777979241.271337,0.28832723740531274,0.15508701660174845,0.5222296177184726,1,30.940771102905273,31.34775161743164,0.07232723740676988,0.0015878247037060672,0.0442292742723113
1777979241.3205905,0.29594989975622643,0.15377791153405698,0.5193369750643179,1,30.178546905517578,30.462265014648438,0.0799498997576836,0.00027871963601460575,0.04133663161815653
1777979241.364584,0.3,0.15015573217933506,0.5139920748742333,1,24.11508560180664,24.403095245361328,0.09159930074771927,-0.003343459718707316,0.035991731428071966
1777979241.4136686,0.3,0.14839285265388813,0.5112803229141247,1,23.108720779418945,23.403406143188477,0.09643048247054525,-0.00510633924415424,0.03327997946796342
1777979241.4622664,0.3,0.14678006557979312,0.5082610494847655,1,21.365880966186523,21.829843521118164,0.10076325100523276,-0.006719126318249238,0.030260706038604108
1777979241.5243716,0.3,0.14515123238460403,0.5054218222337222,1,33.538103103637695,33.83946418762207,0.1042191466640528,-0.00834795951343835,0.027421478787560905
1777979241.5630949,0.3,0.14193814930266468,0.49898415696984777,1,20.72286605834961,22.5832462310791,0.10847935086437699,-0.011561042595377678,0.02098381352368647
1777979241.6179087,0.3,0.14087000380782685,0.4950284921255675,1,27.01544761657715,27.290821075439453,0.10974557415799291,-0.012629188090215508,0.017028148679406142
1777979241.6748393,0.3,0.1400919056228342,0.49072157559288765,1,33.875465393066406,34.16585922241211,0.11035897885757551,-0.01340728627520818,0.0127212321467263
1777979241.718066,0.3,0.13960969480338195,0.4867745289609562,1,26.807069778442383,27.059078216552734,0.110445571108446,-0.013889497094660412,0.008774185514794872
1777979241.7729728,0.3,0.13878849039735977,0.4808258241938106,1,29.89673614501953,30.143260955810547,0.1071592662372009,-0.014710701500682592,0.002825480747649243
1777979241.813021,0.3,0.1389784455352535,0.4787532606578273,1,19.69146728515625,19.97542381286621,0.10531344013800342,-0.014520746362788876,0.0007529172116659544
1777979241.8712044,0.3,0.13943950959138063,0.4770726905229505,1,27.778148651123047,27.994632720947266,0.10422847284734726,-0.014059682306661749,-0.0009276529232108352
1777979241.9154768,0.3,0.14014702643649968,0.4761399951841114,1,21.738290786743164,22.19986915588379,0.1041402196347071,-0.013352165461542692,-0.0018603482620499733
1777979241.9652104,0.3,0.14066021556824632,0.4766862915274061,1,21.588563919067383,21.85225486755371,0.10348020354404025,-0.012838976329796067,-0.0013140519187552421
1777979242.0158017,0.3,0.14089477945722656,0.47750322650427435,1,22.112131118774414,22.371768951416016,0.1035697662306082,-0.012604412440815824,-0.0004971169418870013
1777979242.0726612,0.3,0.14110208968188587,0.47848751642639614,1,28.858184814453125,29.141664505004883,0.10358068035752971,-0.01239710221615651,0.0004871729802348006
1777979242.1256723,0.3,0.14122396714500718,0.47967092921947263,1,31.770944595336914,32.02557563781738,0.10327058112178678,-0.012275224753035177,0.00167058577331132
1777979242.1650126,0.3,0.14156584234000166,0.4812799289188953,1,21.071672439575195,21.324634552001953,0.10295502430953263,-0.011933349558040707,0.003279585472733996
1777979242.2239013,0.3,0.14204833904838432,0.4816803744410259,1,29.201745986938477,29.478073120117188,0.10328297946312237,-0.011450852849658036,0.0036800309948645735
1777979242.2707722,0.3,0.14268910571139953,0.48189761222098976,1,26.045799255371094,26.27086639404297,0.10354962600832135,-0.010810086186642844,0.003897268774828433
1777979242.3275616,0.3,0.14354859595645897,0.48202351395932674,1,32.62495994567871,32.90987014770508,0.10361339662369878,-0.009950595941583401,0.004023170513165421
1777979242.3711174,0.3,0.14538906142494876,0.4830648875252791,1,26.01480484008789,26.256799697875977,0.10179080306080229,-0.008110130473093613,0.005064544079117779
1777979242.4184833,0.3,0.14674246826685616,0.48355450207148715,1,23.352861404418945,23.560523986816406,0.10139938026860512,-0.0067567236311862205,0.005554158625325836
1777979242.466907,0.3,0.14811970317303133,0.4849565075166013,1,21.60167694091797,21.91329002380371,0.10099726737071368,-0.005379488725011039,0.006956164070439964
1777979242.5244026,0.3,0.15048809492447007,0.489957784693128,1,26.54266357421875,26.912212371826172,0.10054236079815398,-0.003011096973572297,0.011957441246966679
1777979242.5721798,0.3,0.15114174697414606,0.4942937145653669,1,24.31488037109375,24.59573745727539,0.09929966238049415,-0.0023574449238963,0.01629337111920561
1777979242.621333,0.3,0.1514830283743761,0.49947529689386516,1,23.469924926757812,23.679733276367188,0.09717087476939928,-0.0020161635236662506,0.021474953447703816
1777979242.6748207,0.3,0.15178777828231407,0.5057687827812369,1,26.772022247314453,27.04334259033203,0.0944041734774767,-0.0017114136157282897,0.027768439335075626
1777979242.7203803,0.3,0.15240693551343135,0.5209795215846125,1,22.118091583251953,22.388219833374023,0.08769758121719429,-0.0010922563846110303,0.042979178138451125
1777979242.7740068,0.29969144764905037,0.1524291370721422,0.5302280683792706,1,25.588035583496094,25.918245315551758,0.08369144765050751,-0.0010700548259001685,0.05222772493310928
1777979242.8260305,0.294431791146749,0.15194149798134984,0.5398961322044238,1,27.603626251220703,27.862071990966797,0.07843179114820617,-0.0015576939166925194,0.06189578875826248
1777979242.8740373,0.2885605049058664,0.1512096166544712,0.5487476440922646,1,25.355815887451172,25.745868682861328,0.07256050490732352,-0.002289575243571179,0.07074730064610332
1777979242.9268308,0.27527101391538855,0.1488081960077015,0.5646375797952025,1,28.10382843017578,28.35845947265625,0.059271013916845694,-0.004690995890340874,0.08663723634904114
1777979242.9771197,0.26909157021217534,0.1474170560731657,0.5707071286472636,1,28.339147567749023,28.58591079711914,0.05309157021363248,-0.006082135824876669,0.0927067852011022
1777979243.0272546,0.26267823618198666,0.14595672117907663,0.5764818386430752,1,28.400421142578125,28.629541397094727,0.0466782361834438,-0.0075424707189657506,0.09848149519691388
1777979243.0771985,0.2563278192264462,0.14439494325041166,0.5816937725188208,1,28.171062469482422,28.479814529418945,0.04032781922790335,-0.009104248647630715,0.10369342907265947
1777979243.1340082,0.2444096985283269,0.14111273262652724,0.5905016119226276,1,34.9268913269043,35.23540496826172,0.028409698529784033,-0.012386459271515118,0.11250126847646635
1777979243.173354,0.2390471590958151,0.13965497309269143,0.5942357746747616,1,22.3844051361084,22.647380828857422,0.02304715909727223,-0.01384421880535093,0.1162354312286003
1777979243.2169285,0.23454190609662767,0.1384940165962028,0.5974406630050749,1,15.7470703125,16.028404235839844,0.018541906098084815,-0.015005175301839577,0.11944031955891363
1777979243.271413,0.23048948847290218,0.13760637436386586,0.6001764252392956,1,20.354270935058594,20.571231842041016,0.014489488474359324,-0.015892817534176505,0.12217608179313422
1777979243.3155882,0.2256440063824811,0.137194044834396,0.6036882767050442,1,13.882160186767578,14.156579971313477,0.009644006383938253,-0.016305147063646365,0.12568793325888292
1777979243.3683672,0.2238716756730272,0.13710395852417695,0.6048437042283256,1,16.3877010345459,16.600608825683594,0.007871675674484352,-0.016395233373865413,0.12684336078216424
1777979243.4283915,0.22220143965698766,0.13707848422499377,0.6059145363689855,1,26.296138763427734,26.523590087890625,0.006201439658444802,-0.016420707673048596,0.1279141929228242
1777979243.485124,0.22112105850996683,0.13725174746071406,0.606692241291654,1,32.861948013305664,33.158302307128906,0.00512105851142397,-0.0162474444373283,0.12869189784549262
1777979243.5285285,0.22015571496802677,0.13793028499229876,0.6081670399327741,1,23.81110191345215,24.029970169067383,0.004155714969483915,-0.015568906905743606,0.13016669648661278
1777979243.5840213,0.21995183003487095,0.138247604511529,0.6085834533415658,1,28.920412063598633,29.210567474365234,0.003951830036328097,-0.015251587386513346,0.1305831098954045
1777979243.6310391,0.21979239750578328,0.13848211785631098,0.6088089369991603,1,25.920391082763672,26.151418685913086,0.0037923975072404192,-0.01501707404173138,0.13080859355299898
1777979243.6815584,0.21996348546152605,0.1386409242361048,0.6086072050683483,1,26.40056610107422,26.578187942504883,0.003963485462983196,-0.014858267661937569,0.13060686162218696
1777979243.728788,0.2208323272981349,0.13835508174887834,0.6076633186398984,1,23.09560775756836,23.31089973449707,0.004832327299592043,-0.015144110149164017,0.12966297519373707
1777979243.7748475,0.22157434989642638,0.1382833066320075,0.6070512130968224,1,19.066572189331055,19.28114891052246,0.005574349897883524,-0.01521588526603486,0.12905086965066115
1777979243.8350124,0.2222876488162238,0.13832274259500052,0.6065963924882254,1,29.122352600097656,29.389381408691406,0.00628764881768093,-0.015176449303041857,0.12859604904206406
1777979243.879502,0.22369449669444438,0.1389174808301774,0.6059187498831021,1,23.385286331176758,23.694276809692383,0.007694496695901526,-0.014581711067864954,0.12791840643694083
1777979243.9257839,0.22934128381724866,0.14126397423718376,0.6039946958558143,1,19.316911697387695,19.57869529724121,0.013341283818705807,-0.012235217660858617,0.12599435240965298
1777979243.9775648,0.23506795438461306,0.14306734918332165,0.6018738725809514,1,20.966053009033203,21.286964416503906,0.0190679543860702,-0.01043184271472071,0.12387352913479008
1777979244.0375118,0.24210248149506908,0.1449731072899475,0.5992578121937167,1,30.828475952148438,31.04567527770996,0.02610248149652622,-0.008526084608094883,0.12125746874755539
1777979244.085475,0.2601212713273151,0.15028496633321312,0.5914506925413514,1,27.36687660217285,27.573108673095703,0.04412127132877222,-0.003214225564829254,0.11345034909519006
1777979244.125404,0.2689804663268984,0.15274465187059705,0.5868514711465912,1,17.187118530273438,17.42720603942871,0.05298046632835557,-0.0007545400274453287,0.10885112770042987
1777979244.1774278,0.27620473676170776,0.15466327878890013,0.5826977215554161,1,19.134521484375,19.353628158569336,0.0602047367631649,0.0011640868908577504,0.10469737810925481
1777979244.2297897,0.2826298637109784,0.15589667992563097,0.5785907461512365,1,21.416664123535156,21.639108657836914,0.06662986371243557,0.0023974880275886012,0.10059040270507516
1777979244.2741048,0.2939323581441403,0.15688224969646541,0.5692658219370315,1,15.423297882080078,15.636920928955078,0.07793235814559746,0.0033830577984230586,0.09126547849087008
1777979244.3242278,0.29889477915827856,0.15682120357916346,0.5637318923507073,1,15.45572280883789,15.679359436035156,0.08289477915973573,0.0033220116811210967,0.08573154890454601
1777979244.3760087,0.3,0.15675962846178,0.5574732783552896,1,17.032861709594727,17.378807067871094,0.08738991439490124,0.0032604365637376315,0.0794729349091283
1777979244.4334,0.3,0.1563885647316469,0.5511725440088056,1,24.45387840270996,24.69491958618164,0.09088698161815556,0.00288937283360452,0.07317220056264429
1777979244.4790838,0.3,0.15550286680501002,0.5377230861255521,1,19.9587345123291,20.318984985351562,0.09573442603000432,0.0020036749069676438,0.0597227426793908
1777979244.548193,0.3,0.1548050492256879,0.5313016212571776,1,39.04104232788086,39.34216499328613,0.0970752115409532,0.0013058573276455432,0.05330127781101627
1777979244.5937052,0.3,0.15407080348070096,0.525212169576925,1,34.51037406921387,34.74116325378418,0.09782894069106313,0.0005716115826586016,0.04721182613076361
1777979244.6371415,0.3,0.15340492796678967,0.520017786102502,1,27.896642684936523,28.12957763671875,0.097670547280721,-9.426393125269716e-05,0.0420174426563407
1777979244.7024393,0.3,0.15302479114675302,0.5095407885593466,1,42.23895072937012,43.34616661071777,0.09628184154696146,-0.00047440075128934306,0.03154044511318532
1777979244.730473,0.3,0.15333310427847646,0.504502287451858,1,21.08621597290039,21.31509780883789,0.09545315482030065,-0.00016608761956590085,0.026501944005696693
1777979244.7942393,0.3,0.153947762492268,0.49958612591025897,1,34.754276275634766,34.990549087524414,0.09464332858061239,0.0004485705942256363,0.02158578246409762
1777979244.8310502,0.3,0.15466372160317016,0.49547978107852575,1,21.47960662841797,21.717309951782227,0.09410365898394016,0.00116452970512778,0.01747943763236443
1777979244.8834455,0.3,0.15561923932427557,0.48901110355246885,1,23.83708953857422,24.065494537353516,0.0924666142653574,0.0021200474262332014,0.011010760106307508
1777979244.9295251,0.3,0.1561480707431898,0.48663371623163154,1,19.78898048400879,20.051956176757812,0.09223409299076085,0.0026488788451474246,0.008633372785470193
1777979244.9776647,0.3,0.15660533034864665,0.48488890239478555,1,17.774343490600586,17.97771453857422,0.09223634222894797,0.0031061384506042983,0.006888558948624238
1777979245.0339372,0.3,0.15693884148541637,0.4835585976329169,1,23.853063583374023,24.08599853515625,0.09243385592064385,0.0034396495873739857,0.005558254186755577
1777979245.0875554,0.3,0.1573632017722445,0.4816921079656339,1,27.390241622924805,27.63056755065918,0.09319611772270703,0.003864009874202129,0.00369176451947259
1777979245.1362128,0.3,0.15758083764428607,0.4809224982401438,1,26.004552841186523,26.213407516479492,0.09357728026148615,0.0040816457462437075,0.002922154793982515
1777979245.2006583,0.3,0.15752930899265433,0.4805513278091288,1,40.23098945617676,40.56215286254883,0.09387418825887722,0.004030117094611957,0.002550984362967454
1777979245.2376752,0.3,0.15745986652531796,0.48021375213889317,1,27.315855026245117,27.526140213012695,0.09418165115899862,0.003960674627275604,0.0022134086927318684
1777979245.2942748,0.3,0.15732538742193497,0.4800899445396105,1,33.83493423461914,34.071922302246094,0.0948544566054983,0.0038261955238926004,0.0020896010934491963
1777979245.333002,0.3,0.15715139270110984,0.4803913076715735,1,22.45783805847168,22.676706314086914,0.09514631705550386,0.003652200803067468,0.0023909642254122017
1777979245.3926947,0.3,0.15694320063660272,0.4807140933151222,1,32.073020935058594,32.32240676879883,0.09525941108458835,0.003444008738560357,0.0027137498689608665
1777979245.4474478,0.3,0.1568554744230099,0.48088635992137124,1,36.63229942321777,36.97657585144043,0.09522239253627252,0.003356282524967516,0.002886016475209908
1777979245.4894278,0.3,0.15496065290340344,0.4829762289177164,1,28.606891632080078,28.88774871826172,0.09426061317319073,0.001461461005361056,0.004975885471555076
1777979245.5295818,0.3,0.15216614517681715,0.4856935053695497,1,18.75758171081543,18.967866897583008,0.09369427565105742,-0.0013330467212252367,0.007693161923388394
1777979245.5873418,0.3,0.14913722328549123,0.48998113963455975,1,26.42989158630371,26.62968635559082,0.0933333833806281,-0.004361968612551156,0.011980796188398427
1777979245.6316352,0.3,0.14760498905015806,0.49384328415581635,1,20.569562911987305,20.789146423339844,0.09374456232058764,-0.005894202847884292,0.015842940709655057
1777979245.6768148,0.3,0.14859267559385508,0.4986343156791818,1,15.666007995605469,15.909910202026367,0.09428549451217738,-0.0049065163041873,0.02063397223302049
1777979245.7361767,0.3,0.14994755427898296,0.5004056649788027,1,23.241281509399414,23.75316619873047,0.09419233670366947,-0.0035516376190594112,0.02240532153264141
1777979245.788019,0.3,0.1525141611724492,0.5022124350084356,1,25.319814682006836,25.548458099365234,0.09382856151184998,-0.0009850307255931529,0.024212091562274267
1777979245.8296328,0.3,0.15513045834641828,0.5033100921300351,1,15.519142150878906,15.752553939819336,0.09338417892459974,0.001631266448375912,0.025309748683873808
1777979245.8984632,0.3,0.15989755120657756,0.504408742906135,1,33.47063064575195,33.72931480407715,0.09218765936119708,0.006398359308535176,0.026408399459973694
1777979245.9358833,0.3,0.16181162614407033,0.5051345713919778,1,20.855188369750977,21.06332778930664,0.09002948286411702,0.008312434246027955,0.027134227945816537
1777979245.9794867,0.3,0.16332721849174003,0.5054490223493026,1,14.389753341674805,14.613866806030273,0.08790138504900791,0.00982802659369765,0.027448678903141253
1777979246.0454051,0.3,0.16467628023401304,0.5053926275020348,1,30.206680297851562,30.425071716308594,0.0862188488661704,0.011177088335970656,0.027392284055873573
1777979246.0995867,0.2996891506168813,0.1663788305026298,0.5034935150453399,1,34.285545349121094,34.53421592712402,0.0836891506183384,0.012879638604587448,0.02549317159917854
1777979246.142751,0.29883304838687536,0.1674887357647194,0.5018830280063382,1,27.35590934753418,27.61363983154297,0.0828330483883325,0.013989543866677029,0.02388268456017688
1777979246.190918,0.2980916490709694,0.16874563450253688,0.499990774096528,1,25.359392166137695,25.70819854736328,0.08209164907242658,0.015246442604494495,0.02199043065036666
1777979246.2412865,0.297192422100792,0.17005298000402966,0.49796921656625537,1,25.74634552001953,25.997400283813477,0.08119242210224911,0.016553788105987288,0.019968873120094068
1777979246.2833595,0.29442035549537215,0.17166591898993747,0.49234686949053824,1,17.812490463256836,18.018245697021484,0.0784203554968293,0.018166727091895096,0.014346526044376931
1777979246.3315287,0.29266538721966506,0.17161921392171106,0.4885917710847019,1,15.686750411987305,15.926361083984375,0.0766653872211222,0.01812002202366869,0.01059142763854062
1777979246.3886423,0.29062660458851847,0.17129001098579427,0.48423082858947253,1,22.713899612426758,22.933006286621094,0.07462660458997561,0.01779081908775189,0.006230485143311197
1777979246.444286,0.28871369592875407,0.17113202646061504,0.4798798371170667,1,28.230905532836914,28.509140014648438,0.07271369593021121,0.01763283456257267,0.0018794936709054175
1777979246.490089,0.28584912957981123,0.17150625664277078,0.4718165111820719,1,23.940086364746094,24.222373962402344,0.0698491295812684,0.018007064744728407,-0.006183832264089396
1777979246.5439436,0.28480949204172173,0.1716573596919076,0.468763857410057,1,27.772188186645508,28.010129928588867,0.06880949204317888,0.018158167793865226,-0.00923648603610433
1777979246.5825212,0.28403979067950685,0.17119386025941863,0.466275676922097,1,16.155481338500977,16.35575294494629,0.068039790680964,0.017694668361376273,-0.011724666524064328
1777979246.6495268,0.2846770589764194,0.170155524287962,0.46236996435195443,1,31.978845596313477,32.2117805480957,0.06867705897787652,0.016656332389919634,-0.015630379094206864
1777979246.691298,0.2856192586741785,0.1698450232939246,0.4609413762519545,1,23.622512817382812,23.87213706970215,0.06961925867563565,0.016345831395882207,-0.01705896719420679
1777979246.735302,0.2863394830449478,0.169549644306934,0.4598348349341377,1,17.57216453552246,17.786026000976562,0.07033948304640492,0.016050452408891636,-0.018165508512023615
1777979246.792727,0.2872266094958779,0.16936156535961133,0.4591864057809486,1,24.76978302001953,24.99556541442871,0.07122660949733506,0.015862373461568963,-0.0188139376652127
1777979246.8431044,0.28923088229839133,0.1701000202826324,0.4593067773216432,1,25.08091926574707,25.326251983642578,0.07323088229984848,0.01660082838459004,-0.018693566124518092
1777979246.8915262,0.2902191012282751,0.17033567655457132,0.4597189888847859,1,23.365020751953125,23.613452911376953,0.07421910122973222,0.016836484656528955,-0.018281354561375418
1777979246.9447505,0.290849877263367,0.17022959641519983,0.460315865847939,1,26.45277976989746,26.763439178466797,0.07484987726482412,0.01673040451715746,-0.017684477598222316
1777979246.9947147,0.29127719931297036,0.16982619662002668,0.46101996099452486,1,26.282787322998047,26.554107666015625,0.0752771993144275,0.016327004721984312,-0.016980382451636453
1777979247.0441053,0.2918216994167594,0.16952806486958233,0.46298189183448357,1,25.640010833740234,25.89130401611328,0.07582169941821651,0.016028872971539945,-0.015018451611677766
1777979247.0944738,0.2921639263755666,0.1699975641523158,0.46437050554798937,1,25.922298431396484,26.186704635620117,0.07616392637702374,0.01649837225427342,-0.013629837898171966
1777979247.1606455,0.2930682174494311,0.17128632466535593,0.4659082489423571,1,42.00243949890137,42.290687561035156,0.07706821745088824,0.01778713276731357,-0.012092094503804197
1777979247.1942158,0.2943131087087015,0.17330942903393148,0.4676081312249383,1,25.54488182067871,25.780200958251953,0.07831310871015862,0.019810237135889114,-0.010392212221223052
1777979247.245136,0.2962868771039535,0.17808342242956143,0.47384535188729543,1,26.382923126220703,26.626110076904297,0.08028687710541069,0.024584230531519063,-0.004154991558865891
1777979247.2864752,0.2971174489409703,0.1801463368755635,0.47828369291785,1,17.49110221862793,17.75383949279785,0.08111744894242745,0.02664714497752113,0.00028334947168869376
1777979247.3490818,0.29784829610166913,0.18100038908848914,0.4831900149124832,1,29.696226119995117,30.202388763427734,0.08184829610312627,0.027501197190446774,0.005189671466321899
1777979247.4032676,0.29841236775589475,0.18112159614390527,0.4877487688831651,1,34.04569625854492,34.285783767700195,0.08241236775735186,0.027622404245862903,0.009748425437003766
1777979247.4511726,0.3,0.17994096715945967,0.49550254785747566,1,31.850337982177734,32.13930130004883,0.08412694763225148,0.026441775261417305,0.017502204411314316
1777979247.5172987,0.3,0.1799675037872201,0.49848697293824745,1,47.730207443237305,48.105716705322266,0.08521544792498256,0.02646831188917774,0.02048662949208613
1777979247.5453048,0.3,0.1793365936797965,0.5008808561264143,1,25.23040771484375,25.514841079711914,0.08653005506700417,0.025837401781754143,0.022880512680253005
1777979247.5979245,0.3,0.17818851478848582,0.5019755458477664,1,27.79555320739746,28.04708480834961,0.08751765682088414,0.024689322890443455,0.023975202401605
1777979247.647829,0.3,0.1750751119959768,0.5022767295223677,1,27.60457992553711,27.91905403137207,0.08748617188990071,0.021575920097934437,0.02427638607620631
1777979247.6948864,0.3,0.17291235956122836,0.5012244761136254,1,24.571895599365234,24.878978729248047,0.08728403490467374,0.019413167663186,0.02322413266746406
1777979247.745769,0.3,0.1708118351115106,0.4995136754256331,1,25.439739227294922,25.675535202026367,0.0873595750885196,0.017312643213468232,0.021513331979471743
1777979247.7924118,0.3,0.16896279779827672,0.4969167230529141,1,22.032737731933594,22.283554077148438,0.08743191285597607,0.015463605900234337,0.018916379606752784
1777979247.8488781,0.3,0.16581299963131202,0.49146848548202227,1,28.362512588500977,28.649091720581055,0.08748667109261615,0.01231380773326965,0.013468142035860949
1777979247.893748,0.3,0.16486197167304972,0.488695804385852,1,23.166179656982422,23.452043533325195,0.0881069973543418,0.011362779775007353,0.010695460939690645
1777979247.9438267,0.3,0.16344636133294788,0.48679018967435866,1,23.195743560791016,23.445844650268555,0.08780262700931496,0.0099471694349055,0.00878984622819733
1777979247.998588,0.3,0.16156826236872715,0.48548962055837963,1,27.813434600830078,28.096914291381836,0.08679885614433042,0.008069070470684787,0.007489277112218289
1777979248.0612142,0.3,0.15906176164081107,0.4833447690649315,1,40.3139591217041,40.59267044067383,0.08463058947913754,0.005562569742768697,0.005344425618770198
1777979248.0935202,0.2995723818860455,0.1584058696358231,0.4824856424031214,1,22.497177124023438,22.75991439819336,0.08357238188750266,0.004906677737780717,0.004485298956960095
1777979248.147407,0.2992085957988434,0.15845549795004865,0.4814695556712776,1,26.29995346069336,26.571273803710938,0.08320859580030054,0.004956306052006282,0.0034692122251162444
1777979248.1987088,0.29926136702554873,0.15897793887419817,0.48044531809486274,1,27.519702911376953,27.806520462036133,0.0832613670270059,0.005478746976155802,0.002444974648701439
1777979248.2578497,0.2978169878810797,0.1589496417015,0.479413820995096,1,36.28230094909668,36.864280700683594,0.08181698788253683,0.005450449803457644,0.0014134775489346822
1777979248.293591,0.297297246189873,0.15892594532019866,0.47875887788845517,1,22.322893142700195,22.533416748046875,0.08129724619133016,0.005426753422156302,0.0007585344422938525
1777979248.3493662,0.2974029664912876,0.15908775422270194,0.4778248360312095,1,27.419328689575195,27.667522430419922,0.08140296649274478,0.0055885623246595545,-0.00017550741495181432
1777979248.3998613,0.29767046601368663,0.15940546053787202,0.4766863244433999,1,27.4808406829834,27.707576751708984,0.08167046601514377,0.005906268639829654,-0.001314019002761381
1777979248.4436667,0.2982906330369613,0.1605471921401429,0.47352705930902583,1,21.1942195892334,21.440744400024414,0.08229063303841844,0.007048000242100533,-0.0044732841371354914
1777979248.4901044,0.29719169631662823,0.160658651395364,0.4725927883003341,1,17.578840255737305,17.830610275268555,0.08119169631808537,0.007159459497321628,-0.0054075551458272475
1777979248.5553036,0.29546083632356107,0.16050845328616772,0.47213138665610316,1,32.666683197021484,32.91821479797363,0.07946083632501821,0.007009261388125361,-0.0058689567900581455
1777979248.5917804,0.2934167061092699,0.16043057230056837,0.47167784154982423,1,19.06442642211914,19.31619644165039,0.07741670611072704,0.006931380402525993,-0.0063225018963370995
1777979248.6490476,0.2890054518896532,0.16006169739884935,0.47003137930190936,1,26.249170303344727,26.489973068237305,0.07300545189111035,0.0065625055008069755,-0.007968964144251953
1777979248.6990788,0.28689514555731466,0.16002031383120638,0.46818692653951866,1,23.876190185546875,24.258852005004883,0.07089514555877183,0.006521121933164016,-0.009813416906642669
1777979248.7540715,0.2832694677321813,0.15947998830636928,0.4663717359673993,1,26.832103729248047,27.08745002746582,0.06726946773363845,0.005980796408326924,-0.011628607478762019
1777979248.8073587,0.27751739018492944,0.15796358640851876,0.4645625727847512,1,28.385400772094727,28.637409210205078,0.06151739018638658,0.004464394510476394,-0.013437770661410102
1777979248.854292,0.2646151057564,0.15362664295781384,0.4618008995291083,1,25.093793869018555,25.433778762817383,0.04861510575785716,0.0001274510597714662,-0.016199443917053004
1777979248.9143577,0.25981543157196074,0.15189491723745135,0.4610941750086895,1,34.745216369628906,35.185813903808594,0.04381543157341786,-0.0016042746605910083,-0.016906168437471843
1777979248.9620976,0.25307060418166405,0.1497091613655729,0.4617687831602944,1,32.59992599487305,32.86623954772949,0.03707060418312119,-0.003790030532469464,-0.01623156028586694
1777979249.0015483,0.24041677472220924,0.14637004672127096,0.46607140366429795,1,21.96645736694336,22.224903106689453,0.02441677472366638,-0.0071291451767714065,-0.011928939781863358
1777979249.0493805,0.23578591935120485,0.14541173181044104,0.46766131023847324,1,19.713878631591797,19.96922492980957,0.019785919352661996,-0.008087460087601334,-0.0103390332076881
1777979249.10201,0.23131336012768122,0.14481339352386108,0.46948092872459646,1,22.03083038330078,22.32980728149414,0.015313360129138365,-0.008685798374181306,-0.008519414721564863
1777979249.1592321,0.22723342304597519,0.1443510779527774,0.4716186873428375,1,29.13188934326172,29.4036865234375,0.011233423047432328,-0.009148113945264977,-0.006381656103323811
1777979249.2124274,0.2201945860527599,0.14401758274130497,0.4733615269895447,1,32.254934310913086,32.50741958618164,0.004194586054217048,-0.009481609156737403,-0.004638816456616644
1777979249.4610724,0.203391298926454,0.13992698015668942,0.4698086701677009,1,28.486013412475586,28.708696365356445,-0.012608701072088863,-0.013572211741352938,-0.008191673278460404
1777979249.510692,0.20183301261162398,0.13929316529765817,0.4699264480270703,1,24.7344970703125,25.01702308654785,-0.014166987386918878,-0.014206026600384211,-0.008073895419091062
1777979249.5666225,0.20120153565280252,0.13878767711647164,0.46990366672787787,1,27.12702751159668,28.354883193969727,-0.01479846434574035,-0.014711514781570727,-0.008096676718283437
1777979249.6120203,0.201628489094859,0.13791485140631143,0.469770162958104,1,23.415088653564453,23.684263229370117,-0.014371510903683854,-0.015584340491730943,-0.008230180488057369
1777979249.671893,0.20262272822811817,0.13743656447296673,0.46939876404895825,1,32.98234939575195,33.464670181274414,-0.013377271770424692,-0.016062627425075637,-0.008601579397203067
1777979249.7096949,0.20359562591374245,0.13686975083429162,0.4693147920062095,1,20.94864845275879,21.190166473388672,-0.012404374084800412,-0.016629441063750756,-0.008685551439951783
1777979249.7627614,0.2048215319495477,0.13604495541143174,0.4691621510945914,1,23.81443977355957,23.99301528930664,-0.011178468048995166,-0.017454236486610618,-0.00883819235156992
1777979249.8096938,0.20506579008942377,0.1357153044661223,0.46871368517823364,1,20.548582077026367,20.81465721130371,-0.0109342099091191,-0.017783887431920067,-0.00928665826792767
1777979249.876633,0.20523271882699715,0.13563142580292803,0.4677457893726436,1,37.39666938781738,37.676095962524414,-0.010767281171545712,-0.017867766095114354,-0.01025455407351774
1777979249.9114115,0.20534973971835704,0.13588753669040432,0.4663747219218564,1,22.02296257019043,22.34935760498047,-0.010650260280185814,-0.017611655207638056,-0.011625621524304915
1777979249.97668,0.20558585810018679,0.13644505467437115,0.4644605710403432,1,37.2772216796875,37.55640983581543,-0.010414141898356072,-0.017054137223671217,-0.013539772405818093
1777979250.011831,0.20659193524729447,0.13786621765388776,0.45849071566345534,1,22.2780704498291,22.629737854003906,-0.00940806475124839,-0.015632974244154614,-0.019509627782706006
1777979250.0666451,0.20738394820601014,0.13880770796155334,0.4546597366259203,1,27.08148956298828,27.359962463378906,-0.00861605179253272,-0.014691483936489023,-0.02334060682024102
1777979250.121285,0.2084134471271522,0.1396741916170311,0.4503167142414944,1,31.51845932006836,31.797170639038086,-0.007586552871390637,-0.013825000281011274,-0.02768362920466693
1777979250.1626575,0.20985553785743677,0.14036710896716065,0.44167690924339076,1,22.890806198120117,23.16117286682129,-0.006144462141106075,-0.013132082930881708,-0.036323434202770545
1777979250.218142,0.2106818643309685,0.1400616467878425,0.4392094763092389,1,28.277158737182617,28.52773666381836,-0.0053181356675743585,-0.013437545110199872,-0.03879086713692245
1777979250.268661,0.21186526503529907,0.1394819471638773,0.43611532062657526,1,28.699636459350586,28.95975112915039,-0.004134734963243805,-0.014017244734165088,-0.04188502281958608
1777979250.335674,0.2136550544196616,0.1385527657994724,0.43175084913786477,1,45.380353927612305,45.78542709350586,-0.0023449455788812634,-0.014946426098569984,-0.04624949430829658
1777979250.3661501,0.21959197469368297,0.13640744713369,0.4199988068775013,1,25.86197853088379,26.16119384765625,0.00359197469514011,-0.017091744764352372,-0.05800153656866001
1777979250.424549,0.22287868839714342,0.13507058650608367,0.4139982255521355,1,34.18707847595215,34.45243835449219,0.006878688398600563,-0.01842860539195869,-0.06400211789402582
1777979250.4641793,0.2260865596548836,0.13375183002293975,0.408057174147345,1,23.755550384521484,23.99611473083496,0.010086559656340754,-0.019747361875102613,-0.06994316929881636
1777979250.5190759,0.2285716669850108,0.13264674345492794,0.40273493766197765,1,28.562545776367188,28.83434295654297,0.012571666986467944,-0.020852448443114444,-0.07526540578418367
1777979250.5718203,0.23213149032674452,0.12974512203772276,0.3935700681760894,1,31.182527542114258,31.443119049072266,0.01613149032820166,-0.023754069860319613,-0.08443027527007188
1777979250.6271834,0.23279392332937232,0.12802288631498612,0.39069039360489377,1,36.46373748779297,36.72909736633301,0.016793923330829463,-0.02547630558305624,-0.08730994984126755
1777979250.6661377,0.2336675238887476,0.12613948272450104,0.3880894875080533,1,25.175809860229492,25.585174560546875,0.017667523890204734,-0.027359709173541327,-0.08991085593810805
1777979250.711077,0.2347692533836313,0.12455334124406763,0.3852259966284809,1,20.204782485961914,20.444154739379883,0.018769253385088447,-0.028945850653974745,-0.0927743468176804
1777979250.7579067,0.23765030465897902,0.12242747256794984,0.3814072233599145,1,16.98589324951172,17.22097396850586,0.02165030466043616,-0.031071719330092527,-0.09659312008624682
1777979250.806494,0.23921341260976947,0.12192069370773197,0.3802120762499569,1,15.451908111572266,15.708684921264648,0.023213412611226614,-0.0315784981903104,-0.0977882671962044
1777979250.857944,0.2406055290890905,0.12163809665726516,0.3795757212836175,1,16.890764236450195,17.10987091064453,0.02460552909054764,-0.0318610952407772,-0.0984246221625438
1777979250.912024,0.24163346027343235,0.12151710647339822,0.37981125117352466,1,20.821571350097656,21.07095718383789,0.025633460274889497,-0.03198208542464415,-0.09818909227263667
1777979250.9575145,0.2440151114047684,0.12202379022130933,0.3783736805082034,1,16.2355899810791,16.498565673828125,0.028015111406225535,-0.031475401676733045,-0.09962666293795794
1777979251.008038,0.24542215711509305,0.12268762676596093,0.37630961502452803,1,16.709327697753906,16.947269439697266,0.02942215711655019,-0.03081156513208145,-0.10169072842163329
1777979251.0586102,0.24648296662769725,0.1235383871620615,0.37428717004646234,1,17.19379425048828,17.449617385864258,0.030482966629154395,-0.029960804735980874,-0.10371317339969899
